{"type": "FeatureCollection","features": [{"type": "Feature", "geometry": {"type":"Point","coordinates":[106.9344675,-6.2562936]}, "properties": {"osm_id": 8716467897, "osm_type": "nodes", "capacity": null, "name": "Rumah Belajar Persada", "amenity": "school", "isced_level": null}},{"type": "Feature", "geometry": {"type":"Point","coordinates":[106.9915019,-6.3364074]}, "properties": {"osm_id": 10951121950, "osm_type": "nodes", "capacity": null, "name": "SMA Negeri 22 Bekasi", "amenity": "school", "isced_level": null}},{"type": "Feature", "geometry": {"type":"Point","coordinates":[106.9889,-6.3678]}, "properties": {"osm_id": 13438938587, "osm_type": "nodes", "capacity": null, "name": "SD Bintang Timur", "amenity": "school", "isced_level": null}},{"type": "Feature", "geometry": {"type":"Point","coordinates":[106.9864,-6.3673]}, "properties": {"osm_id": 13438938591, "osm_type": "nodes", "capacity": null, "name": "SMP Plus Fajar Sentosa", "amenity": "school", "isced_level": null}},{"type": "Feature", "geometry": {"type":"Point","coordinates":[106.9904,-6.373]}, "properties": {"osm_id": 13438938594, "osm_type": "nodes", "capacity": null, "name": "SDS It Bina Prestasi", "amenity": "school", "isced_level": null}},{"type": "Feature", "geometry": {"type":"Point","coordinates":[106.9813016,-6.1760998]}, "properties": {"osm_id": 10951121940, "osm_type": "nodes", "capacity": null, "name": "SMA Negeri 10 Bekasi", "amenity": "school", "isced_level": null}},{"type": "Feature", "geometry": {"type":"Point","coordinates":[106.9368831,-6.3629525]}, "properties": {"osm_id": 10570715329, "osm_type": "nodes", "capacity": null, "name": "SDN Jatirangga 4", "amenity": "school", "isced_level": null}},{"type": "Feature", "geometry": {"type":"Point","coordinates":[106.9408,-6.3823]}, "properties": {"osm_id": 13438938280, "osm_type": "nodes", "capacity": null, "name": "SD Negeri Nagrak 05", "amenity": "school", "isced_level": null}},{"type": "Feature", "geometry": {"type":"Point","coordinates":[106.9375,-6.3824]}, "properties": {"osm_id": 13438938281, "osm_type": "nodes", "capacity": null, "name": "SMPS Granada", "amenity": "school", "isced_level": null}},{"type": "Feature", "geometry": {"type":"Point","coordinates":[106.9441,-6.3812]}, "properties": {"osm_id": 13438938284, "osm_type": "nodes", "capacity": null, "name": "SMAS Pm At Taqwa", "amenity": "school", "isced_level": null}},{"type": "Feature", "geometry": {"type":"Point","coordinates":[106.9442,-6.3809]}, "properties": {"osm_id": 13438938299, "osm_type": "nodes", "capacity": null, "name": "SMP Pesantren Modern At Taqwa", "amenity": "school", "isced_level": null}},{"type": "Feature", "geometry": {"type":"Point","coordinates":[106.9803471,-6.2960306]}, "properties": {"osm_id": 11279187664, "osm_type": "nodes", "capacity": null, "name": "SDN Bojong Menteng I", "amenity": "school", "isced_level": null}},{"type": "Feature", "geometry": {"type":"Point","coordinates":[106.9668,-6.3241]}, "properties": {"osm_id": 13438937918, "osm_type": "nodes", "capacity": null, "name": "SD Negeri Bojong Kulur 03", "amenity": "school", "isced_level": null}},{"type": "Feature", "geometry": {"type":"Point","coordinates":[106.9727,-6.329]}, "properties": {"osm_id": 13438937923, "osm_type": "nodes", "capacity": null, "name": "SD Generasi Azkia", "amenity": "school", "isced_level": null}},{"type": "Feature", "geometry": {"type":"Point","coordinates":[106.9758,-6.3135]}, "properties": {"osm_id": 13438937924, "osm_type": "nodes", "capacity": null, "name": "SD Daar El-salam", "amenity": "school", "isced_level": null}},{"type": "Feature", "geometry": {"type":"Point","coordinates":[107.0360473,-6.2376477]}, "properties": {"osm_id": 13722869765, "osm_type": "nodes", "capacity": null, "name": "SMAN 18 Kota Bekasi", "amenity": "school", "isced_level": null}},{"type": "Feature", "geometry": {"type":"Point","coordinates":[106.9738816,-6.2810883]}, "properties": {"osm_id": 10951121937, "osm_type": "nodes", "capacity": null, "name": "SMA Negeri 6 Bekasi", "amenity": "school", "isced_level": null}},{"type": "Feature", "geometry": {"type":"Point","coordinates":[106.9752407,-6.2662659]}, "properties": {"osm_id": 10951121934, "osm_type": "nodes", "capacity": null, "name": "SMA Negeri 3 Bekasi", "amenity": "school", "isced_level": null}},{"type": "Feature", "geometry": {"type":"Point","coordinates":[106.9645546,-6.2569167]}, "properties": {"osm_id": 2323138584, "osm_type": "nodes", "capacity": null, "name": "SDN Jakasetia", "amenity": "school", "isced_level": null}},{"type": "Feature", "geometry": {"type":"Point","coordinates":[106.9720125,-6.3015109]}, "properties": {"osm_id": 10951121932, "osm_type": "nodes", "capacity": null, "name": "SMA Negeri 21 Bekasi", "amenity": "school", "isced_level": null}},{"type": "Feature", "geometry": {"type":"Point","coordinates":[106.9497446,-6.3203398]}, "properties": {"osm_id": 2640697800, "osm_type": "nodes", "capacity": null, "name": "SD Jatiluhur 1", "amenity": "school", "isced_level": null}},{"type": "Feature", "geometry": {"type":"Point","coordinates":[106.9701,-6.3256]}, "properties": {"osm_id": 13438937911, "osm_type": "nodes", "capacity": null, "name": "SMKS Bit Bina Aulia", "amenity": "school", "isced_level": null}},{"type": "Feature", "geometry": {"type":"Point","coordinates":[106.9717,-6.3243]}, "properties": {"osm_id": 13438937914, "osm_type": "nodes", "capacity": null, "name": "SDS Alam Terpadu Bambu Item", "amenity": "school", "isced_level": null}},{"type": "Feature", "geometry": {"type":"Point","coordinates":[106.969,-6.3196]}, "properties": {"osm_id": 13438937925, "osm_type": "nodes", "capacity": null, "name": "SDS Ima Ar-royyan Bani Sarmadiyah", "amenity": "school", "isced_level": null}},{"type": "Feature", "geometry": {"type":"Point","coordinates":[106.9633,-6.3304]}, "properties": {"osm_id": 13438937927, "osm_type": "nodes", "capacity": null, "name": "SMPIT Citra Harapan", "amenity": "school", "isced_level": null}},{"type": "Feature", "geometry": {"type":"Point","coordinates":[106.972979,-6.321807]}, "properties": {"osm_id": 13438937928, "osm_type": "nodes", "capacity": null, "name": "SDIT Insan Mulia", "amenity": "school", "isced_level": null}},{"type": "Feature", "geometry": {"type":"Point","coordinates":[106.966096,-6.319866]}, "properties": {"osm_id": 13438937930, "osm_type": "nodes", "capacity": null, "name": "SDI Al-kautsar", "amenity": "school", "isced_level": null}},{"type": "Feature", "geometry": {"type":"Point","coordinates":[106.9725827,-6.2225917]}, "properties": {"osm_id": 10951121942, "osm_type": "nodes", "capacity": null, "name": "SMA Negeri 12 Bekasi", "amenity": "school", "isced_level": null}},{"type": "Feature", "geometry": {"type":"Point","coordinates":[106.9996183,-6.178976]}, "properties": {"osm_id": 8494188300, "osm_type": "nodes", "capacity": null, "name": "Yayasan Persada Plus Galajuara", "amenity": "school", "isced_level": null}},{"type": "Feature", "geometry": {"type":"Point","coordinates":[107.0589839,-6.261183]}, "properties": {"osm_id": 10745282322, "osm_type": "nodes", "capacity": null, "name": "SMAS Pusaka Nusantara 2", "amenity": "school", "isced_level": null}},{"type": "Feature", "geometry": {"type":"Point","coordinates":[107.0597886,-6.26338]}, "properties": {"osm_id": 10745282323, "osm_type": "nodes", "capacity": null, "name": "SMPN 1 Tambun Selatan", "amenity": "school", "isced_level": null}},{"type": "Feature", "geometry": {"type":"Point","coordinates":[106.9570362,-6.3594472]}, "properties": {"osm_id": 13438909279, "osm_type": "nodes", "capacity": null, "name": "SMA Quran Asy Syahid", "amenity": "school", "isced_level": null}},{"type": "Feature", "geometry": {"type":"Point","coordinates":[106.9499,-6.3645]}, "properties": {"osm_id": 13438909283, "osm_type": "nodes", "capacity": null, "name": "SDS Mentari", "amenity": "school", "isced_level": null}},{"type": "Feature", "geometry": {"type":"Point","coordinates":[106.957,-6.3594]}, "properties": {"osm_id": 13438909284, "osm_type": "nodes", "capacity": null, "name": "SMP Quran Asy Syahid", "amenity": "school", "isced_level": null}},{"type": "Feature", "geometry": {"type":"Point","coordinates":[106.9570837,-6.3595252]}, "properties": {"osm_id": 13438909287, "osm_type": "nodes", "capacity": null, "name": "SD Quran Asy Syahid", "amenity": "school", "isced_level": null}},{"type": "Feature", "geometry": {"type":"Point","coordinates":[106.9567,-6.3678]}, "properties": {"osm_id": 13438909288, "osm_type": "nodes", "capacity": null, "name": "SDS Kristen Penabur Kota Wisata", "amenity": "school", "isced_level": null}},{"type": "Feature", "geometry": {"type":"Point","coordinates":[106.9457,-6.3696]}, "properties": {"osm_id": 13438909290, "osm_type": "nodes", "capacity": null, "name": "SD Negeri. Ciangsana 04", "amenity": "school", "isced_level": null}},{"type": "Feature", "geometry": {"type":"Point","coordinates":[106.9479,-6.3712]}, "properties": {"osm_id": 13438909291, "osm_type": "nodes", "capacity": null, "name": "SD Pilar Indonesia", "amenity": "school", "isced_level": null}},{"type": "Feature", "geometry": {"type":"Point","coordinates":[106.9616,-6.3458]}, "properties": {"osm_id": 13438909295, "osm_type": "nodes", "capacity": null, "name": "SMP Bina Pendidikan", "amenity": "school", "isced_level": null}},{"type": "Feature", "geometry": {"type":"Point","coordinates":[106.9616,-6.3461]}, "properties": {"osm_id": 13438909300, "osm_type": "nodes", "capacity": null, "name": "SMKS Bina Pendidikan 2 Bogor", "amenity": "school", "isced_level": null}},{"type": "Feature", "geometry": {"type":"Point","coordinates":[106.9505,-6.3554]}, "properties": {"osm_id": 13438935803, "osm_type": "nodes", "capacity": null, "name": "SDS Plus Hang Tuah 7", "amenity": "school", "isced_level": null}},{"type": "Feature", "geometry": {"type":"Point","coordinates":[106.961211,-6.3656039]}, "properties": {"osm_id": 13438935805, "osm_type": "nodes", "capacity": null, "name": "SMP Brighton", "amenity": "school", "isced_level": null}},{"type": "Feature", "geometry": {"type":"Point","coordinates":[106.9627,-6.3426]}, "properties": {"osm_id": 13438935808, "osm_type": "nodes", "capacity": null, "name": "SD Negeri Ciangsana 03", "amenity": "school", "isced_level": null}},{"type": "Feature", "geometry": {"type":"Point","coordinates":[106.9611,-6.366]}, "properties": {"osm_id": 13438935814, "osm_type": "nodes", "capacity": null, "name": "SD Abc Kids", "amenity": "school", "isced_level": null}},{"type": "Feature", "geometry": {"type":"Point","coordinates":[106.9676,-6.3753]}, "properties": {"osm_id": 13438938096, "osm_type": "nodes", "capacity": null, "name": "SDS Darul Hikam", "amenity": "school", "isced_level": null}},{"type": "Feature", "geometry": {"type":"Point","coordinates":[106.9752,-6.3659]}, "properties": {"osm_id": 13438938098, "osm_type": "nodes", "capacity": null, "name": "SDI Nurul Fatimah", "amenity": "school", "isced_level": null}},{"type": "Feature", "geometry": {"type":"Point","coordinates":[106.9782979,-6.3657641]}, "properties": {"osm_id": 13438938105, "osm_type": "nodes", "capacity": null, "name": "SMKS Fajar Sentosa", "amenity": "school", "isced_level": null}},{"type": "Feature", "geometry": {"type":"Point","coordinates":[107.036024,-6.2375803]}, "properties": {"osm_id": 10951121948, "osm_type": "nodes", "capacity": null, "name": "SMA Negeri 18 Bekasi", "amenity": "school", "isced_level": null}},{"type": "Feature", "geometry": {"type":"Point","coordinates":[107.0350327,-6.2093396]}, "properties": {"osm_id": 5057829995, "osm_type": "nodes", "capacity": null, "name": "SD Negeri Karangsatria 01", "amenity": "school", "isced_level": null}},{"type": "Feature", "geometry": {"type":"Point","coordinates":[107.0342025,-6.2227611]}, "properties": {"osm_id": 5057830063, "osm_type": "nodes", "capacity": null, "name": "SDS Al Huda", "amenity": "school", "isced_level": null}},{"type": "Feature", "geometry": {"type":"Point","coordinates":[107.0465085,-6.2315109]}, "properties": {"osm_id": 5057830101, "osm_type": "nodes", "capacity": null, "name": "SD Karangsatria 03", "amenity": "school", "isced_level": null}},{"type": "Feature", "geometry": {"type":"Point","coordinates":[106.9500963,-6.3203754]}, "properties": {"osm_id": 2640697845, "osm_type": "nodes", "capacity": null, "name": "SD Jatiluhur 4", "amenity": "school", "isced_level": null}},{"type": "Feature", "geometry": {"type":"Point","coordinates":[106.9504,-6.3632]}, "properties": {"osm_id": 13438909292, "osm_type": "nodes", "capacity": null, "name": "SD Negeri 1 Ciangsana", "amenity": "school", "isced_level": null}},{"type": "Feature", "geometry": {"type":"Point","coordinates":[106.9481,-6.3712]}, "properties": {"osm_id": 13438909297, "osm_type": "nodes", "capacity": null, "name": "SMAS Pilar Indonesia;SMP Pilar Indonesia", "amenity": "school", "isced_level": null}},{"type": "Feature", "geometry": {"type":"Point","coordinates":[106.9659,-6.3365]}, "properties": {"osm_id": 13438935802, "osm_type": "nodes", "capacity": null, "name": "SD Swasta Citra Harapan", "amenity": "school", "isced_level": null}},{"type": "Feature", "geometry": {"type":"Point","coordinates":[106.9573,-6.3643]}, "properties": {"osm_id": 13438935810, "osm_type": "nodes", "capacity": null, "name": "SMA Negeri 2 Gunung Putri", "amenity": "school", "isced_level": null}},{"type": "Feature", "geometry": {"type":"Point","coordinates":[106.9719,-6.3084]}, "properties": {"osm_id": 13438937922, "osm_type": "nodes", "capacity": null, "name": "SMP Harapan Bunda", "amenity": "school", "isced_level": null}},{"type": "Feature", "geometry": {"type":"Point","coordinates":[106.9696169,-6.3099455]}, "properties": {"osm_id": 13438937929, "osm_type": "nodes", "capacity": null, "name": "SMPIT Bait Qur Ani Boarding School", "amenity": "school", "isced_level": null}},{"type": "Feature", "geometry": {"type":"Point","coordinates":[106.9886,-6.3671]}, "properties": {"osm_id": 13438938589, "osm_type": "nodes", "capacity": null, "name": "SD Muhamadiyah 02", "amenity": "school", "isced_level": null}},{"type": "Feature", "geometry": {"type":"Point","coordinates":[106.9873,-6.369]}, "properties": {"osm_id": 13438938590, "osm_type": "nodes", "capacity": null, "name": "SDS Khalifah", "amenity": "school", "isced_level": null}},{"type": "Feature", "geometry": {"type":"Point","coordinates":[106.9888,-6.3669]}, "properties": {"osm_id": 13438938600, "osm_type": "nodes", "capacity": null, "name": "SMP Muhammadiyah 2 Cileungsi", "amenity": "school", "isced_level": null}},{"type": "Feature", "geometry": {"type":"Point","coordinates":[106.9901,-6.3638]}, "properties": {"osm_id": 13438938601, "osm_type": "nodes", "capacity": null, "name": "SMPS Amal Mulia 2", "amenity": "school", "isced_level": null}},{"type": "Feature", "geometry": {"type":"Point","coordinates":[106.8999365,-6.2885386]}, "properties": {"osm_id": 5026203676, "osm_type": "nodes", "capacity": null, "name": "SD Negeri Lubang Buaya 05 Pagi", "amenity": "school", "isced_level": null}},{"type": "Feature", "geometry": {"type":"Point","coordinates":[106.9181862,-6.2850521]}, "properties": {"osm_id": 1570399308, "osm_type": "nodes", "capacity": null, "name": "SDN Poncol", "amenity": "school", "isced_level": null}},{"type": "Feature", "geometry": {"type":"Point","coordinates":[106.9891254,-6.3035282]}, "properties": {"osm_id": 9736240163, "osm_type": "nodes", "capacity": null, "name": "TK - SD - SMP Santa Lusia Bekasi", "amenity": "school", "isced_level": null}},{"type": "Feature", "geometry": {"type":"Point","coordinates":[106.9643085,-6.293643]}, "properties": {"osm_id": 1838704861, "osm_type": "nodes", "capacity": null, "name": "SD Jatiasih 4, 5, 6", "amenity": "school", "isced_level": null}},{"type": "Feature", "geometry": {"type":"Point","coordinates":[106.9890326,-6.2772566]}, "properties": {"osm_id": 2696044248, "osm_type": "nodes", "capacity": null, "name": "Sekolah Victory Plus", "amenity": "school", "isced_level": null}},{"type": "Feature", "geometry": {"type":"Point","coordinates":[106.9831365,-6.213462]}, "properties": {"osm_id": 10951121935, "osm_type": "nodes", "capacity": null, "name": "SMA Negeri 4 Bekasi", "amenity": "school", "isced_level": null}},{"type": "Feature", "geometry": {"type":"Point","coordinates":[106.9671381,-6.2849228]}, "properties": {"osm_id": 2641716479, "osm_type": "nodes", "capacity": null, "name": "SD Jatiasih 10", "amenity": "school", "isced_level": null}},{"type": "Feature", "geometry": {"type":"Point","coordinates":[106.9671596,-6.2845437]}, "properties": {"osm_id": 2641716763, "osm_type": "nodes", "capacity": null, "name": "SD Jatiasih 11", "amenity": "school", "isced_level": null}},{"type": "Feature", "geometry": {"type":"Point","coordinates":[106.9668572,-6.2854406]}, "properties": {"osm_id": 2641715802, "osm_type": "nodes", "capacity": null, "name": "SD Jatiasih 8", "amenity": "school", "isced_level": null}},{"type": "Feature", "geometry": {"type":"Point","coordinates":[106.993554,-6.2865266]}, "properties": {"osm_id": 11259585277, "osm_type": "nodes", "capacity": null, "name": "SDN Bojong Rawalumbu XIII", "amenity": "school", "isced_level": null}},{"type": "Feature", "geometry": {"type":"Point","coordinates":[106.9671333,-6.2851733]}, "properties": {"osm_id": 2641715838, "osm_type": "nodes", "capacity": null, "name": "SD Jatiasih 9", "amenity": "school", "isced_level": null}},{"type": "Feature", "geometry": {"type":"Point","coordinates":[106.9643864,-6.339161]}, "properties": {"osm_id": 13438909299, "osm_type": "nodes", "capacity": null, "name": "SMP An Nahl Islamic School", "amenity": "school", "isced_level": null}},{"type": "Feature", "geometry": {"type":"Point","coordinates":[106.9643,-6.3393]}, "properties": {"osm_id": 13438935807, "osm_type": "nodes", "capacity": null, "name": "SD An Nahl Islamic School", "amenity": "school", "isced_level": null}},{"type": "Feature", "geometry": {"type":"Point","coordinates":[106.9759,-6.3136]}, "properties": {"osm_id": 13438937908, "osm_type": "nodes", "capacity": null, "name": "SMA Daar El-salam", "amenity": "school", "isced_level": null}},{"type": "Feature", "geometry": {"type":"Point","coordinates":[106.9687,-6.3091]}, "properties": {"osm_id": 13438937910, "osm_type": "nodes", "capacity": null, "name": "SDI Terpadu Bait Qurani", "amenity": "school", "isced_level": null}},{"type": "Feature", "geometry": {"type":"Point","coordinates":[106.9719,-6.3089]}, "properties": {"osm_id": 13438937913, "osm_type": "nodes", "capacity": null, "name": "SDS Ramadanthy", "amenity": "school", "isced_level": null}},{"type": "Feature", "geometry": {"type":"Point","coordinates":[106.9682,-6.3305]}, "properties": {"osm_id": 13438937917, "osm_type": "nodes", "capacity": null, "name": "SD Negeri Bojong Kulur 02", "amenity": "school", "isced_level": null}},{"type": "Feature", "geometry": {"type":"Point","coordinates":[106.9718,-6.3313]}, "properties": {"osm_id": 13438937921, "osm_type": "nodes", "capacity": null, "name": "SMAS Labs School Kaizen", "amenity": "school", "isced_level": null}},{"type": "Feature", "geometry": {"type":"Point","coordinates":[106.9688,-6.3142]}, "properties": {"osm_id": 13438937932, "osm_type": "nodes", "capacity": null, "name": "SD Swasta Harapan Bunda", "amenity": "school", "isced_level": null}},{"type": "Feature", "geometry": {"type":"Point","coordinates":[106.955408,-6.365995]}, "properties": {"osm_id": 13438909280, "osm_type": "nodes", "capacity": null, "name": "SD Fajar Hidayah", "amenity": "school", "isced_level": null}},{"type": "Feature", "geometry": {"type":"Point","coordinates":[106.9633,-6.3442]}, "properties": {"osm_id": 13438909281, "osm_type": "nodes", "capacity": null, "name": "SMP Teruna Muda School", "amenity": "school", "isced_level": null}},{"type": "Feature", "geometry": {"type":"Point","coordinates":[106.961,-6.3444]}, "properties": {"osm_id": 13438909282, "osm_type": "nodes", "capacity": null, "name": "SMP Negeri 3 Gunungputri", "amenity": "school", "isced_level": null}},{"type": "Feature", "geometry": {"type":"Point","coordinates":[106.9611,-6.3466]}, "properties": {"osm_id": 13438909285, "osm_type": "nodes", "capacity": null, "name": "SMKS Bina Pendidikan 3 Bogor", "amenity": "school", "isced_level": null}},{"type": "Feature", "geometry": {"type":"Point","coordinates":[106.9554,-6.3659]}, "properties": {"osm_id": 13438909286, "osm_type": "nodes", "capacity": null, "name": "SMAS Fajar Hidayah", "amenity": "school", "isced_level": null}},{"type": "Feature", "geometry": {"type":"Point","coordinates":[106.960766,-6.358648]}, "properties": {"osm_id": 13438909293, "osm_type": "nodes", "capacity": null, "name": "SD Iqro", "amenity": "school", "isced_level": null}},{"type": "Feature", "geometry": {"type":"Point","coordinates":[106.9532,-6.366]}, "properties": {"osm_id": 13438935806, "osm_type": "nodes", "capacity": null, "name": "SD Nasional Plus Acikita", "amenity": "school", "isced_level": null}},{"type": "Feature", "geometry": {"type":"Point","coordinates":[106.952,-6.3677]}, "properties": {"osm_id": 13438935811, "osm_type": "nodes", "capacity": null, "name": "SD Negeri Ciangsana 02", "amenity": "school", "isced_level": null}},{"type": "Feature", "geometry": {"type":"Point","coordinates":[106.9744,-6.3648]}, "properties": {"osm_id": 13438938093, "osm_type": "nodes", "capacity": null, "name": "SMP Al Imam Islamic School", "amenity": "school", "isced_level": null}},{"type": "Feature", "geometry": {"type":"Point","coordinates":[106.9783,-6.3603]}, "properties": {"osm_id": 13438938100, "osm_type": "nodes", "capacity": null, "name": "SD Negeri Limusnunggal 03", "amenity": "school", "isced_level": null}},{"type": "Feature", "geometry": {"type":"Point","coordinates":[106.9698,-6.375]}, "properties": {"osm_id": 13438938104, "osm_type": "nodes", "capacity": null, "name": "SD Negeri Limusnunggal 01", "amenity": "school", "isced_level": null}},{"type": "Feature", "geometry": {"type":"Point","coordinates":[106.9669,-6.3736]}, "properties": {"osm_id": 13438938106, "osm_type": "nodes", "capacity": null, "name": "SMK N 1 Cileungsi", "amenity": "school", "isced_level": null}},{"type": "Feature", "geometry": {"type":"Point","coordinates":[106.9989462,-6.2599928]}, "properties": {"osm_id": 11040050771, "osm_type": "nodes", "capacity": null, "name": "STIE Tri Bhakti", "amenity": "university", "isced_level": null}},{"type": "Feature", "geometry": {"type":"Point","coordinates":[107.0049732,-6.2681288]}, "properties": {"osm_id": 10951121943, "osm_type": "nodes", "capacity": null, "name": "SMA Negeri 13 Bekasi", "amenity": "school", "isced_level": null}},{"type": "Feature", "geometry": {"type":"Point","coordinates":[106.989247,-6.2922364]}, "properties": {"osm_id": 11955845886, "osm_type": "nodes", "capacity": null, "name": "SDIT Lab School Istec", "amenity": "school", "isced_level": null}},{"type": "Feature", "geometry": {"type":"Point","coordinates":[107.0003175,-6.28456]}, "properties": {"osm_id": 11699068515, "osm_type": "nodes", "capacity": null, "name": "Bani Saleh", "amenity": "school", "isced_level": null}},{"type": "Feature", "geometry": {"type":"Point","coordinates":[107.0054684,-6.2715453]}, "properties": {"osm_id": 11257105022, "osm_type": "nodes", "capacity": null, "name": "SMP/MTs Nurul Ikhlas", "amenity": "school", "isced_level": null}},{"type": "Feature", "geometry": {"type":"Point","coordinates":[107.0421125,-6.1634462]}, "properties": {"osm_id": 1766084747, "osm_type": "nodes", "capacity": null, "name": "SMPN 1 Babelan", "amenity": "school", "isced_level": null}},{"type": "Feature", "geometry": {"type":"Point","coordinates":[107.0190667,-6.2599461]}, "properties": {"osm_id": 9737275759, "osm_type": "nodes", "capacity": null, "name": "STIE Mulia Pratama", "amenity": "school", "isced_level": null}},{"type": "Feature", "geometry": {"type":"Point","coordinates":[106.9783332,-6.1808593]}, "properties": {"osm_id": 4258052889, "osm_type": "nodes", "capacity": null, "name": "Lazuardi Al Kaffah", "amenity": "school", "isced_level": null}},{"type": "Feature", "geometry": {"type":"Point","coordinates":[107.0053599,-6.3512757]}, "properties": {"osm_id": 4267876222, "osm_type": "nodes", "capacity": null, "name": "SDN Sumur Batu 1", "amenity": "school", "isced_level": null}},{"type": "Feature", "geometry": {"type":"Point","coordinates":[107.0349774,-6.3179396]}, "properties": {"osm_id": 9756292019, "osm_type": "nodes", "capacity": null, "name": "SMP Islam Assuryaniyah", "amenity": "school", "isced_level": null}},{"type": "Feature", "geometry": {"type":"Point","coordinates":[106.9759889,-6.3241564]}, "properties": {"osm_id": 9612394306, "osm_type": "nodes", "capacity": null, "name": "Sekolah Bunda", "amenity": "school", "isced_level": null}},{"type": "Feature", "geometry": {"type":"Point","coordinates":[106.9399566,-6.3513138]}, "properties": {"osm_id": 2641721577, "osm_type": "nodes", "capacity": null, "name": "SD Jatisari 1", "amenity": "school", "isced_level": null}},{"type": "Feature", "geometry": {"type":"Point","coordinates":[106.9399657,-6.343616]}, "properties": {"osm_id": 10951121941, "osm_type": "nodes", "capacity": null, "name": "SMA Negeri 11 Bekasi", "amenity": "school", "isced_level": null}},{"type": "Feature", "geometry": {"type":"Point","coordinates":[106.9251461,-6.3435293]}, "properties": {"osm_id": 4047308532, "osm_type": "nodes", "capacity": null, "name": "Labschool Cibubur", "amenity": "school", "isced_level": null}},{"type": "Feature", "geometry": {"type":"Point","coordinates":[106.922217,-6.2737094]}, "properties": {"osm_id": 10951121936, "osm_type": "nodes", "capacity": null, "name": "SMA Negeri 5 Bekasi", "amenity": "school", "isced_level": null}},{"type": "Feature", "geometry": {"type":"Point","coordinates":[107.0411856,-6.224513]}, "properties": {"osm_id": 5057830081, "osm_type": "nodes", "capacity": null, "name": "SMK Athena", "amenity": "school", "isced_level": null}},{"type": "Feature", "geometry": {"type":"Point","coordinates":[107.035368,-6.2209172]}, "properties": {"osm_id": 5057829986, "osm_type": "nodes", "capacity": null, "name": "SLB B dan C Kristen Ephphatha Indonesia", "amenity": "school", "isced_level": null}},{"type": "Feature", "geometry": {"type":"Point","coordinates":[107.0440489,-6.2188455]}, "properties": {"osm_id": 5057829979, "osm_type": "nodes", "capacity": null, "name": "SMP Satria Nusantara", "amenity": "school", "isced_level": null}},{"type": "Feature", "geometry": {"type":"Point","coordinates":[107.0440154,-6.2189215]}, "properties": {"osm_id": 5057830049, "osm_type": "nodes", "capacity": null, "name": "SMK Satria Nusantara", "amenity": "school", "isced_level": null}},{"type": "Feature", "geometry": {"type":"Point","coordinates":[107.0331269,-6.217303]}, "properties": {"osm_id": 5057830024, "osm_type": "nodes", "capacity": null, "name": "SD Negeri Karangsatria 04", "amenity": "school", "isced_level": null}},{"type": "Feature", "geometry": {"type":"Point","coordinates":[107.0439403,-6.2183562]}, "properties": {"osm_id": 5057830050, "osm_type": "nodes", "capacity": null, "name": "SD Negeri Karangsatria 05", "amenity": "school", "isced_level": null}},{"type": "Feature", "geometry": {"type":"Point","coordinates":[107.001988,-6.2225321]}, "properties": {"osm_id": 10873445166, "osm_type": "nodes", "capacity": null, "name": "SMPK Penabur Summarecon Bekasi", "amenity": "school", "isced_level": null}},{"type": "Feature", "geometry": {"type":"Point","coordinates":[107.0041498,-6.2213067]}, "properties": {"osm_id": 10848291439, "osm_type": "nodes", "capacity": null, "name": "SMP PGRI Astra Insani", "amenity": "school", "isced_level": null}},{"type": "Feature", "geometry": {"type":"Point","coordinates":[107.0043704,-6.2209689]}, "properties": {"osm_id": 10848291438, "osm_type": "nodes", "capacity": null, "name": "SMA PGRI 2 Bekasi", "amenity": "school", "isced_level": null}},{"type": "Feature", "geometry": {"type":"Point","coordinates":[107.000859,-6.1721135]}, "properties": {"osm_id": 8494153755, "osm_type": "nodes", "capacity": null, "name": "SDN Setia Asih 02-06", "amenity": "school", "isced_level": null}},{"type": "Feature", "geometry": {"type":"Point","coordinates":[107.0153607,-6.2063138]}, "properties": {"osm_id": 4240910820, "osm_type": "nodes", "capacity": null, "name": "BSI SQUARE Kaliabang Bekasi", "amenity": "university", "isced_level": null}},{"type": "Feature", "geometry": {"type":"Point","coordinates":[107.0506324,-6.2329547]}, "properties": {"osm_id": 5057829932, "osm_type": "nodes", "capacity": null, "name": "SMA Negeri 2 Tambun Utara", "amenity": "school", "isced_level": null}},{"type": "Feature", "geometry": {"type":"Point","coordinates":[107.0447946,-6.233324]}, "properties": {"osm_id": 5057829980, "osm_type": "nodes", "capacity": null, "name": "SMP Negeri 3 Tambun Utara", "amenity": "school", "isced_level": null}},{"type": "Feature", "geometry": {"type":"Point","coordinates":[106.9488148,-6.3113699]}, "properties": {"osm_id": 2640568016, "osm_type": "nodes", "capacity": null, "name": "MtsN 2 Bekasi", "amenity": "school", "isced_level": null}},{"type": "Feature", "geometry": {"type":"Point","coordinates":[106.9315798,-6.3106591]}, "properties": {"osm_id": 10951121946, "osm_type": "nodes", "capacity": null, "name": "SMA Negeri 16 Bekasi", "amenity": "school", "isced_level": null}},{"type": "Feature", "geometry": {"type":"Point","coordinates":[106.9796783,-6.3487915]}, "properties": {"osm_id": 10951121945, "osm_type": "nodes", "capacity": null, "name": "SMA Negeri 15 Bekasi", "amenity": "school", "isced_level": null}},{"type": "Feature", "geometry": {"type":"Point","coordinates":[106.9465826,-6.3418625]}, "properties": {"osm_id": 7819553592, "osm_type": "nodes", "capacity": null, "name": "SD NABILA", "amenity": "school", "isced_level": null}},{"type": "Feature", "geometry": {"type":"Point","coordinates":[107.0296021,-6.2964787]}, "properties": {"osm_id": 9835105460, "osm_type": "nodes", "capacity": null, "name": "SMA Daya Utama", "amenity": "school", "isced_level": null}},{"type": "Feature", "geometry": {"type":"Point","coordinates":[107.0299802,-6.2964701]}, "properties": {"osm_id": 9835105459, "osm_type": "nodes", "capacity": null, "name": "SMP Daya Utama", "amenity": "school", "isced_level": null}},{"type": "Feature", "geometry": {"type":"Point","coordinates":[107.0296631,-6.2960908]}, "properties": {"osm_id": 9835105461, "osm_type": "nodes", "capacity": null, "name": "SMK Daya Utama", "amenity": "school", "isced_level": null}},{"type": "Feature", "geometry": {"type":"Point","coordinates":[107.0190519,-6.3037945]}, "properties": {"osm_id": 7139354451, "osm_type": "nodes", "capacity": null, "name": "Titian Ilmu", "amenity": "school", "isced_level": null}},{"type": "Feature", "geometry": {"type":"Point","coordinates":[107.0200002,-6.2738302]}, "properties": {"osm_id": 4243820200, "osm_type": "nodes", "capacity": null, "name": "Universitas Satya Negara Indonesia (Kampus B USNI)", "amenity": "university", "isced_level": null}},{"type": "Feature", "geometry": {"type":"Point","coordinates":[107.0055551,-6.271299]}, "properties": {"osm_id": 11257105021, "osm_type": "nodes", "capacity": null, "name": "SD/MI Nurul Ikhlas", "amenity": "school", "isced_level": null}},{"type": "Feature", "geometry": {"type":"Point","coordinates":[106.9580452,-6.2322013]}, "properties": {"osm_id": 6534958454, "osm_type": "nodes", "capacity": null, "name": "SMKS Bina Mandiri", "amenity": "school", "isced_level": null}},{"type": "Feature", "geometry": {"type":"Point","coordinates":[106.9903338,-6.2010845]}, "properties": {"osm_id": 10951121931, "osm_type": "nodes", "capacity": null, "name": "SMA Negeri 20 Bekasi", "amenity": "school", "isced_level": null}},{"type": "Feature", "geometry": {"type":"Point","coordinates":[107.0305032,-6.2961571]}, "properties": {"osm_id": 11274577822, "osm_type": "nodes", "capacity": null, "name": "SDN Mustikajaya III", "amenity": "school", "isced_level": null}},{"type": "Feature", "geometry": {"type":"Point","coordinates":[107.0292243,-6.2191827]}, "properties": {"osm_id": 12827585723, "osm_type": "nodes", "capacity": null, "name": "SBS YES BEKASI / SAGA LIFESCHOOL", "amenity": "school", "isced_level": null}},{"type": "Feature", "geometry": {"type":"Point","coordinates":[107.0117591,-6.2457362]}, "properties": {"osm_id": 9737272457, "osm_type": "nodes", "capacity": null, "name": "SMA Swasta Bani Saleh Bekasi", "amenity": "school", "isced_level": null}},{"type": "Feature", "geometry": {"type":"Point","coordinates":[106.9499237,-6.319605]}, "properties": {"osm_id": 2640698605, "osm_type": "nodes", "capacity": null, "name": "SD Jatiluhur 3", "amenity": "school", "isced_level": null}},{"type": "Feature", "geometry": {"type":"Point","coordinates":[106.948393,-6.3204434]}, "properties": {"osm_id": 2640698684, "osm_type": "nodes", "capacity": null, "name": "Tarbiyatul Falah", "amenity": "school", "isced_level": null}},{"type": "Feature", "geometry": {"type":"Point","coordinates":[106.9447005,-6.3396518]}, "properties": {"osm_id": 2640371378, "osm_type": "nodes", "capacity": null, "name": "SD Strada", "amenity": "school", "isced_level": null}},{"type": "Feature", "geometry": {"type":"Point","coordinates":[106.9503177,-6.3195661]}, "properties": {"osm_id": 2640698573, "osm_type": "nodes", "capacity": null, "name": "SD Jatiluhur 2", "amenity": "school", "isced_level": null}},{"type": "Feature", "geometry": {"type":"Point","coordinates":[106.9570262,-6.2290272]}, "properties": {"osm_id": 6534921461, "osm_type": "nodes", "capacity": null, "name": "SMK Negeri 1 Kota Bekasi", "amenity": "school", "isced_level": null}},{"type": "Feature", "geometry": {"type":"Point","coordinates":[106.9565109,-6.2293952]}, "properties": {"osm_id": 7419257136, "osm_type": "nodes", "capacity": null, "name": "SDN BINTARA IV", "amenity": "school", "isced_level": null}},{"type": "Feature", "geometry": {"type":"Point","coordinates":[106.9564144,-6.2295658]}, "properties": {"osm_id": 7419257137, "osm_type": "nodes", "capacity": null, "name": "SDN BINTARA 5", "amenity": "school", "isced_level": null}},{"type": "Feature", "geometry": {"type":"Point","coordinates":[106.9876189,-6.2329645]}, "properties": {"osm_id": 9752863308, "osm_type": "nodes", "capacity": null, "name": "SMA Martia Bhakti", "amenity": "school", "isced_level": null}},{"type": "Feature", "geometry": {"type":"Point","coordinates":[106.9486966,-6.3172507]}, "properties": {"osm_id": 12349677687, "osm_type": "nodes", "capacity": null, "name": "KB TK Nisrina", "amenity": "school", "isced_level": null}},{"type": "Feature", "geometry": {"type":"Point","coordinates":[106.9892464,-6.2978134]}, "properties": {"osm_id": 11878549873, "osm_type": "nodes", "capacity": null, "name": "SDN Bojong Menteng IV", "amenity": "school", "isced_level": null}},{"type": "Feature", "geometry": {"type":"Point","coordinates":[107.0078169,-6.2366461]}, "properties": {"osm_id": 12420391640, "osm_type": "nodes", "capacity": null, "name": "SMA Muhammadiyah 9 Bekasi", "amenity": "school", "isced_level": null}},{"type": "Feature", "geometry": {"type":"Point","coordinates":[106.991662,-6.2788153]}, "properties": {"osm_id": 11699116330, "osm_type": "nodes", "capacity": null, "name": "SDN Bojong Rawalumbu I", "amenity": "school", "isced_level": null}},{"type": "Feature", "geometry": {"type":"Point","coordinates":[107.000001,-6.2843867]}, "properties": {"osm_id": 11699068514, "osm_type": "nodes", "capacity": null, "name": "SDN Bojong Rawalumbu XI", "amenity": "school", "isced_level": null}},{"type": "Feature", "geometry": {"type":"Point","coordinates":[107.0116533,-6.231684]}, "properties": {"osm_id": 12420388542, "osm_type": "nodes", "capacity": null, "name": "SMA KORPRI BEKASI", "amenity": "school", "isced_level": null}},{"type": "Feature", "geometry": {"type":"Point","coordinates":[107.01083,-6.2277661]}, "properties": {"osm_id": 12420273302, "osm_type": "nodes", "capacity": null, "name": "MtsN 1 Bekasi", "amenity": "school", "isced_level": null}},{"type": "Feature", "geometry": {"type":"Point","coordinates":[107.0182823,-6.2290333]}, "properties": {"osm_id": 9752885174, "osm_type": "nodes", "capacity": null, "name": "SMA Swasta Global Persada Mandiri", "amenity": "school", "isced_level": null}},{"type": "Feature", "geometry": {"type":"Point","coordinates":[106.9368859,-6.3630606]}, "properties": {"osm_id": 10570715328, "osm_type": "nodes", "capacity": null, "name": "SDN Jatirangga 1", "amenity": "school", "isced_level": null}},{"type": "Feature", "geometry": {"type":"Point","coordinates":[107.0338739,-6.2227971]}, "properties": {"osm_id": 5057830068, "osm_type": "nodes", "capacity": null, "name": "SD Negeri Karangsatria 02", "amenity": "school", "isced_level": null}},{"type": "Feature", "geometry": {"type":"Point","coordinates":[107.0411333,-6.2244636]}, "properties": {"osm_id": 5057830082, "osm_type": "nodes", "capacity": null, "name": "SMP Athena", "amenity": "school", "isced_level": null}},{"type": "Feature", "geometry": {"type":"Point","coordinates":[107.0186634,-6.2673062]}, "properties": {"osm_id": 6841413254, "osm_type": "nodes", "capacity": null, "name": "SMAN 6 Tambun Selatan", "amenity": "school", "isced_level": null}},{"type": "Feature", "geometry": {"type":"Point","coordinates":[107.0219079,-6.290537]}, "properties": {"osm_id": 3423427017, "osm_type": "nodes", "capacity": null, "name": "SDN Mustikajaya 5", "amenity": "school", "isced_level": null}},{"type": "Feature", "geometry": {"type":"Point","coordinates":[106.9656317,-6.2546314]}, "properties": {"osm_id": 2323138587, "osm_type": "nodes", "capacity": null, "name": null, "amenity": "school", "isced_level": null}},{"type": "Feature", "geometry": {"type":"Point","coordinates":[107.036653,-6.2211863]}, "properties": {"osm_id": 12695993824, "osm_type": "nodes", "capacity": null, "name": "SD Nufa", "amenity": "school", "isced_level": null}},{"type": "Feature", "geometry": {"type":"Point","coordinates":[107.0351719,-6.2089643]}, "properties": {"osm_id": 5057829958, "osm_type": "nodes", "capacity": null, "name": "SMP At Taqwa 11", "amenity": "school", "isced_level": null}},{"type": "Feature", "geometry": {"type":"Point","coordinates":[106.999751,-6.2878807]}, "properties": {"osm_id": 11269394424, "osm_type": "nodes", "capacity": null, "name": "SMK PGRI Rawalumbu", "amenity": "school", "isced_level": null}},{"type": "Feature", "geometry": {"type":"Point","coordinates":[106.9994174,-6.2994978]}, "properties": {"osm_id": 11187196149, "osm_type": "nodes", "capacity": null, "name": "SDN Mustikasari 1", "amenity": "school", "isced_level": null}},{"type": "Feature", "geometry": {"type":"Point","coordinates":[107.0295928,-6.3068911]}, "properties": {"osm_id": 4440521543, "osm_type": "nodes", "capacity": null, "name": "Sekolah Dasar Alam Pertiwi", "amenity": "school", "isced_level": null}},{"type": "Feature", "geometry": {"type":"Point","coordinates":[107.0099645,-6.290065]}, "properties": {"osm_id": 3423426463, "osm_type": "nodes", "capacity": null, "name": "SMP-SMA Proklamasi 1945", "amenity": "school", "isced_level": null}},{"type": "Feature", "geometry": {"type":"Point","coordinates":[106.9824282,-6.2658892]}, "properties": {"osm_id": 10951121938, "osm_type": "nodes", "capacity": null, "name": "SMA Negeri 8 Bekasi", "amenity": "school", "isced_level": null}},{"type": "Feature", "geometry": {"type":"Point","coordinates":[106.9422,-6.384]}, "properties": {"osm_id": 13438938288, "osm_type": "nodes", "capacity": null, "name": "SMAS Yapisa", "amenity": "school", "isced_level": null}},{"type": "Feature", "geometry": {"type":"Point","coordinates":[106.9613,-6.3462]}, "properties": {"osm_id": 13438909294, "osm_type": "nodes", "capacity": null, "name": "SMAS Bina Pendidikan 2", "amenity": "school", "isced_level": null}},{"type": "Feature", "geometry": {"type":"Point","coordinates":[106.9594,-6.3656]}, "properties": {"osm_id": 13438935801, "osm_type": "nodes", "capacity": null, "name": "SDS Teruna Muda", "amenity": "school", "isced_level": null}},{"type": "Feature", "geometry": {"type":"Point","coordinates":[106.9515,-6.3641]}, "properties": {"osm_id": 13438935809, "osm_type": "nodes", "capacity": null, "name": "SMP Hang Tuah 4", "amenity": "school", "isced_level": null}},{"type": "Feature", "geometry": {"type":"Point","coordinates":[106.9559,-6.3662]}, "properties": {"osm_id": 13438935812, "osm_type": "nodes", "capacity": null, "name": "SMP Sit Fajar Hidayah", "amenity": "school", "isced_level": null}},{"type": "Feature", "geometry": {"type":"Point","coordinates":[106.9756,-6.3614]}, "properties": {"osm_id": 13438938092, "osm_type": "nodes", "capacity": null, "name": "SD Nurul Hikmah", "amenity": "school", "isced_level": null}},{"type": "Feature", "geometry": {"type":"Point","coordinates":[106.9808,-6.3777]}, "properties": {"osm_id": 13438938598, "osm_type": "nodes", "capacity": null, "name": "SD Negeri Pasirangin 03", "amenity": "school", "isced_level": null}},{"type": "Feature", "geometry": {"type":"Point","coordinates":[106.9831714,-6.3730557]}, "properties": {"osm_id": 13438938599, "osm_type": "nodes", "capacity": null, "name": "SDS Nurul Islam", "amenity": "school", "isced_level": null}},{"type": "Feature", "geometry": {"type":"Point","coordinates":[106.9203736,-6.3283428]}, "properties": {"osm_id": 13564035900, "osm_type": "nodes", "capacity": null, "name": "Sekolah Murid Merdeka", "amenity": "school", "isced_level": null}},{"type": "Feature", "geometry": {"type":"Point","coordinates":[106.9637764,-6.270596]}, "properties": {"osm_id": 10951121947, "osm_type": "nodes", "capacity": null, "name": "SMA Negeri 17 Bekasi", "amenity": "school", "isced_level": null}},{"type": "Feature", "geometry": {"type":"Point","coordinates":[106.9650273,-6.2918301]}, "properties": {"osm_id": 1838706097, "osm_type": "nodes", "capacity": null, "name": "SMP 9 Bekasi", "amenity": "school", "isced_level": null}},{"type": "Feature", "geometry": {"type":"Point","coordinates":[107.0047025,-6.1809479]}, "properties": {"osm_id": 8272404444, "osm_type": "nodes", "capacity": null, "name": "SDN Kaliabang Tengah VIII", "amenity": "school", "isced_level": null}},{"type": "Feature", "geometry": {"type":"Point","coordinates":[107.0019923,-6.2228443]}, "properties": {"osm_id": 10873445165, "osm_type": "nodes", "capacity": null, "name": "SDK Penabur Summarecon Bekasi", "amenity": "school", "isced_level": null}},{"type": "Feature", "geometry": {"type":"Point","coordinates":[107.0019859,-6.2222411]}, "properties": {"osm_id": 10873445167, "osm_type": "nodes", "capacity": null, "name": "SMAK Penabur Summarecon Bekasi", "amenity": "school", "isced_level": null}},{"type": "Feature", "geometry": {"type":"Point","coordinates":[107.0014755,-6.2960955]}, "properties": {"osm_id": 10255697986, "osm_type": "nodes", "capacity": null, "name": null, "amenity": "school", "isced_level": null}},{"type": "Feature", "geometry": {"type":"Point","coordinates":[106.9945139,-6.2921379]}, "properties": {"osm_id": 11259606503, "osm_type": "nodes", "capacity": null, "name": "SDN Bojong Rawalumbu II", "amenity": "school", "isced_level": null}},{"type": "Feature", "geometry": {"type":"Point","coordinates":[106.9719686,-6.331253]}, "properties": {"osm_id": 2795666336, "osm_type": "nodes", "capacity": null, "name": "KAIZEN Lab. School", "amenity": "school", "isced_level": null}},{"type": "Feature", "geometry": {"type":"Point","coordinates":[106.9709085,-6.3170809]}, "properties": {"osm_id": 2640576843, "osm_type": "nodes", "capacity": null, "name": "Sekolah Alam", "amenity": "school", "isced_level": null}},{"type": "Feature", "geometry": {"type":"Point","coordinates":[106.9455407,-6.3395191]}, "properties": {"osm_id": 2640371022, "osm_type": "nodes", "capacity": null, "name": "SD jatisari 2", "amenity": "school", "isced_level": null}},{"type": "Feature", "geometry": {"type":"Point","coordinates":[106.957884,-6.377122]}, "properties": {"osm_id": 13438909289, "osm_type": "nodes", "capacity": null, "name": "SD Pelangi Nusantara", "amenity": "school", "isced_level": null}},{"type": "Feature", "geometry": {"type":"Point","coordinates":[106.9627,-6.349]}, "properties": {"osm_id": 13438909296, "osm_type": "nodes", "capacity": null, "name": "SMP K Penabur Kotawisata;SMA Kristen Penabur Kota Wisata", "amenity": "school", "isced_level": null}},{"type": "Feature", "geometry": {"type":"Point","coordinates":[106.966528,-6.33864]}, "properties": {"osm_id": 13438909298, "osm_type": "nodes", "capacity": null, "name": "SDIT Faza", "amenity": "school", "isced_level": null}},{"type": "Feature", "geometry": {"type":"Point","coordinates":[106.9562,-6.3589]}, "properties": {"osm_id": 13438935804, "osm_type": "nodes", "capacity": null, "name": "SD Negeri 5 Ciangsana", "amenity": "school", "isced_level": null}},{"type": "Feature", "geometry": {"type":"Point","coordinates":[106.9683,-6.3366]}, "properties": {"osm_id": 13438935813, "osm_type": "nodes", "capacity": null, "name": "SMPS Ananda;SDS Ananda", "amenity": "school", "isced_level": null}},{"type": "Feature", "geometry": {"type":"Point","coordinates":[106.9756,-6.3137]}, "properties": {"osm_id": 13438937907, "osm_type": "nodes", "capacity": null, "name": "SMP Daar El-salam", "amenity": "school", "isced_level": null}},{"type": "Feature", "geometry": {"type":"Point","coordinates":[106.9648,-6.3335]}, "properties": {"osm_id": 13438937909, "osm_type": "nodes", "capacity": null, "name": "SMP Generasi Rabbani", "amenity": "school", "isced_level": null}},{"type": "Feature", "geometry": {"type":"Point","coordinates":[106.9686,-6.3168]}, "properties": {"osm_id": 13438937916, "osm_type": "nodes", "capacity": null, "name": "SD Negeri Bojong Kulur 01", "amenity": "school", "isced_level": null}},{"type": "Feature", "geometry": {"type":"Point","coordinates":[106.9691,-6.3087]}, "properties": {"osm_id": 13438937919, "osm_type": "nodes", "capacity": null, "name": "SD Negeri Bojong Kulur 04", "amenity": "school", "isced_level": null}},{"type": "Feature", "geometry": {"type":"Point","coordinates":[106.9717,-6.3313]}, "properties": {"osm_id": 13438937926, "osm_type": "nodes", "capacity": null, "name": "SMP Labs School Kaizen", "amenity": "school", "isced_level": null}},{"type": "Feature", "geometry": {"type":"Point","coordinates":[106.9709,-6.3168]}, "properties": {"osm_id": 13438937933, "osm_type": "nodes", "capacity": null, "name": "SD Alam Bojong Kulur", "amenity": "school", "isced_level": null}},{"type": "Feature", "geometry": {"type":"Point","coordinates":[106.9743,-6.3645]}, "properties": {"osm_id": 13438938094, "osm_type": "nodes", "capacity": null, "name": "SD Al Imam Islamic School", "amenity": "school", "isced_level": null}},{"type": "Feature", "geometry": {"type":"Point","coordinates":[106.9708,-6.3585]}, "properties": {"osm_id": 13438938095, "osm_type": "nodes", "capacity": null, "name": "SDS Tabita", "amenity": "school", "isced_level": null}},{"type": "Feature", "geometry": {"type":"Point","coordinates":[106.9897,-6.3679]}, "properties": {"osm_id": 13438938592, "osm_type": "nodes", "capacity": null, "name": "SMP Bintang Timur", "amenity": "school", "isced_level": null}},{"type": "Feature", "geometry": {"type":"Point","coordinates":[107.0112395,-6.2268058]}, "properties": {"osm_id": 4245939145, "osm_type": "nodes", "capacity": null, "name": "SMA Negeri 1 Bekasi", "amenity": "school", "isced_level": null}},{"type": "Feature", "geometry": {"type":"Point","coordinates":[107.0019311,-6.2207449]}, "properties": {"osm_id": 10873445169, "osm_type": "nodes", "capacity": null, "name": "SMPI Al-Azhar 31", "amenity": "school", "isced_level": null}},{"type": "Feature", "geometry": {"type":"Point","coordinates":[107.0019611,-6.22096]}, "properties": {"osm_id": 10873445168, "osm_type": "nodes", "capacity": null, "name": "SMAI Al-Azhar 8", "amenity": "school", "isced_level": null}},{"type": "Feature", "geometry": {"type":"Point","coordinates":[107.0019342,-6.2203318]}, "properties": {"osm_id": 10873445170, "osm_type": "nodes", "capacity": null, "name": "SDI Al-Azhar 44", "amenity": "school", "isced_level": null}},{"type": "Feature", "geometry": {"type":"Point","coordinates":[107.0306719,-6.2948864]}, "properties": {"osm_id": 10951121939, "osm_type": "nodes", "capacity": null, "name": "SMA Negeri 9 Bekasi", "amenity": "school", "isced_level": null}},{"type": "Feature", "geometry": {"type":"Point","coordinates":[106.9214112,-6.366388]}, "properties": {"osm_id": 3737595765, "osm_type": "nodes", "capacity": null, "name": "SMA Negeri 7 Bekasi", "amenity": "school", "isced_level": null}},{"type": "Feature", "geometry": {"type":"Point","coordinates":[106.951,-6.3776]}, "properties": {"osm_id": 13438938290, "osm_type": "nodes", "capacity": null, "name": "SD Negeri Nagrak 04", "amenity": "school", "isced_level": null}},{"type": "Feature", "geometry": {"type":"Point","coordinates":[106.9903,-6.3748]}, "properties": {"osm_id": 13438938597, "osm_type": "nodes", "capacity": null, "name": "SMP Negeri 3 Cileungsi", "amenity": "school", "isced_level": null}},{"type": "Feature", "geometry": {"type":"Point","coordinates":[106.9894,-6.3671]}, "properties": {"osm_id": 13438938603, "osm_type": "nodes", "capacity": null, "name": "SD Negeri Cinyosog 02", "amenity": "school", "isced_level": null}},{"type": "Feature", "geometry": {"type":"Point","coordinates":[107.0066696,-6.1819968]}, "properties": {"osm_id": 12695995799, "osm_type": "nodes", "capacity": null, "name": "smp 3 babelan", "amenity": "school", "isced_level": null}},{"type": "Feature", "geometry": {"type":"Point","coordinates":[107.0085493,-6.1968841]}, "properties": {"osm_id": 10951121944, "osm_type": "nodes", "capacity": null, "name": "SMA Negeri 14 Bekasi", "amenity": "school", "isced_level": null}},{"type": "Feature", "geometry": {"type":"Point","coordinates":[106.9863835,-6.1869606]}, "properties": {"osm_id": 13286832460, "osm_type": "nodes", "capacity": null, "name": "Global Insani Islamic School", "amenity": "school", "isced_level": null}},{"type": "Feature", "geometry": {"type":"Point","coordinates":[107.029209,-6.2190128]}, "properties": {"osm_id": 12827589120, "osm_type": "nodes", "capacity": null, "name": "PKBM ALAM JINGGA", "amenity": "school", "isced_level": null}},{"type": "Feature", "geometry": {"type":"Point","coordinates":[107.0272106,-6.2194279]}, "properties": {"osm_id": 12827599452, "osm_type": "nodes", "capacity": null, "name": "TK ALAM SAGA", "amenity": "school", "isced_level": null}},{"type": "Feature", "geometry": {"type":"Point","coordinates":[106.9995908,-6.3103777]}, "properties": {"osm_id": 10951121949, "osm_type": "nodes", "capacity": null, "name": "SMA Negeri 19 Bekasi", "amenity": "school", "isced_level": null}},{"type": "Feature", "geometry": {"type":"Point","coordinates":[106.9648,-6.3332]}, "properties": {"osm_id": 13438937912, "osm_type": "nodes", "capacity": null, "name": "SDS Generasi Rabbani", "amenity": "school", "isced_level": null}},{"type": "Feature", "geometry": {"type":"Point","coordinates":[106.9692,-6.3211]}, "properties": {"osm_id": 13438937920, "osm_type": "nodes", "capacity": null, "name": "SDS It Al Hamidiyyah", "amenity": "school", "isced_level": null}},{"type": "Feature", "geometry": {"type":"Point","coordinates":[106.9761,-6.3241]}, "properties": {"osm_id": 13438937931, "osm_type": "nodes", "capacity": null, "name": "SD Bunda;SMAS Bunda;SMP Bunda", "amenity": "school", "isced_level": null}},{"type": "Feature", "geometry": {"type":"Point","coordinates":[107.0499954,-6.2369302]}, "properties": {"osm_id": 5057830102, "osm_type": "nodes", "capacity": null, "name": "SD Plus Al Fathonah Mardlotilla", "amenity": "school", "isced_level": null}},{"type": "Feature", "geometry": {"type":"Point","coordinates":[106.9251156,-6.3482453]}, "properties": {"osm_id": 8383156512, "osm_type": "nodes", "capacity": null, "name": "Yayasan Quantum Idea", "amenity": "school", "isced_level": null}},{"type": "Feature", "geometry": {"type":"Point","coordinates":[107.0342723,-6.2227985]}, "properties": {"osm_id": 5057829953, "osm_type": "nodes", "capacity": null, "name": "SMPS Al Huda", "amenity": "school", "isced_level": null}},{"type": "Feature", "geometry": {"type":"Point","coordinates":[107.0411548,-6.2244063]}, "properties": {"osm_id": 5057830083, "osm_type": "nodes", "capacity": null, "name": "SD Athena", "amenity": "school", "isced_level": null}},{"type": "Feature", "geometry": {"type":"Point","coordinates":[107.0224719,-6.2683125]}, "properties": {"osm_id": 6841413251, "osm_type": "nodes", "capacity": null, "name": "SMPN 4 Tambun Selatan", "amenity": "school", "isced_level": null}},{"type": "Feature", "geometry": {"type":"Polygon","coordinates":[[[106.9450721,-6.1820507],[106.9455884,-6.182137],[106.9456367,-6.1818857],[106.9454582,-6.1818514],[106.9455109,-6.1815812],[106.9451904,-6.181512],[106.9450721,-6.1820507]]]}, "properties": {"osm_id": 159941344, "osm_type": "ways_poly", "capacity": null, "name": "Yayasan Pendidikan Islam Al Akhyar SD, SMP, SMK", "amenity": "school", "isced_level": null}},{"type": "Feature", "geometry": {"type":"Polygon","coordinates":[[[107.0183751,-6.2027826],[107.0183966,-6.2031746],[107.0195177,-6.2031799],[107.0195763,-6.2030415],[107.0186621,-6.2027517],[107.0186567,-6.2027106],[107.0184153,-6.2027],[107.0183751,-6.2027826]]]}, "properties": {"osm_id": 768004185, "osm_type": "ways_poly", "capacity": null, "name": "SMKN 5 Bekasi", "amenity": "school", "isced_level": null}},{"type": "Feature", "geometry": {"type":"Polygon","coordinates":[[[106.9684238,-6.3045181],[106.9685335,-6.3045717],[106.9687937,-6.3040359],[106.9686815,-6.3039874],[106.9685896,-6.3041768],[106.9684238,-6.3045181]]]}, "properties": {"osm_id": 215886678, "osm_type": "ways_poly", "capacity": null, "name": "SMP Islam Al-Fajar", "amenity": "school", "isced_level": null}},{"type": "Feature", "geometry": {"type":"Polygon","coordinates":[[[106.9717273,-6.157452],[106.9717363,-6.1595041],[106.972873,-6.159542],[106.9729301,-6.1574698],[106.9717273,-6.157452]]]}, "properties": {"osm_id": 1230248638, "osm_type": "ways_poly", "capacity": null, "name": "Universitas Esa Unggul", "amenity": "university", "isced_level": null}},{"type": "Feature", "geometry": {"type":"Polygon","coordinates":[[[106.9974834,-6.2677106],[106.9977928,-6.2677592],[106.9978146,-6.2673989],[106.9975169,-6.2673762],[106.9974834,-6.2677106]]]}, "properties": {"osm_id": 545217897, "osm_type": "ways_poly", "capacity": null, "name": "SDN Sepanjang Jaya IV", "amenity": "school", "isced_level": null}},{"type": "Feature", "geometry": {"type":"Polygon","coordinates":[[[107.0083594,-6.2223612],[107.0086062,-6.2241903],[107.0088154,-6.224153],[107.0089914,-6.2245288],[107.0100868,-6.2235824],[107.0104623,-6.2233797],[107.0102868,-6.2219518],[107.0083594,-6.2223612]]]}, "properties": {"osm_id": 1013665631, "osm_type": "ways_poly", "capacity": null, "name": "Universitas Bhayangkara Jakarta Raya", "amenity": "university", "isced_level": null}},{"type": "Feature", "geometry": {"type":"Polygon","coordinates":[[[107.0064928,-6.2756287],[107.0067945,-6.2757287],[107.0069005,-6.2754381],[107.0065759,-6.2753048],[107.0064928,-6.2756287]]]}, "properties": {"osm_id": 929526821, "osm_type": "ways_poly", "capacity": null, "name": "Lembaga Pendidikan MMA", "amenity": "school", "isced_level": null}},{"type": "Feature", "geometry": {"type":"Polygon","coordinates":[[[106.9703518,-6.2482299],[106.9703526,-6.2491715],[106.9711175,-6.2491709],[106.9711167,-6.2482292],[106.9703518,-6.2482299]]]}, "properties": {"osm_id": 778724431, "osm_type": "ways_poly", "capacity": null, "name": "Universitas Gunadarma Kampus J1", "amenity": "university", "isced_level": null}},{"type": "Feature", "geometry": {"type":"Polygon","coordinates":[[[107.0039338,-6.255473],[107.0039607,-6.2555364],[107.0040929,-6.2556072],[107.0042868,-6.2556761],[107.0050814,-6.2559838],[107.0051272,-6.2558631],[107.0052542,-6.2554955],[107.005337,-6.255256],[107.0043349,-6.2549016],[107.0041819,-6.2550452],[107.0040701,-6.2553355],[107.0039338,-6.255473]]]}, "properties": {"osm_id": 333930989, "osm_type": "ways_poly", "capacity": null, "name": "SMP Negeri 2 Bekasi", "amenity": "school", "isced_level": null}},{"type": "Feature", "geometry": {"type":"Polygon","coordinates":[[[106.9394952,-6.3436794],[106.940719,-6.3444057],[106.9407973,-6.3442644],[106.9403668,-6.3439312],[106.940466,-6.3438206],[106.9402681,-6.3433838],[106.9399735,-6.3432408],[106.9400679,-6.3430613],[106.9399046,-6.3429512],[106.9394952,-6.3436794]]]}, "properties": {"osm_id": 258712487, "osm_type": "ways_poly", "capacity": null, "name": "SMAN 11 Bekasi", "amenity": "school", "isced_level": null}},{"type": "Feature", "geometry": {"type":"Polygon","coordinates":[[[107.0093062,-6.2765664],[107.0094806,-6.2766411],[107.0096438,-6.2764997],[107.009726,-6.2763011],[107.0095423,-6.2762345],[107.0094772,-6.2764318],[107.0093666,-6.2763798],[107.0093062,-6.2765664]]]}, "properties": {"osm_id": 499446567, "osm_type": "ways_poly", "capacity": null, "name": "Sekolah Melati Indoensia", "amenity": "school", "isced_level": null}},{"type": "Feature", "geometry": {"type":"Polygon","coordinates":[[[107.008875,-6.2825446],[107.0093485,-6.2825646],[107.0093873,-6.2825073],[107.0094692,-6.282486],[107.0095,-6.2824366],[107.0096006,-6.2824566],[107.0096757,-6.282382],[107.0096596,-6.2822607],[107.0096073,-6.2822327],[107.0096529,-6.282146],[107.0092734,-6.2819554],[107.0090695,-6.2823593],[107.0090212,-6.2823633],[107.0088992,-6.2823393],[107.008875,-6.2825446]]]}, "properties": {"osm_id": 930607480, "osm_type": "ways_poly", "capacity": null, "name": "SMPN 33 Bekasi", "amenity": "school", "isced_level": null}},{"type": "Feature", "geometry": {"type":"Polygon","coordinates":[[[107.0096723,-6.266704],[107.0097742,-6.2667293],[107.0098198,-6.2666973],[107.0098869,-6.2664387],[107.0097622,-6.2663974],[107.0096723,-6.266704]]]}, "properties": {"osm_id": 927214032, "osm_type": "ways_poly", "capacity": null, "name": "SDN Pengasinan I", "amenity": "school", "isced_level": null}},{"type": "Feature", "geometry": {"type":"Polygon","coordinates":[[[107.0117186,-6.2656134],[107.0118453,-6.2658948],[107.011981,-6.2658236],[107.0118566,-6.2655519],[107.0117186,-6.2656134]]]}, "properties": {"osm_id": 927228588, "osm_type": "ways_poly", "capacity": null, "name": "SDIT Al Aziiz", "amenity": "school", "isced_level": null}},{"type": "Feature", "geometry": {"type":"Polygon","coordinates":[[[107.0153073,-6.3244333],[107.0158535,-6.3245166],[107.0158826,-6.3242967],[107.0155949,-6.3242481],[107.0154971,-6.324233],[107.0154843,-6.3241832],[107.0153643,-6.3241751],[107.0153195,-6.3243291],[107.0153073,-6.3244333]]]}, "properties": {"osm_id": 906960670, "osm_type": "ways_poly", "capacity": null, "name": "SDN Cimuning 3", "amenity": "school", "isced_level": null}},{"type": "Feature", "geometry": {"type":"Polygon","coordinates":[[[106.8810796,-6.2592859],[106.8811761,-6.2593193],[106.8812979,-6.2592318],[106.8813458,-6.2591744],[106.8814542,-6.2590385],[106.8815194,-6.258934],[106.8815764,-6.2588407],[106.8816542,-6.2587155],[106.8816768,-6.2586849],[106.8816874,-6.2586636],[106.8817558,-6.2582666],[106.8811064,-6.2582034],[106.8810812,-6.2584763],[106.8812135,-6.2584865],[106.8811696,-6.2591571],[106.881097,-6.25915],[106.8810796,-6.2592859]]]}, "properties": {"osm_id": 155956745, "osm_type": "ways_poly", "capacity": null, "name": "SMA Negeri 9 Jakarta", "amenity": "school", "isced_level": null}},{"type": "Feature", "geometry": {"type":"Polygon","coordinates":[[[106.8878415,-6.2624213],[106.8880769,-6.2629747],[106.8882579,-6.2628986],[106.8882764,-6.262942],[106.888407,-6.262887],[106.8883723,-6.2628056],[106.8884444,-6.2627753],[106.8884079,-6.2626897],[106.8882949,-6.2627373],[106.8882632,-6.2626628],[106.8883332,-6.2626334],[106.88826,-6.2624614],[106.8881797,-6.2624952],[106.8881017,-6.2623119],[106.8878415,-6.2624213]]]}, "properties": {"osm_id": 155963030, "osm_type": "ways_poly", "capacity": null, "name": "Universitas Dirgantara Marsekal Suryadarma", "amenity": "university", "isced_level": null}},{"type": "Feature", "geometry": {"type":"Polygon","coordinates":[[[107.0026686,-6.2551557],[107.0030958,-6.255313],[107.0032914,-6.2548717],[107.0028194,-6.2546988],[107.0027664,-6.2548019],[107.0028096,-6.2548223],[107.0027524,-6.2549536],[107.0027278,-6.2550322],[107.0026686,-6.2551557]]]}, "properties": {"osm_id": 1209049681, "osm_type": "ways_poly", "capacity": null, "name": "SDN Margahayu VII", "amenity": "school", "isced_level": null}},{"type": "Feature", "geometry": {"type":"Polygon","coordinates":[[[107.0152634,-6.2588257],[107.0156451,-6.2589547],[107.0156352,-6.2589914],[107.0157458,-6.2590207],[107.0157615,-6.258962],[107.0160116,-6.2590283],[107.0160054,-6.2590515],[107.0163373,-6.2591395],[107.0164107,-6.2588657],[107.0160788,-6.2587777],[107.0160409,-6.2589191],[107.0157908,-6.2588528],[107.0158246,-6.258727],[107.015714,-6.2586977],[107.0156821,-6.2588169],[107.0153095,-6.258691],[107.0152634,-6.2588257]]]}, "properties": {"osm_id": 499506126, "osm_type": "ways_poly", "capacity": null, "name": "Yayasan Mandalahayu Bekasi", "amenity": "school", "isced_level": null}},{"type": "Feature", "geometry": {"type":"Polygon","coordinates":[[[107.0047653,-6.2580192],[107.0068708,-6.2587684],[107.007418,-6.2589523],[107.0079088,-6.2575752],[107.0066227,-6.2571353],[107.0053567,-6.2566847],[107.005179,-6.2569633],[107.0050496,-6.2571606],[107.0051904,-6.2572206],[107.0047653,-6.2580192]]]}, "properties": {"osm_id": 227762673, "osm_type": "ways_poly", "capacity": null, "name": "Universitas Islam 45", "amenity": "university", "isced_level": null}},{"type": "Feature", "geometry": {"type":"Polygon","coordinates":[[[107.0622358,-6.2408012],[107.0626381,-6.2408412],[107.0626567,-6.2406564],[107.0622544,-6.2406164],[107.0622358,-6.2408012]]]}, "properties": {"osm_id": 1049604745, "osm_type": "ways_poly", "capacity": null, "name": "SMK Yadika 13 Tambun", "amenity": "school", "isced_level": null}},{"type": "Feature", "geometry": {"type":"Polygon","coordinates":[[[107.0655797,-6.2726962],[107.065783,-6.272742],[107.0660072,-6.2727464],[107.06614,-6.2727232],[107.0662437,-6.2726857],[107.0662711,-6.2726758],[107.0666028,-6.2725625],[107.0666772,-6.272545],[107.0667212,-6.2723694],[107.0667656,-6.2722047],[107.066797,-6.2720884],[107.0658314,-6.2718599],[107.0655797,-6.2726962]]]}, "properties": {"osm_id": 926434244, "osm_type": "ways_poly", "capacity": null, "name": "SMPN 2 Tambun Selatan", "amenity": "school", "isced_level": null}},{"type": "Feature", "geometry": {"type":"Polygon","coordinates":[[[107.0641934,-6.2436287],[107.0646574,-6.243894],[107.0649026,-6.2434806],[107.0644266,-6.2432057],[107.0641934,-6.2436287]]]}, "properties": {"osm_id": 1155424476, "osm_type": "ways_poly", "capacity": null, "name": "SD Jaya Suti Abadi", "amenity": "school", "isced_level": null}},{"type": "Feature", "geometry": {"type":"Polygon","coordinates":[[[107.0096603,-6.3132751],[107.010005,-6.313463],[107.0100784,-6.31333],[107.0097338,-6.313142],[107.0096603,-6.3132751]]]}, "properties": {"osm_id": 1032000390, "osm_type": "ways_poly", "capacity": null, "name": "SMK Karya Bahana Mandiri", "amenity": "school", "isced_level": null}},{"type": "Feature", "geometry": {"type":"Polygon","coordinates":[[[107.0036598,-6.2710587],[107.0040541,-6.271152],[107.0041346,-6.2708294],[107.0039512,-6.270788],[107.003751,-6.270744],[107.0036598,-6.2710587]]]}, "properties": {"osm_id": 929477064, "osm_type": "ways_poly", "capacity": null, "name": "Tunas Global School", "amenity": "school", "isced_level": null}},{"type": "Feature", "geometry": {"type":"Polygon","coordinates":[[[107.0726909,-6.3055611],[107.072998,-6.305717],[107.073523,-6.3046234],[107.0732146,-6.3044707],[107.0726909,-6.3055611]]]}, "properties": {"osm_id": 1378699492, "osm_type": "ways_poly", "capacity": null, "name": "SDN Gandamekar 01", "amenity": "school", "isced_level": null}},{"type": "Feature", "geometry": {"type":"Polygon","coordinates":[[[107.0089361,-6.3130885],[107.0091554,-6.3131858],[107.0090179,-6.313469],[107.0094611,-6.313681],[107.0096246,-6.3133611],[107.0095865,-6.3133391],[107.0096268,-6.3132711],[107.009431,-6.3131618],[107.0095356,-6.3130098],[107.0091239,-6.3127952],[107.0089361,-6.3130885]]]}, "properties": {"osm_id": 1032000393, "osm_type": "ways_poly", "capacity": null, "name": "SD - SMP IT Bahana Mandiri", "amenity": "school", "isced_level": null}},{"type": "Feature", "geometry": {"type":"Polygon","coordinates":[[[107.0265175,-6.2105144],[107.0270079,-6.2106897],[107.0272207,-6.2100552],[107.0267093,-6.2099397],[107.0265175,-6.2105144]]]}, "properties": {"osm_id": 768393735, "osm_type": "ways_poly", "capacity": null, "name": "SDIT Al-Manar", "amenity": "school", "isced_level": null}},{"type": "Feature", "geometry": {"type":"Polygon","coordinates":[[[107.0299012,-6.2955369],[107.0300684,-6.2955951],[107.0301905,-6.2950767],[107.030595,-6.2951385],[107.0306389,-6.2951633],[107.0309837,-6.2952452],[107.0311478,-6.294617],[107.0308372,-6.2945222],[107.0308057,-6.2945733],[107.0306178,-6.2945315],[107.0305185,-6.2945768],[107.030111,-6.294492],[107.0299012,-6.2955369]]]}, "properties": {"osm_id": 1071826303, "osm_type": "ways_poly", "capacity": null, "name": "SMAN 9 Kota Bekasi", "amenity": "school", "isced_level": null}},{"type": "Feature", "geometry": {"type":"Polygon","coordinates":[[[107.0252806,-6.2824977],[107.0256469,-6.2825941],[107.0256889,-6.2826197],[107.0256877,-6.2826506],[107.0258396,-6.2826924],[107.0260544,-6.2827379],[107.0260354,-6.28284],[107.026152,-6.2828743],[107.0262155,-6.2825519],[107.0262318,-6.2825099],[107.0263322,-6.2825301],[107.0263758,-6.2824333],[107.0264233,-6.2824439],[107.0264557,-6.2823647],[107.0265657,-6.2823656],[107.0265889,-6.2822883],[107.0263926,-6.2822448],[107.0258302,-6.2821308],[107.0258117,-6.2821024],[107.0258441,-6.2818264],[107.0257392,-6.2817969],[107.0255394,-6.2822458],[107.0253738,-6.2821892],[107.0252806,-6.2824977]]]}, "properties": {"osm_id": 768003580, "osm_type": "ways_poly", "capacity": null, "name": "SMKN 3 Bekasi", "amenity": "school", "isced_level": null}},{"type": "Feature", "geometry": {"type":"Polygon","coordinates":[[[107.0562845,-6.264581],[107.056325,-6.2645926],[107.0563488,-6.2645142],[107.0563079,-6.2645013],[107.0562845,-6.264581]]]}, "properties": {"osm_id": 1327242607, "osm_type": "ways_poly", "capacity": null, "name": "TPQ Waladun Sholeh", "amenity": "school", "isced_level": null}},{"type": "Feature", "geometry": {"type":"Polygon","coordinates":[[[107.0032725,-6.2051934],[107.0032821,-6.2054251],[107.0035326,-6.2054046],[107.0035509,-6.2055339],[107.003789,-6.2055323],[107.0037777,-6.2054352],[107.004086,-6.2054273],[107.0040794,-6.205312],[107.0040522,-6.2053106],[107.0040522,-6.2051762],[107.0035422,-6.2051808],[107.0032725,-6.2051934]]]}, "properties": {"osm_id": 1225110266, "osm_type": "ways_poly", "capacity": null, "name": "SDN Perwira II", "amenity": "school", "isced_level": null}},{"type": "Feature", "geometry": {"type":"Polygon","coordinates":[[[107.081102,-6.2494748],[107.0815528,-6.2495885],[107.0816825,-6.249125],[107.0816317,-6.2491177],[107.081652,-6.2490441],[107.0813822,-6.2489646],[107.0813344,-6.2491438],[107.0812664,-6.2492685],[107.0811386,-6.2493397],[107.081102,-6.2494748]]]}, "properties": {"osm_id": 1301535136, "osm_type": "ways_poly", "capacity": null, "name": "SDN 15 Wanasari", "amenity": "school", "isced_level": null}},{"type": "Feature", "geometry": {"type":"Polygon","coordinates":[[[106.9688545,-6.3043561],[106.9696581,-6.3046699],[106.969699,-6.3045704],[106.9688979,-6.304249],[106.9688545,-6.3043561]]]}, "properties": {"osm_id": 215886681, "osm_type": "ways_poly", "capacity": null, "name": "SD Islam Al-Fajar", "amenity": "school", "isced_level": null}},{"type": "Feature", "geometry": {"type":"Polygon","coordinates":[[[106.9941807,-6.2995998],[106.9941854,-6.2997399],[106.9944932,-6.2997179],[106.9947285,-6.2994186],[106.9946427,-6.2993493],[106.9945783,-6.2994159],[106.9943538,-6.2992199],[106.9941995,-6.2995146],[106.9941807,-6.2995998]]]}, "properties": {"osm_id": 926413750, "osm_type": "ways_poly", "capacity": null, "name": "SDN Bojong Menteng VII", "amenity": "school", "isced_level": null}},{"type": "Feature", "geometry": {"type":"Polygon","coordinates":[[[106.9825644,-6.310348],[106.9827334,-6.310417],[106.9829514,-6.310475],[106.9830668,-6.3103559],[106.9831822,-6.3102866],[106.983041,-6.3101693],[106.9828229,-6.3101054],[106.9826199,-6.3100713],[106.9825743,-6.3102363],[106.9825644,-6.310348]]]}, "properties": {"osm_id": 767734537, "osm_type": "ways_poly", "capacity": null, "name": "SMP Citra Nusantara", "amenity": "school", "isced_level": null}},{"type": "Feature", "geometry": {"type":"Polygon","coordinates":[[[106.9965476,-6.2616885],[106.9969107,-6.2617008],[106.9968685,-6.2608456],[106.9966183,-6.260651],[106.9965476,-6.2616885]]]}, "properties": {"osm_id": 1290850513, "osm_type": "ways_poly", "capacity": null, "name": "Perbanas Institute", "amenity": "school", "isced_level": null}},{"type": "Feature", "geometry": {"type":"Polygon","coordinates":[[[106.9894,-6.2764528],[106.9904033,-6.2770546],[106.9917374,-6.2777095],[106.9920374,-6.27694],[106.991294,-6.2766072],[106.9909904,-6.2763849],[106.9901302,-6.2760356],[106.9904357,-6.2753852],[106.9901381,-6.2753054],[106.9897574,-6.2758716],[106.9894,-6.2764528]]]}, "properties": {"osm_id": 387754445, "osm_type": "ways_poly", "capacity": null, "name": "Sekolah Marsudirini", "amenity": "school", "isced_level": null}},{"type": "Feature", "geometry": {"type":"Polygon","coordinates":[[[106.9760775,-6.2437954],[106.9760809,-6.243876],[106.9762753,-6.2439075],[106.9761394,-6.2441447],[106.9764433,-6.2443296],[106.9765372,-6.2441027],[106.9765294,-6.2438758],[106.9763481,-6.2437617],[106.9763716,-6.2435335],[106.9761094,-6.2434855],[106.9760775,-6.2437954]]]}, "properties": {"osm_id": 1227505049, "osm_type": "ways_poly", "capacity": null, "name": "MI AL Muhajirien", "amenity": "school", "isced_level": null}},{"type": "Feature", "geometry": {"type":"Polygon","coordinates":[[[106.9610548,-6.2314112],[106.9611522,-6.2314483],[106.9612413,-6.2312169],[106.9611439,-6.2311798],[106.9610548,-6.2314112]]]}, "properties": {"osm_id": 307262679, "osm_type": "ways_poly", "capacity": null, "name": "SDN Bintara II", "amenity": "school", "isced_level": null}},{"type": "Feature", "geometry": {"type":"Polygon","coordinates":[[[106.90859,-6.2534686],[106.9085947,-6.2537158],[106.908708,-6.2537158],[106.9088475,-6.2537678],[106.9091123,-6.2537665],[106.9091385,-6.2537592],[106.9094422,-6.2537442],[106.9094592,-6.2537417],[106.9094208,-6.2534219],[106.9090533,-6.2534339],[106.9090533,-6.2534726],[106.9087462,-6.2534779],[106.9087107,-6.2534679],[106.90859,-6.2534686]]]}, "properties": {"osm_id": 500968912, "osm_type": "ways_poly", "capacity": null, "name": "Sekolah Pilar Bangsa", "amenity": "school", "isced_level": null}},{"type": "Feature", "geometry": {"type":"Polygon","coordinates":[[[106.9112343,-6.2648125],[106.9113153,-6.2652974],[106.9114542,-6.266135],[106.9125057,-6.2659537],[106.9127149,-6.2657137],[106.9128061,-6.2653884],[106.9127953,-6.2649565],[106.9127739,-6.2646152],[106.9128168,-6.2643273],[106.9122589,-6.2643273],[106.912098,-6.2643539],[106.9121194,-6.2646792],[106.9112343,-6.2648125]]]}, "properties": {"osm_id": 706566173, "osm_type": "ways_poly", "capacity": null, "name": "Pesantren Putri As-Syafi'iyah Jatiwaringin", "amenity": "school", "isced_level": null}},{"type": "Feature", "geometry": {"type":"Polygon","coordinates":[[[106.9567068,-6.1507819],[106.9567253,-6.1509198],[106.9567831,-6.151351],[106.9568172,-6.1516056],[106.957313,-6.1515246],[106.9572084,-6.1507713],[106.9570367,-6.1507559],[106.9569522,-6.1507566],[106.956768,-6.1507648],[106.9567068,-6.1507819]]]}, "properties": {"osm_id": 524309186, "osm_type": "ways_poly", "capacity": null, "name": "SMA Negeri 115 Jakarta", "amenity": "school", "isced_level": null}},{"type": "Feature", "geometry": {"type":"Polygon","coordinates":[[[106.9550492,-6.1607418],[106.9566265,-6.1609621],[106.9567993,-6.1598974],[106.9552065,-6.1596635],[106.9550492,-6.1607418]]]}, "properties": {"osm_id": 1416301655, "osm_type": "ways_poly", "capacity": null, "name": "Singapore Intercultural School", "amenity": "school", "isced_level": null}},{"type": "Feature", "geometry": {"type":"Polygon","coordinates":[[[106.9502697,-6.267045],[106.9507071,-6.2671309],[106.9507377,-6.2669623],[106.9503019,-6.2668944],[106.9502697,-6.267045]]]}, "properties": {"osm_id": 1226866672, "osm_type": "ways_poly", "capacity": null, "name": "SDN Jatibening I", "amenity": "school", "isced_level": null}},{"type": "Feature", "geometry": {"type":"Polygon","coordinates":[[[106.950767,-6.2637433],[106.9510041,-6.2637776],[106.9509589,-6.2640803],[106.9513798,-6.2641554],[106.9514225,-6.2637483],[106.9507831,-6.2636598],[106.950767,-6.2637433]]]}, "properties": {"osm_id": 1225567926, "osm_type": "ways_poly", "capacity": null, "name": "Edelweiss School", "amenity": "school", "isced_level": null}},{"type": "Feature", "geometry": {"type":"Polygon","coordinates":[[[106.948461,-6.3114154],[106.9485843,-6.311514],[106.9485361,-6.3116367],[106.9486139,-6.3116847],[106.9485575,-6.3118073],[106.948756,-6.3118766],[106.948874,-6.3116393],[106.9490564,-6.3113754],[106.9490323,-6.3113354],[106.9491878,-6.3110208],[106.9488043,-6.3108076],[106.9486085,-6.3111968],[106.9485414,-6.3111781],[106.948461,-6.3114154]]]}, "properties": {"osm_id": 768395354, "osm_type": "ways_poly", "capacity": null, "name": "MtsN 2 Bekasi", "amenity": "school", "isced_level": null}},{"type": "Feature", "geometry": {"type":"Polygon","coordinates":[[[107.0413159,-6.2126302],[107.0416348,-6.2127329],[107.0417259,-6.2123868],[107.041455,-6.2122341],[107.0414233,-6.2122262],[107.0413159,-6.2126302]]]}, "properties": {"osm_id": 1328983795, "osm_type": "ways_poly", "capacity": null, "name": null, "amenity": "school", "isced_level": null}},{"type": "Feature", "geometry": {"type":"Polygon","coordinates":[[[107.025034,-6.2100076],[107.0256195,-6.2102137],[107.0258437,-6.2102926],[107.0260646,-6.2103703],[107.0263207,-6.2104698],[107.0265175,-6.2105144],[107.0267093,-6.2099397],[107.0259014,-6.2097694],[107.0251617,-6.2096134],[107.025034,-6.2100076]]]}, "properties": {"osm_id": 768393734, "osm_type": "ways_poly", "capacity": null, "name": "MAN 1 Bekasi", "amenity": "school", "isced_level": null}},{"type": "Feature", "geometry": {"type":"Polygon","coordinates":[[[106.9057985,-6.2639608],[106.9062987,-6.2639168],[106.9064368,-6.2639408],[106.9065629,-6.2640635],[106.9070001,-6.2641021],[106.9070551,-6.2640008],[106.9077712,-6.2639901],[106.9077873,-6.2637608],[106.908651,-6.2637608],[106.908659,-6.2636915],[106.9086939,-6.2631823],[106.9094034,-6.2631903],[106.9094114,-6.2629903],[106.9088159,-6.262973],[106.9086644,-6.262961],[106.9086014,-6.2630223],[106.9084901,-6.262925],[106.9084311,-6.2628837],[106.9081736,-6.262833],[106.9082165,-6.2626624],[106.9079,-6.262577],[106.9076975,-6.2625184],[106.9069438,-6.2625464],[106.9069451,-6.2629263],[106.9068377,-6.2630163],[106.9061883,-6.2629603],[106.9061351,-6.2635542],[106.9058119,-6.2635582],[106.9057985,-6.2639608]]]}, "properties": {"osm_id": 933294240, "osm_type": "ways_poly", "capacity": null, "name": "Universitas Krisnadwipayana", "amenity": "university", "isced_level": null}},{"type": "Feature", "geometry": {"type":"Polygon","coordinates":[[[106.9106496,-6.2609945],[106.9107247,-6.2614584],[106.9112665,-6.2614211],[106.9112611,-6.2615384],[106.9117815,-6.2615544],[106.9123984,-6.2616877],[106.912849,-6.2616717],[106.9128383,-6.2607332],[106.9116849,-6.2609572],[106.9112987,-6.2609625],[106.9106496,-6.2609945]]]}, "properties": {"osm_id": 706566174, "osm_type": "ways_poly", "capacity": null, "name": "Pesantren Yatim As-Syafiiyah", "amenity": "school", "isced_level": null}},{"type": "Feature", "geometry": {"type":"Polygon","coordinates":[[[107.0171346,-6.2969406],[107.0172244,-6.2969836],[107.0172459,-6.2969939],[107.0172473,-6.2970299],[107.0173253,-6.2970535],[107.0174449,-6.2970896],[107.0175919,-6.2971339],[107.0177716,-6.296742],[107.017309,-6.296566],[107.0172298,-6.2967113],[107.0171346,-6.2969406]]]}, "properties": {"osm_id": 927512677, "osm_type": "ways_poly", "capacity": null, "name": "SDN Mustikajaya II", "amenity": "school", "isced_level": "1"}},{"type": "Feature", "geometry": {"type":"Polygon","coordinates":[[[106.9903263,-6.2400791],[106.9904497,-6.2404244],[106.9906243,-6.2409391],[106.9914166,-6.2409543],[106.9914776,-6.2403298],[106.9914803,-6.2402225],[106.9914615,-6.2401771],[106.9914199,-6.2401591],[106.9913623,-6.2401498],[106.9903263,-6.2400791]]]}, "properties": {"osm_id": 173244339, "osm_type": "ways_poly", "capacity": null, "name": "SMA Negeri 2 Kota Bekasi", "amenity": "school", "isced_level": null}},{"type": "Feature", "geometry": {"type":"Polygon","coordinates":[[[106.9048916,-6.3786753],[106.9049797,-6.3787407],[106.9052689,-6.3789556],[106.9055048,-6.3786212],[106.9056469,-6.3784933],[106.9058615,-6.3785626],[106.9059607,-6.3785519],[106.9059983,-6.3784666],[106.9060224,-6.3783013],[106.9061592,-6.3780828],[106.9063202,-6.3779601],[106.9064167,-6.3778349],[106.9064623,-6.3775923],[106.9056523,-6.3772298],[106.9051963,-6.3782267],[106.9048916,-6.3786753]]]}, "properties": {"osm_id": 492980535, "osm_type": "ways_poly", "capacity": null, "name": "Springfield School", "amenity": "school", "isced_level": null}},{"type": "Feature", "geometry": {"type":"Polygon","coordinates":[[[106.9512674,-6.1751634],[106.9512768,-6.1759306],[106.9516637,-6.1759266],[106.9516738,-6.1760426],[106.9518461,-6.1760446],[106.9518414,-6.1755359],[106.9513073,-6.1751913],[106.9512674,-6.1751634]]]}, "properties": {"osm_id": 492535243, "osm_type": "ways_poly", "capacity": null, "name": "SMA Negeri 89 Jakarta", "amenity": "school", "isced_level": null}},{"type": "Feature", "geometry": {"type":"Polygon","coordinates":[[[106.9506897,-6.1755336],[106.9510498,-6.175747],[106.9509992,-6.175869],[106.9512537,-6.1759303],[106.951257,-6.175157],[106.951017,-6.1750057],[106.9506897,-6.1755336]]]}, "properties": {"osm_id": 492535279, "osm_type": "ways_poly", "capacity": null, "name": "SMP Negeri 234 Jakarta", "amenity": "school", "isced_level": null}},{"type": "Feature", "geometry": {"type":"Polygon","coordinates":[[[106.8885277,-6.3084644],[106.8887812,-6.3084964],[106.8887975,-6.3083686],[106.888544,-6.3083366],[106.8885277,-6.3084644]]]}, "properties": {"osm_id": 498487959, "osm_type": "ways_poly", "capacity": null, "name": "SD Islam Abdurrahman bin Auf", "amenity": "school", "isced_level": "1"}},{"type": "Feature", "geometry": {"type":"Polygon","coordinates":[[[107.0228536,-6.2983459],[107.0235308,-6.2983606],[107.0234962,-6.2979061],[107.0229983,-6.2978047],[107.0228536,-6.2983459]]]}, "properties": {"osm_id": 1291622047, "osm_type": "ways_poly", "capacity": null, "name": "SMK - SMP Tinta Emas Yatindo", "amenity": "school", "isced_level": null}},{"type": "Feature", "geometry": {"type":"Polygon","coordinates":[[[107.0152244,-6.2714406],[107.0155718,-6.2715806],[107.015616,-6.271422],[107.016237,-6.2715673],[107.0162558,-6.2715153],[107.0162946,-6.2713633],[107.0162772,-6.2712353],[107.0162558,-6.2710194],[107.0156375,-6.2710127],[107.0156362,-6.2711394],[107.0155463,-6.2711434],[107.0152875,-6.27111],[107.0152244,-6.2714406]]]}, "properties": {"osm_id": 931938482, "osm_type": "ways_poly", "capacity": null, "name": "SMK Binakarya Mandiri 2", "amenity": "school", "isced_level": null}},{"type": "Feature", "geometry": {"type":"Polygon","coordinates":[[[106.963827,-6.291354],[106.9641146,-6.2914506],[106.9642402,-6.2911777],[106.9641768,-6.2911622],[106.9642234,-6.2910579],[106.9639734,-6.2909742],[106.9639656,-6.2909987],[106.963827,-6.291354]]]}, "properties": {"osm_id": 307259779, "osm_type": "ways_poly", "capacity": null, "name": "SMP Tulus Bhakti", "amenity": "school", "isced_level": null}},{"type": "Feature", "geometry": {"type":"Polygon","coordinates":[[[107.0002069,-6.2934048],[107.0004439,-6.2935678],[107.0008114,-6.2938033],[107.001027,-6.293429],[107.0007051,-6.2932146],[107.0008175,-6.2930516],[107.000702,-6.2927799],[107.0002069,-6.2934048]]]}, "properties": {"osm_id": 768006068, "osm_type": "ways_poly", "capacity": null, "name": "SMKN 8 Bekasi", "amenity": "school", "isced_level": null}},{"type": "Feature", "geometry": {"type":"Polygon","coordinates":[[[106.9036748,-6.3226315],[106.903988,-6.3227938],[106.9040261,-6.3228135],[106.9040749,-6.3227205],[106.9042199,-6.3227956],[106.9043289,-6.3225878],[106.9041453,-6.3224927],[106.9041861,-6.3224149],[106.9038734,-6.3222529],[106.9036748,-6.3226315]]]}, "properties": {"osm_id": 509518398, "osm_type": "ways_poly", "capacity": null, "name": "SMP 237 Jakarta", "amenity": "school", "isced_level": null}},{"type": "Feature", "geometry": {"type":"Polygon","coordinates":[[[107.009788,-6.2774765],[107.0100271,-6.2775953],[107.0101812,-6.2776787],[107.0102536,-6.2777179],[107.0104444,-6.277323],[107.0104894,-6.2772299],[107.0105047,-6.2771983],[107.0105703,-6.2770775],[107.0103326,-6.2769756],[107.0101538,-6.2768989],[107.0101188,-6.2768839],[107.010038,-6.2770286],[107.009788,-6.2774765]]]}, "properties": {"osm_id": 545212738, "osm_type": "ways_poly", "capacity": null, "name": "SMPN 16 Bekasi", "amenity": "school", "isced_level": null}},{"type": "Feature", "geometry": {"type":"Polygon","coordinates":[[[106.9729044,-6.1790301],[106.9733028,-6.1792081],[106.9733133,-6.1790528],[106.9741557,-6.1782415],[106.9741609,-6.1781787],[106.9741996,-6.1766433],[106.9730676,-6.1766206],[106.9729939,-6.1772435],[106.9729676,-6.1775192],[106.9731115,-6.1775436],[106.973129,-6.1780444],[106.9730237,-6.1781612],[106.9733291,-6.1784561],[106.9729184,-6.1788312],[106.9729044,-6.1790301]]]}, "properties": {"osm_id": 1207354967, "osm_type": "ways_poly", "capacity": null, "name": "BPK Penabur Harapan Indah", "amenity": "school", "isced_level": null}},{"type": "Feature", "geometry": {"type":"Polygon","coordinates":[[[106.9753675,-6.1791051],[106.9756427,-6.1791223],[106.975686,-6.1792221],[106.9757829,-6.1792927],[106.9758625,-6.1793082],[106.9760114,-6.1792548],[106.9765375,-6.1792686],[106.9765773,-6.1785545],[106.9753779,-6.178527],[106.9753675,-6.1791051]]]}, "properties": {"osm_id": 1206507653, "osm_type": "ways_poly", "capacity": null, "name": "Yayasan Al-Azhar Harapan Indah", "amenity": "school", "isced_level": null}},{"type": "Feature", "geometry": {"type":"Polygon","coordinates":[[[106.9603928,-6.1826229],[106.9604542,-6.1826699],[106.9607382,-6.1828102],[106.9611227,-6.1819085],[106.9610037,-6.1818389],[106.9608606,-6.1819625],[106.9606382,-6.1822382],[106.9604049,-6.1825162],[106.9603928,-6.1826229]]]}, "properties": {"osm_id": 495191522, "osm_type": "ways_poly", "capacity": null, "name": "SMP Negeri 146 Jakarta", "amenity": "school", "isced_level": null}},{"type": "Feature", "geometry": {"type":"Polygon","coordinates":[[[106.9615798,-6.2728355],[106.9615847,-6.2729835],[106.9617553,-6.272977],[106.9617665,-6.2730999],[106.9620264,-6.2730368],[106.9619767,-6.2728293],[106.9618022,-6.2728631],[106.9617842,-6.2728213],[106.9615798,-6.2728355]]]}, "properties": {"osm_id": 1207897810, "osm_type": "ways_poly", "capacity": null, "name": "SMK BISTEK Bekasi", "amenity": "school", "isced_level": null}},{"type": "Feature", "geometry": {"type":"Polygon","coordinates":[[[106.9752893,-6.2444405],[106.9754411,-6.2445654],[106.9761962,-6.2450575],[106.9762745,-6.2449258],[106.9763847,-6.2446394],[106.9764312,-6.2443492],[106.976056,-6.2441348],[106.9759798,-6.2441669],[106.9759165,-6.2441609],[106.9758313,-6.2441328],[106.9757543,-6.2440901],[106.9754913,-6.2441329],[106.9752893,-6.2444405]]]}, "properties": {"osm_id": 1229594620, "osm_type": "ways_poly", "capacity": null, "name": "Sekolah Al Azhar 6", "amenity": "school", "isced_level": null}},{"type": "Feature", "geometry": {"type":"Polygon","coordinates":[[[106.9614224,-6.2646338],[106.9615184,-6.264655],[106.9615001,-6.2647216],[106.9617134,-6.2647822],[106.9616783,-6.2649003],[106.961842,-6.264921],[106.9618736,-6.2646307],[106.961843,-6.2646196],[106.9618654,-6.264473],[106.9614722,-6.2644127],[106.9614224,-6.2646338]]]}, "properties": {"osm_id": 1217922674, "osm_type": "ways_poly", "capacity": null, "name": "Yayasan Pendidikan Islam Al Masthuriyah", "amenity": "school", "isced_level": null}},{"type": "Feature", "geometry": {"type":"Polygon","coordinates":[[[106.9639072,-6.3394726],[106.9641432,-6.339558],[106.9644999,-6.3397046],[106.9651115,-6.3399205],[106.9658397,-6.3384783],[106.9651718,-6.338413],[106.9652483,-6.3382011],[106.9651088,-6.3381397],[106.9651732,-6.3380118],[106.9654173,-6.3380838],[106.9654387,-6.3378385],[106.9653904,-6.3377958],[106.9654092,-6.3376599],[106.9650444,-6.3375906],[106.9652241,-6.3370308],[106.9649962,-6.3369135],[106.9647065,-6.3375373],[106.9642398,-6.337404],[106.9639957,-6.3379425],[106.9640869,-6.3381051],[106.9643229,-6.338273],[106.9639072,-6.3394726]]]}, "properties": {"osm_id": 1310019604, "osm_type": "ways_poly", "capacity": null, "name": "An-Nahl Islamic School", "amenity": "school", "isced_level": null}},{"type": "Feature", "geometry": {"type":"Polygon","coordinates":[[[107.0035514,-6.2055381],[107.0036402,-6.2061202],[107.0038545,-6.2060961],[107.0040058,-6.206084],[107.0041199,-6.2060879],[107.0041073,-6.2059792],[107.0041258,-6.2059739],[107.0039612,-6.2054481],[107.0037833,-6.2054418],[107.0037912,-6.205535],[107.0035514,-6.2055381]]]}, "properties": {"osm_id": 1225110262, "osm_type": "ways_poly", "capacity": null, "name": "SDN Perwira I, IV, VI, VII", "amenity": "school", "isced_level": null}},{"type": "Feature", "geometry": {"type":"Polygon","coordinates":[[[106.9078438,-6.3593777],[106.9080356,-6.3595015],[106.9080254,-6.3595171],[106.9081143,-6.3595744],[106.9083536,-6.3592081],[106.9081762,-6.3590936],[106.9081598,-6.3591187],[106.9081324,-6.3591606],[106.9082091,-6.3592101],[106.90808,-6.3594077],[106.9079,-6.3592916],[106.9078438,-6.3593777]]]}, "properties": {"osm_id": 155946500, "osm_type": "ways_poly", "capacity": null, "name": "SD Negeri Pondok Ranggon 03 Pagi Renovasi", "amenity": "school", "isced_level": null}},{"type": "Feature", "geometry": {"type":"Polygon","coordinates":[[[107.0217131,-6.193105],[107.0218237,-6.1931437],[107.0217305,-6.193407],[107.0218231,-6.1934403],[107.021927,-6.1931897],[107.0219957,-6.1930253],[107.021954,-6.19301],[107.0217835,-6.1929324],[107.0217131,-6.193105]]]}, "properties": {"osm_id": 518507120, "osm_type": "ways_poly", "capacity": null, "name": "MI ATTAQWA PUSAT", "amenity": "school", "isced_level": null}},{"type": "Feature", "geometry": {"type":"Polygon","coordinates":[[[106.9971854,-6.2717203],[106.9975716,-6.2719043],[106.9976145,-6.2718154],[106.9972283,-6.2716314],[106.9971854,-6.2717203]]]}, "properties": {"osm_id": 1049862068, "osm_type": "ways_poly", "capacity": null, "name": "Sekolah Mahanaim", "amenity": "school", "isced_level": null}},{"type": "Feature", "geometry": {"type":"Polygon","coordinates":[[[106.9094122,-6.2619693],[106.9094195,-6.2621066],[106.9097066,-6.2621086],[106.9097113,-6.2622959],[106.9097119,-6.2626145],[106.9107747,-6.2625745],[106.9106326,-6.261732],[106.9100157,-6.2617773],[106.9099889,-6.2619506],[106.9095651,-6.2619666],[106.9094122,-6.2619693]]]}, "properties": {"osm_id": 706554415, "osm_type": "ways_poly", "capacity": null, "name": "Universitas Islam As-Syafiiyah", "amenity": "university", "isced_level": null}},{"type": "Feature", "geometry": {"type":"Polygon","coordinates":[[[106.9497728,-6.3437856],[106.9497926,-6.3438522],[106.9500822,-6.3438923],[106.9502187,-6.3436682],[106.9504224,-6.3437432],[106.9505031,-6.3435665],[106.9503997,-6.3435027],[106.9504617,-6.3433455],[106.9502993,-6.3432787],[106.9504152,-6.3429538],[106.9500604,-6.3428202],[106.9497728,-6.3437856]]]}, "properties": {"osm_id": 1291116098, "osm_type": "ways_poly", "capacity": null, "name": "SMPN 24 Bekasi", "amenity": "school", "isced_level": null}},{"type": "Feature", "geometry": {"type":"Polygon","coordinates":[[[107.0217502,-6.2947953],[107.0224211,-6.294982],[107.0225195,-6.2946056],[107.0224033,-6.294573],[107.0224361,-6.2944455],[107.0219798,-6.2943388],[107.0219112,-6.2945404],[107.0217502,-6.2945078],[107.0217502,-6.2947953]]]}, "properties": {"osm_id": 767429765, "osm_type": "ways_poly", "capacity": null, "name": "SMPN 40 Bekasi", "amenity": "school", "isced_level": null}},{"type": "Feature", "geometry": {"type":"Polygon","coordinates":[[[107.0212517,-6.1999053],[107.0222384,-6.2002261],[107.0222928,-6.2000835],[107.0222982,-6.2000482],[107.0222891,-6.2000261],[107.0219868,-6.1996877],[107.0215088,-6.1991508],[107.0212517,-6.1999053]]]}, "properties": {"osm_id": 767429750, "osm_type": "ways_poly", "capacity": null, "name": "SMPN 21 Bekasi", "amenity": "school", "isced_level": null}},{"type": "Feature", "geometry": {"type":"Polygon","coordinates":[[[106.8824083,-6.2875732],[106.8830586,-6.2877886],[106.8831316,-6.2873855],[106.8832026,-6.2870312],[106.8826024,-6.2869855],[106.8824083,-6.2875732]]]}, "properties": {"osm_id": 155930198, "osm_type": "ways_poly", "capacity": null, "name": "SMA Negeri 48 Jakarta", "amenity": "school", "isced_level": null}},{"type": "Feature", "geometry": {"type":"Polygon","coordinates":[[[107.0330304,-6.2337338],[107.0335095,-6.2342548],[107.0333179,-6.234624],[107.0335515,-6.2348949],[107.0338959,-6.233969],[107.0335365,-6.233701],[107.0333268,-6.2334539],[107.0330304,-6.2337338]]]}, "properties": {"osm_id": 767429759, "osm_type": "ways_poly", "capacity": null, "name": "SMPN 32 Bekasi", "amenity": "school", "isced_level": null}},{"type": "Feature", "geometry": {"type":"Polygon","coordinates":[[[106.8782851,-6.2805487],[106.8783756,-6.2805845],[106.878543,-6.2806364],[106.8787219,-6.2801553],[106.8787649,-6.280167],[106.8788045,-6.2800622],[106.8785637,-6.2799634],[106.8782851,-6.2805487]]]}, "properties": {"osm_id": 155936458, "osm_type": "ways_poly", "capacity": null, "name": "SMP dan SMA Yamas", "amenity": "school", "isced_level": null}},{"type": "Feature", "geometry": {"type":"Polygon","coordinates":[[[106.8903182,-6.3308736],[106.8904529,-6.3308783],[106.8904545,-6.3308328],[106.8909719,-6.3308509],[106.8909765,-6.3307194],[106.890472,-6.3307018],[106.8904809,-6.3304484],[106.8905898,-6.3304522],[106.8905956,-6.330287],[106.8903392,-6.3302781],[106.8903182,-6.3308736]]]}, "properties": {"osm_id": 155941065, "osm_type": "ways_poly", "capacity": null, "name": "SMA Negeri 64 Jakarta", "amenity": "school", "isced_level": null}},{"type": "Feature", "geometry": {"type":"Polygon","coordinates":[[[107.0304806,-6.2490877],[107.0306378,-6.2491811],[107.0307102,-6.2490341],[107.0305546,-6.2489437],[107.0304806,-6.2490877]]]}, "properties": {"osm_id": 680350628, "osm_type": "ways_poly", "capacity": null, "name": null, "amenity": "school", "isced_level": null}},{"type": "Feature", "geometry": {"type":"Polygon","coordinates":[[[106.9467927,-6.3719806],[106.947621,-6.3723067],[106.9476579,-6.3722195],[106.947772,-6.3722614],[106.9478457,-6.3720521],[106.9480229,-6.3721131],[106.9483862,-6.3713614],[106.9481658,-6.3712641],[106.9478945,-6.3711443],[106.9475867,-6.3710072],[106.9474581,-6.3713849],[106.947235,-6.3715934],[106.9468892,-6.3715393],[106.9467927,-6.3719806]]]}, "properties": {"osm_id": 1211473659, "osm_type": "ways_poly", "capacity": null, "name": "Sekolah Pilar Indonesia", "amenity": "school", "isced_level": null}},{"type": "Feature", "geometry": {"type":"Polygon","coordinates":[[[106.9840852,-6.2481772],[106.9844339,-6.2482012],[106.9844339,-6.2476439],[106.9841308,-6.2476226],[106.9840852,-6.2481772]]]}, "properties": {"osm_id": 1355325751, "osm_type": "ways_poly", "capacity": null, "name": "SDN Kayuringin Jaya I", "amenity": "school", "isced_level": null}},{"type": "Feature", "geometry": {"type":"Polygon","coordinates":[[[106.9608775,-6.2572196],[106.9613738,-6.2574579],[106.9610225,-6.2580232],[106.961237,-6.2582031],[106.9614087,-6.2581285],[106.9617929,-6.2574959],[106.9620729,-6.2576561],[106.962275,-6.2571767],[106.961447,-6.2567071],[106.9613403,-6.2568953],[106.9611257,-6.256774],[106.9608775,-6.2572196]]]}, "properties": {"osm_id": 538193344, "osm_type": "ways_poly", "capacity": null, "name": "Perguruan Islam Darussalam Cikunir", "amenity": "school", "isced_level": null}},{"type": "Feature", "geometry": {"type":"Polygon","coordinates":[[[107.0100897,-6.1788307],[107.0107881,-6.1788081],[107.0109033,-6.178309],[107.0101053,-6.1783276],[107.0100897,-6.1788307]]]}, "properties": {"osm_id": 572811899, "osm_type": "ways_poly", "capacity": null, "name": null, "amenity": "school", "isced_level": null}},{"type": "Feature", "geometry": {"type":"Polygon","coordinates":[[[107.0392663,-6.1886779],[107.039571,-6.1887029],[107.0395928,-6.1883291],[107.0393134,-6.1882628],[107.0392663,-6.1886779]]]}, "properties": {"osm_id": 518494100, "osm_type": "ways_poly", "capacity": null, "name": "SMK Fattahila", "amenity": "school", "isced_level": null}},{"type": "Feature", "geometry": {"type":"Polygon","coordinates":[[[107.0658314,-6.2718599],[107.066797,-6.2720884],[107.0670981,-6.2721549],[107.0672568,-6.271432],[107.0660658,-6.2710621],[107.0658314,-6.2718599]]]}, "properties": {"osm_id": 926434243, "osm_type": "ways_poly", "capacity": null, "name": "SMAN 1 Tambun Selatan", "amenity": "school", "isced_level": null}},{"type": "Feature", "geometry": {"type":"Polygon","coordinates":[[[106.9314426,-6.3037216],[106.9318402,-6.3038428],[106.9319284,-6.3035482],[106.9318196,-6.3035147],[106.9317708,-6.3036843],[106.9315908,-6.303634],[106.9316489,-6.3034252],[106.9317577,-6.3034494],[106.9317821,-6.3033599],[106.9316695,-6.3033245],[106.9316583,-6.3033637],[106.9315664,-6.3033376],[106.9314426,-6.3037216]]]}, "properties": {"osm_id": 229402573, "osm_type": "ways_poly", "capacity": null, "name": "SD PASAR KECAPI", "amenity": "school", "isced_level": null}},{"type": "Feature", "geometry": {"type":"Polygon","coordinates":[[[106.9314482,-6.3037057],[106.9318396,-6.303837],[106.9319248,-6.3035453],[106.931832,-6.3035175],[106.9317748,-6.3036943],[106.9315893,-6.3036324],[106.9316503,-6.3034316],[106.9317723,-6.3034644],[106.931804,-6.303352],[106.9316693,-6.3033167],[106.9316617,-6.3033634],[106.9315677,-6.3033331],[106.9314482,-6.3037057]]]}, "properties": {"osm_id": 244053506, "osm_type": "ways_poly", "capacity": "400 people", "name": "Pondok Melati Elementary School 1", "amenity": "school", "isced_level": null}},{"type": "Feature", "geometry": {"type":"Polygon","coordinates":[[[106.9191894,-6.3130418],[106.9191988,-6.313471],[106.9194429,-6.313555],[106.9195703,-6.313639],[106.9196279,-6.3137416],[106.9196722,-6.3139482],[106.9197433,-6.3140575],[106.919905,-6.3141526],[106.9203127,-6.3140806],[106.9204165,-6.3140109],[106.9205479,-6.3140056],[106.9206418,-6.3140202],[106.9207692,-6.3140375],[106.9208564,-6.3140415],[106.9210455,-6.3140296],[106.9211394,-6.3140189],[106.9213083,-6.3140109],[106.921425,-6.3139922],[106.9216436,-6.3139589],[106.9219226,-6.3138416],[106.922085,-6.3137789],[106.922113,-6.3138608],[106.9221645,-6.3138616],[106.9221733,-6.3139912],[106.9222224,-6.3140696],[106.9222989,-6.3141236],[106.9223384,-6.3141669],[106.9223874,-6.3141956],[106.9225021,-6.3142249],[106.9226938,-6.3142449],[106.923076,-6.3142709],[106.9231726,-6.3142469],[106.9232558,-6.3142149],[106.9234086,-6.3142122],[106.9235937,-6.3142469],[106.9237257,-6.3142655],[106.9238584,-6.3142841],[106.9240671,-6.3143052],[106.9241697,-6.3142979],[106.9243293,-6.3142945],[106.9244607,-6.3143225],[106.9245498,-6.3143601],[106.9245994,-6.3142215],[106.9246532,-6.3140006],[106.9246759,-6.3139123],[106.9247094,-6.3137816],[106.9245739,-6.3137616],[106.9245028,-6.3137496],[106.9242145,-6.313721],[106.9242319,-6.3133344],[106.9238847,-6.3133038],[106.9235025,-6.3133145],[106.9235173,-6.313721],[106.92341,-6.3137197],[106.9234328,-6.3141129],[106.9230881,-6.3141289],[106.9227524,-6.3141308],[106.9227281,-6.3141272],[106.9226903,-6.3141183],[106.9226074,-6.3141255],[106.9225181,-6.3141263],[106.9224289,-6.3141066],[106.9223712,-6.314069],[106.9223307,-6.3140251],[106.9222672,-6.3139736],[106.9222371,-6.3138843],[106.9222277,-6.3138049],[106.9221955,-6.3136863],[106.9221767,-6.313547],[106.9221794,-6.3134837],[106.9221767,-6.3134231],[106.922174,-6.3133517],[106.92217,-6.3132784],[106.9221613,-6.3132238],[106.9221519,-6.3131658],[106.9221345,-6.3130911],[106.922109,-6.3130118],[106.9220862,-6.3129418],[106.9220627,-6.3128892],[106.9220158,-6.3128092],[106.9219802,-6.3127532],[106.9219039,-6.3126753],[106.9218194,-6.3125927],[106.9217041,-6.3124794],[106.921574,-6.3123567],[106.9215056,-6.3122994],[106.9214129,-6.312266],[106.921309,-6.3122634],[106.9211702,-6.3123014],[106.9210508,-6.3123333],[106.9209523,-6.312363],[106.9209,-6.3123783],[106.920852,-6.3123823],[106.9208158,-6.3123763],[106.9207773,-6.3123443],[106.92068,-6.3122494],[106.9206257,-6.3121901],[106.9205815,-6.3120914],[106.9205613,-6.3119861],[106.9205908,-6.3118421],[106.9206284,-6.3116675],[106.9206552,-6.3115569],[106.9197392,-6.3116782],[106.9197453,-6.3117802],[106.9197553,-6.3119021],[106.9196387,-6.3119141],[106.9195858,-6.3119825],[106.919561,-6.3121884],[106.9194155,-6.3121771],[106.9193168,-6.3121674],[106.9192739,-6.3124153],[106.9192598,-6.3125466],[106.9192484,-6.3126619],[106.9192343,-6.3127459],[106.9192229,-6.3128325],[106.9192062,-6.3130418],[106.9191894,-6.3130418]]]}, "properties": {"osm_id": 508943501, "osm_type": "ways_poly", "capacity": null, "name": "ACS Jakarta", "amenity": "school", "isced_level": null}},{"type": "Feature", "geometry": {"type":"Polygon","coordinates":[[[106.9742302,-6.2581371],[106.9745007,-6.258478],[106.9747754,-6.2584947],[106.9748088,-6.2580872],[106.9742344,-6.2580346],[106.9742302,-6.2581371]]]}, "properties": {"osm_id": 1323078394, "osm_type": "ways_poly", "capacity": null, "name": null, "amenity": "school", "isced_level": null}},{"type": "Feature", "geometry": {"type":"Polygon","coordinates":[[[106.9616834,-6.2571161],[106.9621249,-6.2573998],[106.9622462,-6.2572131],[106.9618047,-6.2569294],[106.9616834,-6.2571161]]]}, "properties": {"osm_id": 1290416655, "osm_type": "ways_poly", "capacity": null, "name": "SD Islam Darussalam Cikunir", "amenity": "school", "isced_level": null}},{"type": "Feature", "geometry": {"type":"Polygon","coordinates":[[[107.0511348,-6.2397325],[107.051461,-6.2398236],[107.0518348,-6.2398946],[107.0519018,-6.2395175],[107.0517053,-6.2394629],[107.0517635,-6.2389362],[107.0517144,-6.238948],[107.0516824,-6.2390767],[107.051348,-6.2390464],[107.0511348,-6.2397325]]]}, "properties": {"osm_id": 1256470261, "osm_type": "ways_poly", "capacity": null, "name": "SMP YADIKA 13 TAMBUN", "amenity": "school", "isced_level": null}},{"type": "Feature", "geometry": {"type":"Polygon","coordinates":[[[106.8920992,-6.2558459],[106.8922446,-6.2559732],[106.8923653,-6.2560795],[106.8924395,-6.2560485],[106.892488,-6.2560525],[106.8925555,-6.2560775],[106.8926167,-6.2561178],[106.8928286,-6.2562631],[106.8934402,-6.2553566],[106.8927148,-6.2549133],[106.8920992,-6.2558459]]]}, "properties": {"osm_id": 517004705, "osm_type": "ways_poly", "capacity": null, "name": "SMA Negeri 42", "amenity": "school", "isced_level": null}},{"type": "Feature", "geometry": {"type":"Polygon","coordinates":[[[106.9758742,-6.2573619],[106.9767164,-6.2574192],[106.976756,-6.2568454],[106.9759137,-6.256788],[106.9758742,-6.2573619]]]}, "properties": {"osm_id": 1326891236, "osm_type": "ways_poly", "capacity": null, "name": "Perguruan Islam Darussalam Pekayon", "amenity": "school", "isced_level": null}},{"type": "Feature", "geometry": {"type":"Polygon","coordinates":[[[106.9990613,-6.3104783],[106.9991604,-6.3105522],[106.999217,-6.3106436],[106.9994116,-6.3107562],[106.9998471,-6.3109233],[107.0002236,-6.3102566],[106.9999425,-6.31013],[106.9994506,-6.3099753],[106.9993763,-6.3101054],[106.9991745,-6.3100949],[106.9990613,-6.3104783]]]}, "properties": {"osm_id": 1077577301, "osm_type": "ways_poly", "capacity": null, "name": null, "amenity": "school", "isced_level": null}},{"type": "Feature", "geometry": {"type":"Polygon","coordinates":[[[107.0245656,-6.1911603],[107.0248659,-6.191239],[107.0248952,-6.1911287],[107.0245948,-6.1910499],[107.0245656,-6.1911603]]]}, "properties": {"osm_id": 500842460, "osm_type": "ways_poly", "capacity": null, "name": "SDN BAHAGIA 03", "amenity": "school", "isced_level": null}},{"type": "Feature", "geometry": {"type":"Polygon","coordinates":[[[107.0243737,-6.1914485],[107.0243844,-6.1914805],[107.0245212,-6.1915018],[107.0245051,-6.1915885],[107.0245266,-6.1917058],[107.0246157,-6.1917176],[107.0247894,-6.1917405],[107.0248414,-6.1915212],[107.0247884,-6.1915022],[107.0248345,-6.1914225],[107.0248732,-6.1913265],[107.0248335,-6.1913112],[107.0248109,-6.1912885],[107.0244233,-6.1912259],[107.0243737,-6.1914485]]]}, "properties": {"osm_id": 518507169, "osm_type": "ways_poly", "capacity": null, "name": "SDN BAHAGIA 01", "amenity": "school", "isced_level": null}},{"type": "Feature", "geometry": {"type":"Polygon","coordinates":[[[106.981751,-6.2373889],[106.9823546,-6.2375135],[106.9823915,-6.2373409],[106.9817719,-6.2372216],[106.9817719,-6.2372942],[106.981751,-6.2373889]]]}, "properties": {"osm_id": 1211025862, "osm_type": "ways_poly", "capacity": null, "name": "SDN Kayuringin Jaya VI", "amenity": "school", "isced_level": null}},{"type": "Feature", "geometry": {"type":"Polygon","coordinates":[[[106.9569957,-6.2292272],[106.9571489,-6.2292915],[106.9573129,-6.2289051],[106.9571596,-6.2288409],[106.9569957,-6.2292272]]]}, "properties": {"osm_id": 538165910, "osm_type": "ways_poly", "capacity": null, "name": "Gedung D SMK Negeri 1 Kota Bekasi", "amenity": "school", "isced_level": null}},{"type": "Feature", "geometry": {"type":"Polygon","coordinates":[[[106.9202509,-6.3681642],[106.9203298,-6.3681873],[106.9203099,-6.3682506],[106.9204126,-6.3682774],[106.9203066,-6.3686427],[106.9206744,-6.3687312],[106.9207285,-6.3684095],[106.920867,-6.3684355],[106.9208816,-6.3680297],[106.9206119,-6.3680064],[106.9206202,-6.3679513],[106.9204949,-6.3679256],[106.9204819,-6.3679547],[106.9204237,-6.3679437],[106.9203936,-6.3680498],[106.9203862,-6.3680677],[106.920282,-6.3680502],[106.9202509,-6.3681642]]]}, "properties": {"osm_id": 1476366995, "osm_type": "ways_poly", "capacity": null, "name": "School of Human", "amenity": "school", "isced_level": null}},{"type": "Feature", "geometry": {"type":"Polygon","coordinates":[[[106.9476074,-6.1798341],[106.9479433,-6.1798955],[106.947999,-6.1795975],[106.9476671,-6.1795371],[106.9476074,-6.1798341]]]}, "properties": {"osm_id": 492889398, "osm_type": "ways_poly", "capacity": null, "name": "SMP-SMA-SMK Diponegoro 2", "amenity": "school", "isced_level": null}},{"type": "Feature", "geometry": {"type":"Polygon","coordinates":[[[106.9012904,-6.2839401],[106.9014552,-6.2846592],[106.9023465,-6.2844073],[106.9023109,-6.2837428],[106.9012904,-6.2839401]]]}, "properties": {"osm_id": 502026935, "osm_type": "ways_poly", "capacity": null, "name": "SMP Angkasa", "amenity": "school", "isced_level": null}},{"type": "Feature", "geometry": {"type":"Polygon","coordinates":[[[106.9587265,-6.2053039],[106.9588351,-6.2053292],[106.9588338,-6.2053685],[106.9590303,-6.2053859],[106.959051,-6.2052572],[106.9594473,-6.2053045],[106.95957,-6.2051826],[106.959793,-6.2052461],[106.9597988,-6.2052184],[106.9592918,-6.2050987],[106.958793,-6.2049809],[106.9587265,-6.2053039]]]}, "properties": {"osm_id": 497785081, "osm_type": "ways_poly", "capacity": null, "name": "MTs Negeri 20 Jakarta", "amenity": "school", "isced_level": null}},{"type": "Feature", "geometry": {"type":"Polygon","coordinates":[[[107.0163613,-6.2666826],[107.0164647,-6.2667112],[107.0164781,-6.2666929],[107.0166083,-6.2666753],[107.0165882,-6.2665276],[107.0164482,-6.2665039],[107.0163613,-6.2666826]]]}, "properties": {"osm_id": 1445936272, "osm_type": "ways_poly", "capacity": null, "name": "MTS Al Mu'liyah", "amenity": "school", "isced_level": null}},{"type": "Feature", "geometry": {"type":"Polygon","coordinates":[[[106.9546478,-6.2148583],[106.9547578,-6.2148796],[106.9547218,-6.2150395],[106.9552186,-6.2151012],[106.9553202,-6.2148174],[106.9549259,-6.2147577],[106.9549387,-6.214639],[106.9546821,-6.2146077],[106.9546478,-6.2148583]]]}, "properties": {"osm_id": 155953992, "osm_type": "ways_poly", "capacity": null, "name": "TK/RA, SDIT, SMPIT Nurul Ihsan, SMA Sapta Kharisma, SMK Iptek Jakarta", "amenity": "school", "isced_level": null}},{"type": "Feature", "geometry": {"type":"Polygon","coordinates":[[[106.9610809,-6.2580533],[106.9612376,-6.2581626],[106.9613677,-6.2579784],[106.961211,-6.2578691],[106.9610809,-6.2580533]]]}, "properties": {"osm_id": 1313901985, "osm_type": "ways_poly", "capacity": null, "name": "KB-RA Darussalam Cikunir", "amenity": "school", "isced_level": null}},{"type": "Feature", "geometry": {"type":"Polygon","coordinates":[[[107.003554,-6.2591582],[107.0041562,-6.2593574],[107.0043443,-6.2587839],[107.0039891,-6.2586807],[107.003554,-6.2591582]]]}, "properties": {"osm_id": 1494119190, "osm_type": "ways_poly", "capacity": null, "name": "SMPN 50 Bekasi", "amenity": "school", "isced_level": null}},{"type": "Feature", "geometry": {"type":"Polygon","coordinates":[[[107.0019215,-6.2751499],[107.0020916,-6.2752309],[107.0023112,-6.274766],[107.0022187,-6.2747259],[107.0021529,-6.2748693],[107.002081,-6.2750194],[107.0019988,-6.2749817],[107.0019215,-6.2751499]]]}, "properties": {"osm_id": 587610477, "osm_type": "ways_poly", "capacity": null, "name": "SD Bani Saleh 2", "amenity": "school", "isced_level": null}},{"type": "Feature", "geometry": {"type":"Polygon","coordinates":[[[106.9313071,-6.3598697],[106.9317999,-6.3599069],[106.9317423,-6.3601303],[106.9319959,-6.3601933],[106.9319815,-6.3602878],[106.9321601,-6.3603308],[106.9321198,-6.3604139],[106.9322063,-6.3604625],[106.9321976,-6.3605427],[106.9323792,-6.36058],[106.9325953,-6.3601389],[106.9325175,-6.3600845],[106.9325319,-6.3598897],[106.9323821,-6.359821],[106.932431,-6.3596463],[106.9320477,-6.3595002],[106.9319843,-6.3594343],[106.9317336,-6.3593398],[106.9316587,-6.3593913],[106.9314887,-6.3593598],[106.9313071,-6.3598697]]]}, "properties": {"osm_id": 768003888, "osm_type": "ways_poly", "capacity": null, "name": "SMKN 4 Bekasi", "amenity": "school", "isced_level": null}},{"type": "Feature", "geometry": {"type":"Polygon","coordinates":[[[106.9210086,-6.3668323],[106.9217076,-6.3669677],[106.9219607,-6.3669561],[106.9220464,-6.3669213],[106.9220133,-6.3667491],[106.9220308,-6.3664763],[106.9221885,-6.3657371],[106.9221807,-6.3656964],[106.9217057,-6.3659093],[106.9215752,-6.3658899],[106.9214292,-6.3658029],[106.9212267,-6.3656674],[106.9211527,-6.3658899],[106.9210846,-6.3664008],[106.9210086,-6.3668323]]]}, "properties": {"osm_id": 767731063, "osm_type": "ways_poly", "capacity": null, "name": "SMAN 7 Kota Bekasi", "amenity": "school", "isced_level": null}},{"type": "Feature", "geometry": {"type":"Polygon","coordinates":[[[106.9654441,-6.1925512],[106.9655836,-6.1926499],[106.9656627,-6.1926546],[106.9657666,-6.1926825],[106.9658789,-6.1925406],[106.9656553,-6.1923532],[106.9654441,-6.1925512]]]}, "properties": {"osm_id": 497785112, "osm_type": "ways_poly", "capacity": null, "name": "SDIT Assalaamah", "amenity": "school", "isced_level": null}},{"type": "Feature", "geometry": {"type":"Polygon","coordinates":[[[107.0293906,-6.1951338],[107.0294465,-6.1955321],[107.0298891,-6.1954708],[107.0298332,-6.1950725],[107.0293906,-6.1951338]]]}, "properties": {"osm_id": 518511302, "osm_type": "ways_poly", "capacity": null, "name": "SDN 05 Kebalen", "amenity": "school", "isced_level": null}},{"type": "Feature", "geometry": {"type":"Polygon","coordinates":[[[107.022217,-6.1928897],[107.0222626,-6.1929057],[107.0222224,-6.1930017],[107.0223431,-6.1930444],[107.0224041,-6.192879],[107.0224212,-6.1928535],[107.0224842,-6.1926815],[107.0225027,-6.1926174],[107.0225111,-6.1925984],[107.0225168,-6.1925986],[107.0225248,-6.1925825],[107.0225556,-6.1924989],[107.0224202,-6.1924504],[107.0224329,-6.1923997],[107.0223855,-6.1923792],[107.0223535,-6.1924711],[107.0223272,-6.1925504],[107.0222391,-6.1928404],[107.022217,-6.1928897]]]}, "properties": {"osm_id": 518507122, "osm_type": "ways_poly", "capacity": null, "name": "SMP ATTAQWA PUSAT", "amenity": "school", "isced_level": null}},{"type": "Feature", "geometry": {"type":"Polygon","coordinates":[[[107.0374538,-6.1982391],[107.0379259,-6.1982644],[107.0379424,-6.1979596],[107.0374704,-6.1979343],[107.0374538,-6.1982391]]]}, "properties": {"osm_id": 518494144, "osm_type": "ways_poly", "capacity": null, "name": "SDN 06 Kebalen", "amenity": "school", "isced_level": null}},{"type": "Feature", "geometry": {"type":"Polygon","coordinates":[[[106.9980182,-6.2816857],[106.9982784,-6.2819544],[106.9984201,-6.2817604],[106.9981903,-6.2815566],[106.9980182,-6.2816857]]]}, "properties": {"osm_id": 1363056960, "osm_type": "ways_poly", "capacity": null, "name": "TK Negeri VII Kota Bekasi", "amenity": "school", "isced_level": null}},{"type": "Feature", "geometry": {"type":"Polygon","coordinates":[[[107.0298858,-6.2202239],[107.0306379,-6.2203027],[107.0306495,-6.2197821],[107.0303327,-6.2197656],[107.03031,-6.2200887],[107.0302573,-6.2200883],[107.0302533,-6.2201426],[107.0298975,-6.2201169],[107.0298858,-6.2202239]]]}, "properties": {"osm_id": 767431708, "osm_type": "ways_poly", "capacity": null, "name": "SMPN 44 Bekasi", "amenity": "school", "isced_level": null}},{"type": "Feature", "geometry": {"type":"Polygon","coordinates":[[[106.9515811,-6.1250003],[106.9516052,-6.1250443],[106.9516388,-6.1250643],[106.9520089,-6.125015],[106.9521444,-6.1248216],[106.952147,-6.1242056],[106.9521366,-6.1241233],[106.9518523,-6.1240892],[106.9517769,-6.1241109],[106.9517326,-6.1241949],[106.9516361,-6.1242829],[106.9515811,-6.1250003]]]}, "properties": {"osm_id": 1241639016, "osm_type": "ways_poly", "capacity": null, "name": "SLB Negeri 8 Jakarta", "amenity": "school", "isced_level": null}},{"type": "Feature", "geometry": {"type":"Polygon","coordinates":[[[106.9599639,-6.3097375],[106.9600412,-6.3097967],[106.9602666,-6.3098683],[106.9607104,-6.309829],[106.960488,-6.3093711],[106.9602937,-6.3094597],[106.9601378,-6.3094541],[106.960089,-6.3096052],[106.9600056,-6.3096052],[106.9599639,-6.3097375]]]}, "properties": {"osm_id": 494310396, "osm_type": "ways_poly", "capacity": null, "name": "SMP Negeri 30 Bekasi", "amenity": "school", "isced_level": null}},{"type": "Feature", "geometry": {"type":"Polygon","coordinates":[[[106.9401315,-6.2535585],[106.940234,-6.2535898],[106.9402561,-6.2535174],[106.9401535,-6.253486],[106.9401315,-6.2535585]]]}, "properties": {"osm_id": 1499081262, "osm_type": "ways_poly", "capacity": null, "name": "Asshara Global Academy", "amenity": "school", "isced_level": null}},{"type": "Feature", "geometry": {"type":"Polygon","coordinates":[[[107.0013618,-6.2975348],[107.0014953,-6.2975709],[107.0015452,-6.2974013],[107.0013965,-6.2973713],[107.0013618,-6.2975348]]]}, "properties": {"osm_id": 1422461304, "osm_type": "ways_poly", "capacity": null, "name": "MI Darul Ulum", "amenity": "school", "isced_level": null}},{"type": "Feature", "geometry": {"type":"Polygon","coordinates":[[[107.0050706,-6.2755966],[107.0052905,-6.2756392],[107.0054085,-6.275034],[107.0051886,-6.274986],[107.0050706,-6.2755966]]]}, "properties": {"osm_id": 929530080, "osm_type": "ways_poly", "capacity": null, "name": "SDN Pengasinan II", "amenity": "school", "isced_level": null}},{"type": "Feature", "geometry": {"type":"Polygon","coordinates":[[[106.877431,-6.2828173],[106.8775016,-6.2828328],[106.8775133,-6.28278],[106.877525,-6.2827273],[106.8774544,-6.2827118],[106.877431,-6.2828173]]]}, "properties": {"osm_id": 155945256, "osm_type": "ways_poly", "capacity": null, "name": "MI Al Abror", "amenity": "school", "isced_level": null}},{"type": "Feature", "geometry": {"type":"Polygon","coordinates":[[[107.0646314,-6.1774245],[107.0647306,-6.1774512],[107.0648146,-6.1771423],[107.0647153,-6.1771156],[107.0646314,-6.1774245]]]}, "properties": {"osm_id": 500813325, "osm_type": "ways_poly", "capacity": null, "name": null, "amenity": "school", "isced_level": null}},{"type": "Feature", "geometry": {"type":"Polygon","coordinates":[[[107.0083433,-6.1537154],[107.0083675,-6.1540087],[107.0089415,-6.1539927],[107.0089924,-6.1535794],[107.0083863,-6.153614],[107.0083433,-6.1537154]]]}, "properties": {"osm_id": 1472430523, "osm_type": "ways_poly", "capacity": null, "name": "SD Santo Yusup", "amenity": "school", "isced_level": null}},{"type": "Feature", "geometry": {"type":"Polygon","coordinates":[[[106.9588181,-6.1821702],[106.9589377,-6.1821876],[106.9589074,-6.1823937],[106.9590876,-6.1824199],[106.9591441,-6.1820362],[106.9588442,-6.1819926],[106.9588181,-6.1821702]]]}, "properties": {"osm_id": 155957350, "osm_type": "ways_poly", "capacity": null, "name": "SMK Al-Akhyar", "amenity": "school", "isced_level": null}},{"type": "Feature", "geometry": {"type":"Polygon","coordinates":[[[106.9502578,-6.1668221],[106.9506266,-6.1668587],[106.9506306,-6.1670581],[106.9512871,-6.1670694],[106.9512823,-6.1664579],[106.9506479,-6.1664449],[106.9506464,-6.1664591],[106.9503051,-6.1664817],[106.9502578,-6.1668221]]]}, "properties": {"osm_id": 492903981, "osm_type": "ways_poly", "capacity": null, "name": "SMP Negeri 262 Jakarta", "amenity": "school", "isced_level": null}},{"type": "Feature", "geometry": {"type":"Polygon","coordinates":[[[106.9483703,-6.1793607],[106.9489538,-6.1794623],[106.9489711,-6.1793639],[106.9489315,-6.179357],[106.9489616,-6.1791858],[106.9488754,-6.1791708],[106.9488466,-6.1793346],[106.9485336,-6.1792802],[106.9485662,-6.1790951],[106.9484707,-6.1790785],[106.9484373,-6.1792681],[106.9483881,-6.1792595],[106.9483703,-6.1793607]]]}, "properties": {"osm_id": 240338134, "osm_type": "ways_poly", "capacity": null, "name": "SD Negeri Cakung Timur 06 Pagi dan SD Negeri Cakung Timur 10 Pagi", "amenity": "school", "isced_level": null}},{"type": "Feature", "geometry": {"type":"Polygon","coordinates":[[[106.9506084,-6.1741391],[106.950953,-6.1743501],[106.9510111,-6.1742563],[106.9507648,-6.1741055],[106.9508697,-6.173936],[106.9507714,-6.1738758],[106.9506084,-6.1741391]]]}, "properties": {"osm_id": 158809046, "osm_type": "ways_poly", "capacity": null, "name": "SMK Jakarta Timur 2", "amenity": "school", "isced_level": null}},{"type": "Feature", "geometry": {"type":"Polygon","coordinates":[[[106.9488105,-6.1727583],[106.949318,-6.1727608],[106.9494687,-6.1727627],[106.9494699,-6.1724125],[106.9494669,-6.17221],[106.9488735,-6.1722207],[106.9488105,-6.1727583]]]}, "properties": {"osm_id": 492535283, "osm_type": "ways_poly", "capacity": null, "name": "SD Negeri Cakung Timur 03 Pagi, 09 Pagi, 08 Petang", "amenity": "school", "isced_level": null}},{"type": "Feature", "geometry": {"type":"Polygon","coordinates":[[[106.9617265,-6.173361],[106.9618875,-6.173409],[106.9621503,-6.173417],[106.9621369,-6.173633],[106.9621879,-6.1737023],[106.9632621,-6.173977],[106.963411,-6.1735637],[106.9632822,-6.1723583],[106.9618499,-6.1725263],[106.961858,-6.1730437],[106.9618258,-6.1731957],[106.9617265,-6.173361]]]}, "properties": {"osm_id": 1416301562, "osm_type": "ways_poly", "capacity": null, "name": "Sekolah Global Mandiri", "amenity": "school", "isced_level": null}},{"type": "Feature", "geometry": {"type":"Polygon","coordinates":[[[106.9319094,-6.3649233],[106.9322016,-6.3649477],[106.9321766,-6.3652439],[106.9324586,-6.3652675],[106.9324715,-6.3651156],[106.9326005,-6.3651263],[106.9326254,-6.3648317],[106.9323585,-6.3648095],[106.932375,-6.3646143],[106.9319386,-6.3645779],[106.9319094,-6.3649233]]]}, "properties": {"osm_id": 1496972545, "osm_type": "ways_poly", "capacity": null, "name": "SMPN 58 Kota Bekasi", "amenity": "school", "isced_level": null}},{"type": "Feature", "geometry": {"type":"Polygon","coordinates":[[[106.8749561,-6.2694342],[106.8751639,-6.2694368],[106.8751647,-6.2693726],[106.8749569,-6.26937],[106.8749561,-6.2694342]]]}, "properties": {"osm_id": 491306702, "osm_type": "ways_poly", "capacity": null, "name": "Yayasan Pendidikan Islam MI Al Munir", "amenity": "school", "isced_level": null}},{"type": "Feature", "geometry": {"type":"Polygon","coordinates":[[[106.988547,-6.2146779],[106.9892252,-6.2149071],[106.9897406,-6.2134137],[106.9893574,-6.2132957],[106.9891981,-6.2132384],[106.9892048,-6.2133901],[106.9892455,-6.213498],[106.9893134,-6.2136227],[106.989293,-6.2137306],[106.9890997,-6.2143071],[106.9890251,-6.2144723],[106.9889166,-6.2145228],[106.9887572,-6.21457],[106.988608,-6.2145902],[106.988547,-6.2146779]]]}, "properties": {"osm_id": 767429753, "osm_type": "ways_poly", "capacity": null, "name": "SMPN 25 Bekasi", "amenity": "school", "isced_level": null}},{"type": "Feature", "geometry": {"type":"Polygon","coordinates":[[[107.0060758,-6.2665826],[107.0063722,-6.2666999],[107.006505,-6.2662134],[107.0062193,-6.2661294],[107.0060758,-6.2665826]]]}, "properties": {"osm_id": 929531806, "osm_type": "ways_poly", "capacity": null, "name": "SDN Pengasinan III", "amenity": "school", "isced_level": null}},{"type": "Feature", "geometry": {"type":"Polygon","coordinates":[[[106.9358718,-6.3478174],[106.9363413,-6.3479522],[106.9363165,-6.3480515],[106.9364593,-6.3480848],[106.9366759,-6.3474557],[106.936439,-6.3473881],[106.9364071,-6.347379],[106.936012,-6.3472664],[106.9358718,-6.3478174]]]}, "properties": {"osm_id": 730224049, "osm_type": "ways_poly", "capacity": null, "name": "Yayasan Perguruan Islam AsSyafi`iyah 08 Payangan", "amenity": "school", "isced_level": null}},{"type": "Feature", "geometry": {"type":"Polygon","coordinates":[[[106.9794244,-6.3492545],[106.9799683,-6.3492611],[106.9801153,-6.3485337],[106.9795489,-6.3484289],[106.9794405,-6.3490187],[106.9794244,-6.3492545]]]}, "properties": {"osm_id": 767731072, "osm_type": "ways_poly", "capacity": null, "name": "SMAN 15 Bekasi", "amenity": "school", "isced_level": null}},{"type": "Feature", "geometry": {"type":"Polygon","coordinates":[[[107.0044486,-6.3525319],[107.0045088,-6.3525635],[107.0045598,-6.3524675],[107.0044996,-6.352436],[107.0044486,-6.3525319]]]}, "properties": {"osm_id": 427589338, "osm_type": "ways_poly", "capacity": null, "name": "Sekolah Alam Tunas Mulia", "amenity": "school", "isced_level": null}},{"type": "Feature", "geometry": {"type":"Polygon","coordinates":[[[107.0254176,-6.3086892],[107.0254299,-6.3087244],[107.0254523,-6.3087185],[107.0254415,-6.3086847],[107.0254176,-6.3086892]]]}, "properties": {"osm_id": 446827265, "osm_type": "ways_poly", "capacity": null, "name": "TK Pertiwi", "amenity": "school", "isced_level": null}},{"type": "Feature", "geometry": {"type":"Polygon","coordinates":[[[106.9082335,-6.3595494],[106.9083458,-6.3596077],[106.9084413,-6.3594261],[106.9085745,-6.3594952],[106.9084043,-6.3598189],[106.9085178,-6.3598779],[106.9087492,-6.3594377],[106.9083902,-6.3592513],[106.9082335,-6.3595494]]]}, "properties": {"osm_id": 155946514, "osm_type": "ways_poly", "capacity": null, "name": "SMP Negeri 230 Jakarta", "amenity": "school", "isced_level": null}},{"type": "Feature", "geometry": {"type":"Polygon","coordinates":[[[106.982536,-6.2448852],[106.9827179,-6.244973],[106.9828731,-6.2450315],[106.9831808,-6.2448506],[106.9835259,-6.2446618],[106.9830898,-6.2441511],[106.9827607,-6.2444224],[106.9826671,-6.2445368],[106.982536,-6.2448852]]]}, "properties": {"osm_id": 767429737, "osm_type": "ways_poly", "capacity": null, "name": "SMPN 7 Bekasi", "amenity": "school", "isced_level": null}},{"type": "Feature", "geometry": {"type":"Polygon","coordinates":[[[106.9622798,-6.2305687],[106.9623896,-6.2305808],[106.9624091,-6.2304086],[106.9627508,-6.2304717],[106.9627671,-6.2303871],[106.9623311,-6.2303019],[106.9622798,-6.2305687]]]}, "properties": {"osm_id": 307400330, "osm_type": "ways_poly", "capacity": null, "name": "Insan Rabani", "amenity": "school", "isced_level": null}},{"type": "Feature", "geometry": {"type":"Polygon","coordinates":[[[106.9654666,-6.2046751],[106.9655639,-6.2047259],[106.9656959,-6.2047858],[106.9657048,-6.2047165],[106.9656216,-6.2046712],[106.9658035,-6.2042733],[106.9657069,-6.2042253],[106.9654666,-6.2046751]]]}, "properties": {"osm_id": 497792019, "osm_type": "ways_poly", "capacity": null, "name": "SMP Negeri 284 Jakarta", "amenity": "school", "isced_level": null}},{"type": "Feature", "geometry": {"type":"Polygon","coordinates":[[[106.9606074,-6.2035219],[106.9607851,-6.2035966],[106.9608159,-6.203524],[106.9606382,-6.2034493],[106.9606074,-6.2035219]]]}, "properties": {"osm_id": 497785086, "osm_type": "ways_poly", "capacity": null, "name": "MTs Model Baitunnajah", "amenity": "school", "isced_level": null}},{"type": "Feature", "geometry": {"type":"Polygon","coordinates":[[[106.9550961,-6.2036653],[106.9555829,-6.2037706],[106.9556433,-6.2034373],[106.9554213,-6.2033933],[106.9554247,-6.2033333],[106.955369,-6.203312],[106.9553932,-6.2032307],[106.9552021,-6.2031594],[106.9550961,-6.2036653]]]}, "properties": {"osm_id": 497796888, "osm_type": "ways_poly", "capacity": null, "name": "SD Negeri Pulogebang 01 dan 02", "amenity": "school", "isced_level": null}},{"type": "Feature", "geometry": {"type":"Polygon","coordinates":[[[106.9882364,-6.2045222],[106.9884081,-6.2045596],[106.9884212,-6.2044999],[106.9882496,-6.2044626],[106.9882364,-6.2045222]]]}, "properties": {"osm_id": 500475974, "osm_type": "ways_poly", "capacity": null, "name": "SMPN 5 Bekasi", "amenity": "school", "isced_level": null}},{"type": "Feature", "geometry": {"type":"Polygon","coordinates":[[[106.9793669,-6.2341827],[106.9803363,-6.234353],[106.9805186,-6.2333168],[106.9795454,-6.2331501],[106.9793669,-6.2341827]]]}, "properties": {"osm_id": 767409919, "osm_type": "ways_poly", "capacity": null, "name": "SMPN 4 Bekasi", "amenity": "school", "isced_level": null}},{"type": "Feature", "geometry": {"type":"Polygon","coordinates":[[[106.9647226,-6.233259],[106.9651029,-6.2334807],[106.9652138,-6.2332493],[106.9648788,-6.2330512],[106.9647226,-6.233259]]]}, "properties": {"osm_id": 1050450912, "osm_type": "ways_poly", "capacity": null, "name": "SDIT Al-Hikmah", "amenity": "school", "isced_level": null}},{"type": "Feature", "geometry": {"type":"Polygon","coordinates":[[[107.0036569,-6.3274977],[107.0038896,-6.3275461],[107.0040184,-6.3275032],[107.0041996,-6.3272252],[107.0042134,-6.3271018],[107.0038068,-6.3270122],[107.0036569,-6.3274977]]]}, "properties": {"osm_id": 956290115, "osm_type": "ways_poly", "capacity": null, "name": "SDN Padurenan 4", "amenity": "school", "isced_level": null}},{"type": "Feature", "geometry": {"type":"Polygon","coordinates":[[[106.8817189,-6.2852811],[106.8817692,-6.2854297],[106.8818577,-6.2855997],[106.8820723,-6.2856234],[106.8820703,-6.285635],[106.8822245,-6.2856552],[106.8822969,-6.2851433],[106.8821628,-6.2851513],[106.8817444,-6.2852713],[106.8817189,-6.2852811]]]}, "properties": {"osm_id": 500025515, "osm_type": "ways_poly", "capacity": null, "name": "Uswatun Hasanah Pinang Ranti SMP, SMK, SMA", "amenity": "school", "isced_level": null}},{"type": "Feature", "geometry": {"type":"Polygon","coordinates":[[[106.9574034,-6.1228543],[106.957638,-6.12287],[106.9576483,-6.1227531],[106.9576267,-6.1227476],[106.9576306,-6.122687],[106.9575146,-6.1226784],[106.9575081,-6.1227471],[106.9574077,-6.1227344],[106.9574034,-6.1228543]]]}, "properties": {"osm_id": 159936589, "osm_type": "ways_poly", "capacity": null, "name": "MI Negeri 20 Jakarta", "amenity": "school", "isced_level": null}},{"type": "Feature", "geometry": {"type":"Polygon","coordinates":[[[106.9590188,-6.1248758],[106.9593371,-6.1248977],[106.9593616,-6.1245453],[106.9590422,-6.1245233],[106.9590353,-6.1246217],[106.9592645,-6.1246374],[106.9592537,-6.1247931],[106.9590256,-6.1247774],[106.9590188,-6.1248758]]]}, "properties": {"osm_id": 527410011, "osm_type": "ways_poly", "capacity": null, "name": "SD Negeri Marunda 01 Pagi", "amenity": "school", "isced_level": null}},{"type": "Feature", "geometry": {"type":"Polygon","coordinates":[[[106.9648367,-6.195234],[106.9652578,-6.1954789],[106.9654597,-6.1951183],[106.9653936,-6.195081],[106.9651105,-6.1949209],[106.965042,-6.1948821],[106.9648367,-6.195234]]]}, "properties": {"osm_id": 497785119, "osm_type": "ways_poly", "capacity": null, "name": "SD Negeri Pulo Gebang 24 Pagi", "amenity": "school", "isced_level": null}},{"type": "Feature", "geometry": {"type":"Polygon","coordinates":[[[107.0405406,-6.1796729],[107.0409562,-6.1799308],[107.041152,-6.1796188],[107.0407364,-6.1793609],[107.0405406,-6.1796729]]]}, "properties": {"osm_id": 499661205, "osm_type": "ways_poly", "capacity": null, "name": "STIKES", "amenity": "school", "isced_level": null}},{"type": "Feature", "geometry": {"type":"Polygon","coordinates":[[[107.0464522,-6.176553],[107.0466157,-6.1765844],[107.0466318,-6.1765018],[107.0464683,-6.1764703],[107.0464522,-6.176553]]]}, "properties": {"osm_id": 499435650, "osm_type": "ways_poly", "capacity": null, "name": "SMK At-Taqwa", "amenity": "school", "isced_level": null}},{"type": "Feature", "geometry": {"type":"Polygon","coordinates":[[[107.0461813,-6.1771743],[107.0462027,-6.1772516],[107.0463269,-6.1772176],[107.0463055,-6.1771402],[107.0461813,-6.1771743]]]}, "properties": {"osm_id": 499435618, "osm_type": "ways_poly", "capacity": null, "name": "SD Sriamur 03", "amenity": "school", "isced_level": null}},{"type": "Feature", "geometry": {"type":"Polygon","coordinates":[[[107.034811,-6.1803539],[107.0348185,-6.1805774],[107.0349405,-6.1805734],[107.0349331,-6.1803499],[107.034811,-6.1803539]]]}, "properties": {"osm_id": 518511268, "osm_type": "ways_poly", "capacity": null, "name": "SDS IT Kun Fayakun", "amenity": "school", "isced_level": null}},{"type": "Feature", "geometry": {"type":"Polygon","coordinates":[[[107.0378214,-6.1872772],[107.0382022,-6.1874665],[107.0382527,-6.1873662],[107.0378718,-6.1871769],[107.0378214,-6.1872772]]]}, "properties": {"osm_id": 518494098, "osm_type": "ways_poly", "capacity": null, "name": "MI At Taqwa 06", "amenity": "school", "isced_level": null}},{"type": "Feature", "geometry": {"type":"Polygon","coordinates":[[[107.0379961,-6.1871948],[107.0382147,-6.1873054],[107.038254,-6.1872289],[107.0380354,-6.1871182],[107.0379961,-6.1871948]]]}, "properties": {"osm_id": 518494097, "osm_type": "ways_poly", "capacity": null, "name": "MTS At Taqwa 06", "amenity": "school", "isced_level": null}},{"type": "Feature", "geometry": {"type":"Polygon","coordinates":[[[106.9622869,-6.1968794],[106.9625433,-6.1970803],[106.9626344,-6.1969654],[106.9625712,-6.1969159],[106.9626654,-6.196797],[106.96274,-6.1968555],[106.9628207,-6.1967536],[106.9624853,-6.1964908],[106.9624008,-6.1965973],[106.9625431,-6.1967088],[106.9624672,-6.1968046],[106.9623925,-6.1967461],[106.9622869,-6.1968794]]]}, "properties": {"osm_id": 155954000, "osm_type": "ways_poly", "capacity": null, "name": "SD Negeri Pulogebang 13", "amenity": "school", "isced_level": null}},{"type": "Feature", "geometry": {"type":"Polygon","coordinates":[[[107.0225991,-6.1770421],[107.0226862,-6.1770648],[107.0227519,-6.1770808],[107.0228136,-6.1768528],[107.022654,-6.1768141],[107.0226473,-6.1768148],[107.0225991,-6.1770421]]]}, "properties": {"osm_id": 518507081, "osm_type": "ways_poly", "capacity": null, "name": "MI ATTAQWA 29", "amenity": "school", "isced_level": null}},{"type": "Feature", "geometry": {"type":"Polygon","coordinates":[[[107.0114426,-6.1777223],[107.0124324,-6.1778783],[107.0125288,-6.1773032],[107.0122615,-6.1772573],[107.0119535,-6.1772044],[107.0115515,-6.1771354],[107.0115204,-6.1771303],[107.0114426,-6.1777223]]]}, "properties": {"osm_id": 572811900, "osm_type": "ways_poly", "capacity": null, "name": null, "amenity": "school", "isced_level": null}},{"type": "Feature", "geometry": {"type":"Polygon","coordinates":[[[106.9493937,-6.1972497],[106.9497786,-6.1972577],[106.9498028,-6.1966244],[106.9494206,-6.196611],[106.9493937,-6.1972497]]]}, "properties": {"osm_id": 497738488, "osm_type": "ways_poly", "capacity": null, "name": "SMK Caraka Nusantara", "amenity": "school", "isced_level": null}},{"type": "Feature", "geometry": {"type":"Polygon","coordinates":[[[106.9690641,-6.2548327],[106.9693,-6.2548358],[106.9693072,-6.2542916],[106.9690712,-6.2542885],[106.9690641,-6.2548327]]]}, "properties": {"osm_id": 217614555, "osm_type": "ways_poly", "capacity": null, "name": "SD Maria Fransisca", "amenity": "school", "isced_level": null}},{"type": "Feature", "geometry": {"type":"Polygon","coordinates":[[[106.9652093,-6.1880181],[106.9656624,-6.1882667],[106.9657629,-6.1879044],[106.9654005,-6.1877772],[106.9652093,-6.1880181]]]}, "properties": {"osm_id": 495991684, "osm_type": "ways_poly", "capacity": null, "name": "MI Al-Falah", "amenity": "school", "isced_level": null}},{"type": "Feature", "geometry": {"type":"Polygon","coordinates":[[[106.9550205,-6.2004158],[106.9552104,-6.2004381],[106.9553007,-6.1998738],[106.9551771,-6.1996857],[106.9550906,-6.1996832],[106.9550832,-6.1998476],[106.9550205,-6.2004158]]]}, "properties": {"osm_id": 498152133, "osm_type": "ways_poly", "capacity": null, "name": "MI Idzotun Nasyien", "amenity": "school", "isced_level": null}},{"type": "Feature", "geometry": {"type":"Polygon","coordinates":[[[106.9539462,-6.1999998],[106.9544603,-6.200092],[106.9544655,-6.200063],[106.9545192,-6.2000726],[106.9545208,-6.2000637],[106.9546221,-6.2000817],[106.9546537,-6.1999063],[106.9545512,-6.199888],[106.9545532,-6.199877],[106.9542201,-6.1998176],[106.9542158,-6.1998416],[106.9539867,-6.1998008],[106.9539462,-6.1999998]]]}, "properties": {"osm_id": 498152122, "osm_type": "ways_poly", "capacity": null, "name": "SD Islam Mentari Ar Ridho", "amenity": "school", "isced_level": null}},{"type": "Feature", "geometry": {"type":"Polygon","coordinates":[[[107.06633,-6.1911299],[107.06644,-6.1915986],[107.0667914,-6.1916219],[107.0679849,-6.1918326],[107.0681217,-6.1910633],[107.0675437,-6.1909526],[107.0675987,-6.1906766],[107.0674404,-6.1906366],[107.0666666,-6.1909513],[107.06633,-6.1911299]]]}, "properties": {"osm_id": 1485379432, "osm_type": "ways_poly", "capacity": null, "name": null, "amenity": "school", "isced_level": null}},{"type": "Feature", "geometry": {"type":"Polygon","coordinates":[[[107.0655964,-6.1924126],[107.0661516,-6.1924126],[107.0661852,-6.1912886],[107.0659907,-6.1913113],[107.0657895,-6.1915553],[107.0656393,-6.1916086],[107.0655964,-6.1924126]]]}, "properties": {"osm_id": 1485379458, "osm_type": "ways_poly", "capacity": null, "name": null, "amenity": "school", "isced_level": null}},{"type": "Feature", "geometry": {"type":"Polygon","coordinates":[[[106.9625573,-6.198125],[106.9629268,-6.198257],[106.9628809,-6.1984466],[106.9630415,-6.1984863],[106.9631179,-6.1982183],[106.963071,-6.198199],[106.9630927,-6.1981216],[106.9626633,-6.1979136],[106.9625573,-6.198125]]]}, "properties": {"osm_id": 497785099, "osm_type": "ways_poly", "capacity": null, "name": "SMP PGRI 38 Jakarta, SMK PGRI 40 Jakarta, SMK PGRI 6 Jakarta", "amenity": "school", "isced_level": null}},{"type": "Feature", "geometry": {"type":"Polygon","coordinates":[[[106.9633881,-6.1978556],[106.9639004,-6.198017],[106.963997,-6.1977117],[106.9637311,-6.1976075],[106.9635112,-6.1975467],[106.9633881,-6.1978556]]]}, "properties": {"osm_id": 497785103, "osm_type": "ways_poly", "capacity": null, "name": "MTs Negeri 28 Jakarta", "amenity": "school", "isced_level": null}},{"type": "Feature", "geometry": {"type":"Polygon","coordinates":[[[106.9635585,-6.1974797],[106.9637725,-6.1976037],[106.9639877,-6.1972363],[106.9638606,-6.1971501],[106.963808,-6.197235],[106.9637121,-6.1971963],[106.9635585,-6.1974797]]]}, "properties": {"osm_id": 497785108, "osm_type": "ways_poly", "capacity": null, "name": "MI Negeri 21 Jakarta", "amenity": "school", "isced_level": null}},{"type": "Feature", "geometry": {"type":"Polygon","coordinates":[[[106.9637362,-6.1847219],[106.9640844,-6.1849056],[106.9642956,-6.1843703],[106.9639728,-6.1841684],[106.9637362,-6.1847219]]]}, "properties": {"osm_id": 495311412, "osm_type": "ways_poly", "capacity": null, "name": "SD Negeri Ujung Menteng 01 Pagi", "amenity": "school", "isced_level": null}},{"type": "Feature", "geometry": {"type":"Polygon","coordinates":[[[106.9631381,-6.1844563],[106.9637325,-6.1847196],[106.9639713,-6.1841663],[106.9634529,-6.1837643],[106.9631381,-6.1844563]]]}, "properties": {"osm_id": 495311420, "osm_type": "ways_poly", "capacity": null, "name": "SMP Negeri 193 Jakarta", "amenity": "school", "isced_level": null}},{"type": "Feature", "geometry": {"type":"Polygon","coordinates":[[[106.9626988,-6.1842822],[106.9631334,-6.1844535],[106.9634455,-6.1837588],[106.9630874,-6.1835435],[106.9626988,-6.1842822]]]}, "properties": {"osm_id": 495191541, "osm_type": "ways_poly", "capacity": null, "name": "SD Negeri Ujung Menteng 04 dan 07 Pagi", "amenity": "school", "isced_level": null}},{"type": "Feature", "geometry": {"type":"Polygon","coordinates":[[[106.961633,-6.1853598],[106.961849,-6.1854475],[106.9620465,-6.1856235],[106.9620478,-6.1855369],[106.962163,-6.1855415],[106.9621633,-6.1855327],[106.9624475,-6.1855662],[106.9626416,-6.1855544],[106.9626757,-6.1854103],[106.9625765,-6.1853723],[106.9625721,-6.185387],[106.9617242,-6.185103],[106.961633,-6.1853598]]]}, "properties": {"osm_id": 495991690, "osm_type": "ways_poly", "capacity": null, "name": "SMK Ristek Jaya, SMK Gita Wisata", "amenity": "school", "isced_level": null}},{"type": "Feature", "geometry": {"type":"Polygon","coordinates":[[[106.9539842,-6.1855468],[106.9542456,-6.1855975],[106.9543065,-6.185287],[106.9542037,-6.1852671],[106.9541607,-6.1854867],[106.954002,-6.185456],[106.9539842,-6.1855468]]]}, "properties": {"osm_id": 492903708, "osm_type": "ways_poly", "capacity": null, "name": "SD Negeri Cakung Timur 01 Pagi", "amenity": "school", "isced_level": null}},{"type": "Feature", "geometry": {"type":"Polygon","coordinates":[[[106.9647224,-6.1857972],[106.9652723,-6.1859945],[106.9653529,-6.1857698],[106.9648044,-6.185574],[106.9647224,-6.1857972]]]}, "properties": {"osm_id": 495991694, "osm_type": "ways_poly", "capacity": null, "name": "SMK Bisnis Indonesia", "amenity": "school", "isced_level": null}},{"type": "Feature", "geometry": {"type":"Polygon","coordinates":[[[106.9652698,-6.1870844],[106.9653289,-6.1871083],[106.9652979,-6.1871969],[106.9655749,-6.1872947],[106.9656242,-6.1872024],[106.9656473,-6.1871241],[106.9653056,-6.1869948],[106.9652698,-6.1870844]]]}, "properties": {"osm_id": 495991688, "osm_type": "ways_poly", "capacity": null, "name": "SMK Bina Karya Utama", "amenity": "school", "isced_level": null}},{"type": "Feature", "geometry": {"type":"Polygon","coordinates":[[[107.0087203,-6.2332537],[107.0090588,-6.2334696],[107.0090518,-6.2335137],[107.008997,-6.2336014],[107.0090962,-6.2336607],[107.0091639,-6.2335903],[107.009206,-6.2336135],[107.0092647,-6.2335362],[107.0091836,-6.2334762],[107.0093531,-6.2332073],[107.0089258,-6.2329334],[107.0087203,-6.2332537]]]}, "properties": {"osm_id": 680350631, "osm_type": "ways_poly", "capacity": null, "name": "SMPN 1 Bekasi", "amenity": "school", "isced_level": null}},{"type": "Feature", "geometry": {"type":"Polygon","coordinates":[[[107.0166868,-6.20587],[107.0167039,-6.2069017],[107.0171422,-6.207036],[107.0171373,-6.2059828],[107.0166868,-6.20587]]]}, "properties": {"osm_id": 1025521185, "osm_type": "ways_poly", "capacity": null, "name": "Global Prima Islamic School", "amenity": "school", "isced_level": null}},{"type": "Feature", "geometry": {"type":"Polygon","coordinates":[[[107.0361697,-6.203476],[107.0365881,-6.203484],[107.0365901,-6.2033814],[107.0361716,-6.2033734],[107.0361697,-6.203476]]]}, "properties": {"osm_id": 518494157, "osm_type": "ways_poly", "capacity": null, "name": "MI At Taqwa 30", "amenity": "school", "isced_level": null}},{"type": "Feature", "geometry": {"type":"Polygon","coordinates":[[[106.9001953,-6.3357307],[106.9002575,-6.3357466],[106.9002604,-6.3357355],[106.9003526,-6.3357591],[106.900368,-6.3356998],[106.9003157,-6.3356865],[106.9003285,-6.3356367],[106.9002517,-6.3356171],[106.9002352,-6.3356811],[106.9002098,-6.3356746],[106.9001953,-6.3357307]]]}, "properties": {"osm_id": 509738121, "osm_type": "ways_poly", "capacity": null, "name": "Sekolah Dasar Islam Cinta Ilmu", "amenity": "school", "isced_level": null}},{"type": "Feature", "geometry": {"type":"Polygon","coordinates":[[[106.894267,-6.3563849],[106.8949845,-6.3564516],[106.8950167,-6.3560984],[106.8949006,-6.3560837],[106.8948966,-6.356123],[106.8945935,-6.3560824],[106.8943293,-6.3560217],[106.894267,-6.3563849]]]}, "properties": {"osm_id": 507481591, "osm_type": "ways_poly", "capacity": null, "name": "SMK Analis Kesehatan PUSKESAD", "amenity": "school", "isced_level": null}},{"type": "Feature", "geometry": {"type":"Polygon","coordinates":[[[106.9501199,-6.1674037],[106.9505843,-6.1674527],[106.9506312,-6.1674524],[106.9506359,-6.1676571],[106.9506628,-6.1676587],[106.9512991,-6.1676661],[106.9512914,-6.1670754],[106.9506198,-6.1670631],[106.9506165,-6.1669281],[106.9502084,-6.1668841],[106.9501199,-6.1674037]]]}, "properties": {"osm_id": 492903973, "osm_type": "ways_poly", "capacity": null, "name": "SMA Negeri 102 Jakarta", "amenity": "school", "isced_level": null}},{"type": "Feature", "geometry": {"type":"Polygon","coordinates":[[[106.8946793,-6.3516322],[106.8947958,-6.3516673],[106.8948552,-6.3514727],[106.8950448,-6.3515299],[106.8950797,-6.3514155],[106.8947736,-6.3513232],[106.8946793,-6.3516322]]]}, "properties": {"osm_id": 155941659, "osm_type": "ways_poly", "capacity": null, "name": "MTs Negeri 30 Jakarta", "amenity": "school", "isced_level": null}},{"type": "Feature", "geometry": {"type":"Polygon","coordinates":[[[106.9632469,-6.1647581],[106.9633582,-6.1653011],[106.9636466,-6.1651418],[106.9637787,-6.1650368],[106.9637653,-6.1646855],[106.9635493,-6.1646928],[106.9632469,-6.1647581]]]}, "properties": {"osm_id": 492915129, "osm_type": "ways_poly", "capacity": null, "name": "SD Negeri Cakung Timur 02 Pagi", "amenity": "school", "isced_level": null}},{"type": "Feature", "geometry": {"type":"Polygon","coordinates":[[[106.9628563,-6.1648509],[106.9629911,-6.1655089],[106.9633555,-6.1653028],[106.9632438,-6.1647582],[106.9628563,-6.1648509]]]}, "properties": {"osm_id": 492894844, "osm_type": "ways_poly", "capacity": null, "name": "SD Negeri Cakung Timur 05 Pagi", "amenity": "school", "isced_level": null}},{"type": "Feature", "geometry": {"type":"Polygon","coordinates":[[[106.9644038,-6.1629225],[106.9644063,-6.1630378],[106.9644543,-6.1630859],[106.9644564,-6.1632617],[106.9646821,-6.163239],[106.9647924,-6.1631697],[106.964792,-6.1630043],[106.9647914,-6.1628643],[106.9646717,-6.1628626],[106.9646717,-6.1627476],[106.9645577,-6.1627451],[106.964557,-6.1629211],[106.9644038,-6.1629225]]]}, "properties": {"osm_id": 492520131, "osm_type": "ways_poly", "capacity": null, "name": "MTs Assa'adah", "amenity": "school", "isced_level": null}},{"type": "Feature", "geometry": {"type":"Polygon","coordinates":[[[107.0078074,-6.2768404],[107.008152,-6.2769924],[107.0082888,-6.2766698],[107.0082083,-6.2766351],[107.0082097,-6.2765684],[107.0079844,-6.2764698],[107.0078074,-6.2768404]]]}, "properties": {"osm_id": 928420636, "osm_type": "ways_poly", "capacity": null, "name": "SDN Pengasinan VIII", "amenity": "school", "isced_level": null}},{"type": "Feature", "geometry": {"type":"Polygon","coordinates":[[[107.0089671,-6.2668679],[107.0091535,-6.2669185],[107.0092366,-6.2666399],[107.0090516,-6.2665906],[107.0089671,-6.2668679]]]}, "properties": {"osm_id": 927234541, "osm_type": "ways_poly", "capacity": null, "name": "SD Islam Al Huda", "amenity": "school", "isced_level": null}},{"type": "Feature", "geometry": {"type":"Polygon","coordinates":[[[106.9036742,-6.3484157],[106.9037379,-6.348435],[106.9036949,-6.3486116],[106.9040094,-6.3486876],[106.9040684,-6.3484683],[106.903815,-6.3484044],[106.9038753,-6.3482457],[106.9037553,-6.3482024],[106.9036742,-6.3484157]]]}, "properties": {"osm_id": 511592165, "osm_type": "ways_poly", "capacity": null, "name": "SDIT Hidayatullah", "amenity": "school", "isced_level": null}},{"type": "Feature", "geometry": {"type":"Polygon","coordinates":[[[106.917109,-6.2516608],[106.9171234,-6.2521941],[106.9172441,-6.2521874],[106.917666,-6.2521767],[106.9176639,-6.2520581],[106.9177484,-6.2520541],[106.917747,-6.2519181],[106.9175687,-6.2519208],[106.9175767,-6.2514942],[106.9173767,-6.2515031],[106.917252,-6.2515039],[106.9172524,-6.2515619],[106.917158,-6.2515625],[106.917109,-6.2516608]]]}, "properties": {"osm_id": 500366320, "osm_type": "ways_poly", "capacity": null, "name": "SD Negeri Cipinang Melayu 04 Pagi", "amenity": "school", "isced_level": null}},{"type": "Feature", "geometry": {"type":"Polygon","coordinates":[[[106.9143594,-6.2539325],[106.9146652,-6.2539205],[106.9147437,-6.2541034],[106.9150853,-6.2539428],[106.9147873,-6.2532856],[106.914451,-6.2534035],[106.9145861,-6.2537738],[106.9143594,-6.2537885],[106.9143594,-6.2539325]]]}, "properties": {"osm_id": 334989588, "osm_type": "ways_poly", "capacity": null, "name": "SD Negeri Cipinang Melayu 09 Pagi dan 10 Pagi", "amenity": "school", "isced_level": null}},{"type": "Feature", "geometry": {"type":"Polygon","coordinates":[[[106.9567969,-6.2316031],[106.9568596,-6.2316269],[106.9568063,-6.2317659],[106.9570914,-6.2318739],[106.9571949,-6.2316041],[106.9568471,-6.2314723],[106.9567969,-6.2316031]]]}, "properties": {"osm_id": 793463032, "osm_type": "ways_poly", "capacity": null, "name": "SMK BAKTI MANDIRI", "amenity": "school", "isced_level": null}},{"type": "Feature", "geometry": {"type":"Polygon","coordinates":[[[106.9577957,-6.2323015],[106.9582517,-6.2324588],[106.9583134,-6.2323042],[106.9580881,-6.2322429],[106.9581873,-6.2320135],[106.9579459,-6.2319336],[106.9577957,-6.2323015]]]}, "properties": {"osm_id": 793463033, "osm_type": "ways_poly", "capacity": null, "name": "SMKS BINA MANDIRI", "amenity": "school", "isced_level": null}},{"type": "Feature", "geometry": {"type":"Polygon","coordinates":[[[107.0083423,-6.2906638],[107.0085354,-6.2908011],[107.0087124,-6.2907797],[107.0088894,-6.2908037],[107.008927,-6.2906638],[107.008986,-6.2904905],[107.0087781,-6.2903638],[107.008648,-6.2902798],[107.0085917,-6.2903385],[107.0085635,-6.2904211],[107.0083423,-6.2906638]]]}, "properties": {"osm_id": 1168874005, "osm_type": "ways_poly", "capacity": null, "name": "SDN Mustikasari III", "amenity": "school", "isced_level": null}},{"type": "Feature", "geometry": {"type":"Polygon","coordinates":[[[107.008921,-6.3154583],[107.0096451,-6.315737],[107.0097267,-6.3155793],[107.0089919,-6.3152868],[107.008921,-6.3154583]]]}, "properties": {"osm_id": 1218289828, "osm_type": "ways_poly", "capacity": null, "name": "SDN Padurenan III", "amenity": "school", "isced_level": null}},{"type": "Feature", "geometry": {"type":"Polygon","coordinates":[[[106.9366427,-6.3631262],[106.9370106,-6.3632195],[106.9370432,-6.3630626],[106.9370501,-6.3630009],[106.9370467,-6.3629274],[106.9370376,-6.3628764],[106.9370171,-6.3628305],[106.9370003,-6.3628027],[106.9367773,-6.3626925],[106.9367023,-6.3630163],[106.9366747,-6.3630151],[106.9366427,-6.3631262]]]}, "properties": {"osm_id": 1133830999, "osm_type": "ways_poly", "capacity": null, "name": "SDN Jatirangga", "amenity": "school", "isced_level": null}},{"type": "Feature", "geometry": {"type":"Polygon","coordinates":[[[106.9687226,-6.3046446],[106.9694081,-6.304944],[106.9693432,-6.3051064],[106.9694857,-6.3051623],[106.9695542,-6.3049855],[106.96952,-6.3049675],[106.9695615,-6.3048502],[106.9687713,-6.3045273],[106.9687226,-6.3046446]]]}, "properties": {"osm_id": 215886682, "osm_type": "ways_poly", "capacity": null, "name": "Al Fajar", "amenity": "school", "isced_level": null}},{"type": "Feature", "geometry": {"type":"Polygon","coordinates":[[[107.0015171,-6.2203454],[107.0015547,-6.2205],[107.0015708,-6.2218066],[107.0021997,-6.2218118],[107.0023993,-6.2218106],[107.002446,-6.2218108],[107.002344,-6.2201855],[107.0020053,-6.2201774],[107.0015171,-6.2203454]]]}, "properties": {"osm_id": 1274570647, "osm_type": "ways_poly", "capacity": null, "name": "Sekolah Islam Al-Azhar", "amenity": "school", "isced_level": null}},{"type": "Feature", "geometry": {"type":"Polygon","coordinates":[[[106.987693,-6.2440838],[106.98787,-6.2441145],[106.9879196,-6.2439425],[106.9877386,-6.2438892],[106.987693,-6.2440838]]]}, "properties": {"osm_id": 1268051026, "osm_type": "ways_poly", "capacity": null, "name": null, "amenity": "school", "isced_level": null}},{"type": "Feature", "geometry": {"type":"Polygon","coordinates":[[[106.980025,-6.2746672],[106.9800477,-6.2746739],[106.9803106,-6.2747521],[106.9804036,-6.274505],[106.9806556,-6.2745674],[106.9807074,-6.2744061],[106.9800789,-6.2742014],[106.9800495,-6.2742736],[106.9801377,-6.2743223],[106.9800992,-6.2744393],[106.980025,-6.2746672]]]}, "properties": {"osm_id": 1175224488, "osm_type": "ways_poly", "capacity": null, "name": "Sekolah MI Hidayatullah 1", "amenity": "school", "isced_level": null}},{"type": "Feature", "geometry": {"type":"Polygon","coordinates":[[[106.9901414,-6.1654932],[106.9901587,-6.1657752],[106.9901675,-6.1658772],[106.9901595,-6.1658872],[106.9901602,-6.1660352],[106.990413,-6.1660232],[106.9904116,-6.1656872],[106.9903975,-6.1655786],[106.9901414,-6.1654932]]]}, "properties": {"osm_id": 518507177, "osm_type": "ways_poly", "capacity": null, "name": "SD Pusaka Rakyat 2", "amenity": "school", "isced_level": null}},{"type": "Feature", "geometry": {"type":"Polygon","coordinates":[[[106.9636757,-6.1622407],[106.963735,-6.1622443],[106.9637322,-6.1622682],[106.9638703,-6.1622866],[106.9638834,-6.1622038],[106.9639085,-6.1622098],[106.963971,-6.1619467],[106.9638619,-6.1619245],[106.9638032,-6.1621885],[106.963796,-6.1621876],[106.9638218,-6.1619192],[106.9637149,-6.1619147],[106.9636976,-6.1621753],[106.9636798,-6.1621731],[106.9636757,-6.1622407]]]}, "properties": {"osm_id": 478214203, "osm_type": "ways_poly", "capacity": null, "name": "MTs Jauharotul Huda", "amenity": "school", "isced_level": null}},{"type": "Feature", "geometry": {"type":"Polygon","coordinates":[[[106.9752983,-6.3129732],[106.9754163,-6.3137624],[106.9761756,-6.3136571],[106.9762059,-6.3134158],[106.9762371,-6.3131679],[106.9752983,-6.3129732]]]}, "properties": {"osm_id": 258724362, "osm_type": "ways_poly", "capacity": null, "name": "Daar El-Salam", "amenity": "school", "isced_level": null}},{"type": "Feature", "geometry": {"type":"Polygon","coordinates":[[[106.8973084,-6.3327941],[106.8973185,-6.3328121],[106.897405,-6.3328794],[106.8977597,-6.33312],[106.8977925,-6.3331237],[106.8978549,-6.3330257],[106.8981942,-6.3331796],[106.8981969,-6.3332183],[106.8984363,-6.3333606],[106.8985234,-6.3332593],[106.8986924,-6.3332593],[106.8988091,-6.333202],[106.8988694,-6.333134],[106.8988171,-6.3331273],[106.8987139,-6.3331047],[106.8985556,-6.333094],[106.8984685,-6.3330727],[106.8982955,-6.332974],[106.8982686,-6.332974],[106.897979,-6.3328328],[106.8978824,-6.3327861],[106.8977107,-6.3326835],[106.8976356,-6.3326168],[106.8975941,-6.3325675],[106.8975726,-6.3325355],[106.8975377,-6.3325275],[106.8975002,-6.3325262],[106.8974465,-6.3325542],[106.8973862,-6.3326165],[106.897405,-6.3326305],[106.8973976,-6.3326678],[106.8973084,-6.3327941]]]}, "properties": {"osm_id": 510696575, "osm_type": "ways_poly", "capacity": null, "name": "SMK Prestasi Prima", "amenity": "school", "isced_level": null}},{"type": "Feature", "geometry": {"type":"Polygon","coordinates":[[[106.9948626,-6.2973152],[106.9948652,-6.2973512],[106.9951805,-6.2974484],[106.9954014,-6.2969218],[106.9956355,-6.2969455],[106.9958181,-6.2968627],[106.995953,-6.2964287],[106.9956177,-6.2963447],[106.9956821,-6.2959394],[106.9957586,-6.2953465],[106.9954203,-6.2954179],[106.9948626,-6.2973152]]]}, "properties": {"osm_id": 926414376, "osm_type": "ways_poly", "capacity": null, "name": "Kinderfield School", "amenity": "school", "isced_level": null}},{"type": "Feature", "geometry": {"type":"Polygon","coordinates":[[[106.9882899,-6.2989783],[106.9887358,-6.2991487],[106.98912,-6.2984907],[106.989415,-6.2985725],[106.9895522,-6.2983679],[106.989343,-6.29831],[106.9891509,-6.2983236],[106.9887049,-6.2982247],[106.9882899,-6.2989783]]]}, "properties": {"osm_id": 767429738, "osm_type": "ways_poly", "capacity": null, "name": "SMPN 8 Bekasi", "amenity": "school", "isced_level": null}},{"type": "Feature", "geometry": {"type":"Polygon","coordinates":[[[106.9555966,-6.1995363],[106.9556053,-6.199679],[106.9557895,-6.1996683],[106.9557764,-6.1994819],[106.9555966,-6.1995363]]]}, "properties": {"osm_id": 498152112, "osm_type": "ways_poly", "capacity": null, "name": "Yayasan Bhakti Mulia - MI Al Ittihad, SMP Bhakti Mulia, SMK Ekopin", "amenity": "school", "isced_level": null}},{"type": "Feature", "geometry": {"type":"Polygon","coordinates":[[[106.9729839,-6.1963037],[106.9730622,-6.1967116],[106.9734139,-6.1966311],[106.9732794,-6.1962421],[106.9729839,-6.1963037]]]}, "properties": {"osm_id": 1206871931, "osm_type": "ways_poly", "capacity": null, "name": "SMK Mandiri Bekasi", "amenity": "school", "isced_level": null}},{"type": "Feature", "geometry": {"type":"Polygon","coordinates":[[[106.9048428,-6.315176],[106.9048501,-6.3153023],[106.9056826,-6.3154012],[106.9057468,-6.3158872],[106.905802,-6.3158777],[106.905847,-6.3159102],[106.9058468,-6.3160319],[106.9063871,-6.3160728],[106.9063772,-6.315818],[106.9061501,-6.315858],[106.9061081,-6.3155525],[106.9065406,-6.3154726],[106.9067262,-6.3157114],[106.9067761,-6.3156822],[106.9069401,-6.3158005],[106.907001,-6.3158317],[106.9072728,-6.3158429],[106.9073726,-6.3156598],[106.9073049,-6.3155861],[106.9072394,-6.3153639],[106.9072952,-6.3151809],[106.9071606,-6.3151356],[106.9071218,-6.3152381],[106.9070132,-6.3152415],[106.9069503,-6.3148163],[106.9068482,-6.3146297],[106.906801,-6.3146078],[106.9069028,-6.3141127],[106.906676,-6.3140669],[106.9066225,-6.3142982],[106.9066897,-6.3143686],[106.906593,-6.3146029],[106.9063227,-6.3148349],[106.9062485,-6.3149626],[106.9063928,-6.3151777],[106.9064205,-6.3152572],[106.9061341,-6.3151319],[106.9060714,-6.3150762],[106.9060773,-6.3149835],[106.9057038,-6.3149391],[106.9056685,-6.3152532],[106.9048428,-6.315176]]]}, "properties": {"osm_id": 1316349688, "osm_type": "ways_poly", "capacity": null, "name": "Universitas Paramadina", "amenity": "university", "isced_level": null}},{"type": "Feature", "geometry": {"type":"Polygon","coordinates":[[[106.9413526,-6.3168113],[106.9420789,-6.3169027],[106.9420825,-6.3167703],[106.9420641,-6.3166902],[106.9420195,-6.3166146],[106.9419673,-6.3165757],[106.9413614,-6.3165329],[106.9413526,-6.3168113]]]}, "properties": {"osm_id": 1287488250, "osm_type": "ways_poly", "capacity": null, "name": "SMPN 47 Kota Bekasi", "amenity": "school", "isced_level": null}},{"type": "Feature", "geometry": {"type":"Polygon","coordinates":[[[106.8998641,-6.3140695],[106.8999512,-6.3145441],[106.9003509,-6.3145667],[106.900371,-6.3142828],[106.9002986,-6.3142801],[106.9003401,-6.3140045],[106.9001886,-6.3139682],[106.8998721,-6.3139709],[106.8998641,-6.3140695]]]}, "properties": {"osm_id": 1476919981, "osm_type": "ways_poly", "capacity": null, "name": "SDN Bambu Apus 02 Pagi", "amenity": "school", "isced_level": null}},{"type": "Feature", "geometry": {"type":"Polygon","coordinates":[[[106.9133677,-6.3110757],[106.9134039,-6.3112743],[106.9135353,-6.3113166],[106.9135554,-6.3112506],[106.9135893,-6.311261],[106.9136211,-6.311156],[106.9137415,-6.3111933],[106.9137569,-6.3111457],[106.9138411,-6.311169],[106.9140731,-6.3105572],[106.9136728,-6.3104105],[106.9135635,-6.3107011],[106.9135112,-6.3106825],[106.9133677,-6.3110757]]]}, "properties": {"osm_id": 509514610, "osm_type": "ways_poly", "capacity": null, "name": "Sekolah Menengah Cikal Amri", "amenity": "school", "isced_level": null}},{"type": "Feature", "geometry": {"type":"Polygon","coordinates":[[[106.9099492,-6.3415027],[106.9103636,-6.3416586],[106.9105185,-6.3417126],[106.9105896,-6.3415127],[106.9103549,-6.3414188],[106.9103824,-6.341376],[106.9100444,-6.3412534],[106.9099492,-6.3415027]]]}, "properties": {"osm_id": 1493440492, "osm_type": "ways_poly", "capacity": null, "name": "SMPN 196 Jakarta", "amenity": "school", "isced_level": null}},{"type": "Feature", "geometry": {"type":"Polygon","coordinates":[[[106.9100055,-6.2984976],[106.9101215,-6.2985261],[106.9101552,-6.2983706],[106.9102731,-6.2983879],[106.9102757,-6.2983726],[106.9105684,-6.2984329],[106.9106057,-6.2982263],[106.9107109,-6.2982483],[106.9107331,-6.298155],[106.9107833,-6.2981643],[106.9108023,-6.2980743],[106.9104762,-6.2980013],[106.9103368,-6.2979724],[106.9103021,-6.2981293],[106.9102171,-6.298112],[106.9101812,-6.2982883],[106.9100578,-6.298259],[106.9100055,-6.2984976]]]}, "properties": {"osm_id": 515411846, "osm_type": "ways_poly", "capacity": null, "name": "SD Negeri Lubang Buaya 06 Pagi", "amenity": "school", "isced_level": null}},{"type": "Feature", "geometry": {"type":"Polygon","coordinates":[[[106.9122217,-6.2826018],[106.9128151,-6.2825732],[106.9128259,-6.2824705],[106.9128406,-6.2821886],[106.9122532,-6.2821679],[106.9122217,-6.2826018]]]}, "properties": {"osm_id": 1236738024, "osm_type": "ways_poly", "capacity": null, "name": "SMP Negeri 6 Bekasi", "amenity": "school", "isced_level": null}},{"type": "Feature", "geometry": {"type":"Polygon","coordinates":[[[106.9122961,-6.2821586],[106.9128406,-6.2821886],[106.9128259,-6.2824705],[106.9130445,-6.2824779],[106.9130498,-6.2819173],[106.9124832,-6.2817574],[106.9124684,-6.2818067],[106.9123786,-6.281786],[106.9122961,-6.2821586]]]}, "properties": {"osm_id": 1236738025, "osm_type": "ways_poly", "capacity": null, "name": "SD Negeri Jatiwaringin 2", "amenity": "school", "isced_level": null}},{"type": "Feature", "geometry": {"type":"Polygon","coordinates":[[[106.9634341,-6.2707673],[106.963666,-6.2708555],[106.9636353,-6.2709809],[106.9640549,-6.2710826],[106.9640651,-6.2709843],[106.9642186,-6.2709877],[106.964263,-6.270791],[106.964222,-6.2707436],[106.9642698,-6.2705707],[106.9642084,-6.270452],[106.9641572,-6.2703299],[106.9641504,-6.2702316],[106.963707,-6.2700892],[106.9636702,-6.2701313],[106.9635944,-6.270218],[106.9634621,-6.2706715],[106.9634341,-6.2707673]]]}, "properties": {"osm_id": 767731074, "osm_type": "ways_poly", "capacity": null, "name": "SMAN 17 Bekasi", "amenity": "school", "isced_level": null}},{"type": "Feature", "geometry": {"type":"Polygon","coordinates":[[[107.081102,-6.2494748],[107.0815528,-6.2495885],[107.0816317,-6.2491177],[107.081652,-6.2490441],[107.0813822,-6.2489646],[107.0813344,-6.2491438],[107.0812664,-6.2492685],[107.0811386,-6.2493397],[107.081102,-6.2494748]]]}, "properties": {"osm_id": 1301535209, "osm_type": "ways_poly", "capacity": null, "name": "SDN 15 Wanasari", "amenity": "school", "isced_level": null}},{"type": "Feature", "geometry": {"type":"Polygon","coordinates":[[[106.9313576,-6.2829168],[106.9314177,-6.2837734],[106.9314897,-6.2838007],[106.93153,-6.2836721],[106.9316656,-6.2836872],[106.93192,-6.2829345],[106.9319733,-6.2826688],[106.931654,-6.2826719],[106.9316483,-6.2829124],[106.9313576,-6.2829168]]]}, "properties": {"osm_id": 1227502197, "osm_type": "ways_poly", "capacity": null, "name": "SMP Islam AL Azhar 55", "amenity": "school", "isced_level": null}},{"type": "Feature", "geometry": {"type":"Polygon","coordinates":[[[106.9262282,-6.2810629],[106.9262611,-6.2811708],[106.9262404,-6.2813079],[106.9262876,-6.2815107],[106.9264343,-6.2815097],[106.9265212,-6.2812639],[106.9267626,-6.2813201],[106.926768,-6.2811975],[106.9266647,-6.2811761],[106.9265306,-6.2811495],[106.9266245,-6.2809655],[106.9265025,-6.2808642],[106.926266,-6.281033],[106.9262282,-6.2810629]]]}, "properties": {"osm_id": 720898004, "osm_type": "ways_poly", "capacity": null, "name": "SD Islam Terpadu IQRO", "amenity": "school", "isced_level": null}},{"type": "Feature", "geometry": {"type":"Polygon","coordinates":[[[106.9041844,-6.2877714],[106.904456,-6.28786],[106.9044258,-6.288038],[106.9046733,-6.2880787],[106.9048262,-6.2871455],[106.9043662,-6.2870769],[106.9043051,-6.2874518],[106.9042471,-6.2874425],[106.90422,-6.2875861],[106.9042394,-6.2876008],[106.9041844,-6.2877714]]]}, "properties": {"osm_id": 515411866, "osm_type": "ways_poly", "capacity": "500", "name": "SMP Negeri 81 Jakarta", "amenity": "school", "isced_level": null}},{"type": "Feature", "geometry": {"type":"Polygon","coordinates":[[[106.8991788,-6.3476013],[106.8994849,-6.3477203],[106.8994812,-6.3477296],[106.8995365,-6.3477536],[106.8995395,-6.3477702],[106.8996441,-6.3478079],[106.8997782,-6.347502],[106.9001424,-6.3476493],[106.9001752,-6.3475626],[106.900201,-6.3475636],[106.900248,-6.3474432],[106.8997789,-6.3472398],[106.8997655,-6.3472647],[106.8997072,-6.3472381],[106.8995846,-6.3475038],[106.8993145,-6.3474012],[106.8992203,-6.3474567],[106.8991788,-6.3476013]]]}, "properties": {"osm_id": 507481597, "osm_type": "ways_poly", "capacity": null, "name": "SD Negeri Munjul 01", "amenity": "school", "isced_level": null}},{"type": "Feature", "geometry": {"type":"Polygon","coordinates":[[[106.8994537,-6.3474345],[106.8995864,-6.3474873],[106.8996583,-6.3473185],[106.8995376,-6.3472712],[106.8994537,-6.3474345]]]}, "properties": {"osm_id": 507481661, "osm_type": "ways_poly", "capacity": null, "name": "TK Negeri", "amenity": "school", "isced_level": null}},{"type": "Feature", "geometry": {"type":"Polygon","coordinates":[[[106.9244754,-6.3510361],[106.9248179,-6.3510986],[106.924849,-6.3509298],[106.9247692,-6.3509153],[106.9248085,-6.3507031],[106.9245544,-6.3506567],[106.924537,-6.3507504],[106.9247093,-6.3507819],[106.9246799,-6.3509409],[106.9244991,-6.3509079],[106.9244754,-6.3510361]]]}, "properties": {"osm_id": 902573147, "osm_type": "ways_poly", "capacity": null, "name": "SMA Islam Darul Abror", "amenity": "school", "isced_level": null}},{"type": "Feature", "geometry": {"type":"Polygon","coordinates":[[[106.94323,-6.252366],[106.9433541,-6.2523394],[106.9437034,-6.2523254],[106.9436964,-6.2520541],[106.9436759,-6.2519215],[106.9436538,-6.2517472],[106.9434838,-6.2517688],[106.943283,-6.2517898],[106.94323,-6.252366]]]}, "properties": {"osm_id": 512048903, "osm_type": "ways_poly", "capacity": null, "name": "MI, MTs, MA dan Ponpes Al Hidayah", "amenity": "school", "isced_level": null}},{"type": "Feature", "geometry": {"type":"Polygon","coordinates":[[[106.9281193,-6.3682688],[106.9287912,-6.3684405],[106.9289832,-6.3677002],[106.9283151,-6.3675132],[106.9281193,-6.3682688]]]}, "properties": {"osm_id": 767429756, "osm_type": "ways_poly", "capacity": null, "name": "SMPN 28 Bekasi", "amenity": "school", "isced_level": null}},{"type": "Feature", "geometry": {"type":"Polygon","coordinates":[[[106.9492476,-6.3260659],[106.949622,-6.3261701],[106.9496794,-6.3262314],[106.9498204,-6.326273],[106.9498639,-6.3260797],[106.9499157,-6.325878],[106.9496639,-6.3258426],[106.9493307,-6.3258275],[106.9492955,-6.3258426],[106.9492695,-6.3259636],[106.9492476,-6.3260659]]]}, "properties": {"osm_id": 767429757, "osm_type": "ways_poly", "capacity": null, "name": "SMPN 39 Bekasi", "amenity": "school", "isced_level": null}},{"type": "Feature", "geometry": {"type":"Polygon","coordinates":[[[106.9387163,-6.2826536],[106.9391528,-6.2827125],[106.9392178,-6.282236],[106.9387813,-6.2821771],[106.9387163,-6.2826536]]]}, "properties": {"osm_id": 720893932, "osm_type": "ways_poly", "capacity": null, "name": "SD Negeri Jatimakmur 05", "amenity": "school", "isced_level": null}},{"type": "Feature", "geometry": {"type":"Polygon","coordinates":[[[106.9573498,-6.3166033],[106.9578291,-6.3167323],[106.957924,-6.3164916],[106.957587,-6.3163527],[106.9574172,-6.3165115],[106.9573498,-6.3166033]]]}, "properties": {"osm_id": 767733583, "osm_type": "ways_poly", "capacity": null, "name": "SMAN 21 Bekasi", "amenity": "school", "isced_level": null}},{"type": "Feature", "geometry": {"type":"Polygon","coordinates":[[[106.9501307,-6.2660026],[106.9507277,-6.2661178],[106.9507574,-6.2659512],[106.9501652,-6.2658387],[106.9501307,-6.2660026]]]}, "properties": {"osm_id": 1226866673, "osm_type": "ways_poly", "capacity": null, "name": "SDN Jatibening II", "amenity": "school", "isced_level": null}},{"type": "Feature", "geometry": {"type":"Polygon","coordinates":[[[106.9589635,-6.2589171],[106.9591232,-6.2589171],[106.9591179,-6.2591073],[106.9591846,-6.2591108],[106.9591969,-6.2591806],[106.9595057,-6.2591753],[106.9595005,-6.2586241],[106.959167,-6.2586136],[106.9591302,-6.2587253],[106.9589915,-6.2587148],[106.9589837,-6.2587751],[106.9589635,-6.2589171]]]}, "properties": {"osm_id": 1205355318, "osm_type": "ways_poly", "capacity": null, "name": "Universitas Gunadarma J6 Cikunir", "amenity": "university", "isced_level": null}},{"type": "Feature", "geometry": {"type":"Polygon","coordinates":[[[106.9590292,-6.2998015],[106.9593036,-6.2998846],[106.959505,-6.2994038],[106.9594579,-6.2993773],[106.9593555,-6.2993203],[106.95917,-6.2992108],[106.9591114,-6.2994169],[106.9590443,-6.2996533],[106.9590292,-6.2998015]]]}, "properties": {"osm_id": 1133078200, "osm_type": "ways_poly", "capacity": null, "name": "SDN Jatiasih 1 Kota Bekasi", "amenity": "school", "isced_level": null}},{"type": "Feature", "geometry": {"type":"Polygon","coordinates":[[[107.0666772,-6.272545],[107.0671548,-6.2724485],[107.0670981,-6.2721549],[107.066797,-6.2720884],[107.0666772,-6.272545]]]}, "properties": {"osm_id": 1301534598, "osm_type": "ways_poly", "capacity": null, "name": "SDN 06 Tambun", "amenity": "school", "isced_level": null}},{"type": "Feature", "geometry": {"type":"Polygon","coordinates":[[[106.9093095,-6.342493],[106.9097842,-6.3426236],[106.9098084,-6.3424663],[106.9098151,-6.3422891],[106.9097815,-6.3420865],[106.9097319,-6.3419932],[106.9096005,-6.3418519],[106.9095173,-6.3418159],[106.9093095,-6.342493]]]}, "properties": {"osm_id": 1493440491, "osm_type": "ways_poly", "capacity": null, "name": "SDN Cilangkap 01, 02, 05 Pagi", "amenity": "school", "isced_level": null}},{"type": "Feature", "geometry": {"type":"Polygon","coordinates":[[[106.9954613,-6.2952063],[106.9956866,-6.2952996],[106.9963277,-6.2951583],[106.9963411,-6.2948277],[106.9963062,-6.2948117],[106.9963116,-6.2946944],[106.9958637,-6.2946784],[106.9957993,-6.2946544],[106.9957912,-6.2945131],[106.995633,-6.2945158],[106.9955907,-6.2946371],[106.9955686,-6.2948517],[106.9955518,-6.2948547],[106.9955472,-6.2949957],[106.9954613,-6.2952063]]]}, "properties": {"osm_id": 926251546, "osm_type": "ways_poly", "capacity": null, "name": "Politeknik Bhakti Kartini", "amenity": "school", "isced_level": null}},{"type": "Feature", "geometry": {"type":"Polygon","coordinates":[[[106.989932,-6.3592019],[106.9901862,-6.3593964],[106.9904774,-6.3595357],[106.9905837,-6.3592953],[106.989989,-6.3590741],[106.989932,-6.3592019]]]}, "properties": {"osm_id": 1292423891, "osm_type": "ways_poly", "capacity": null, "name": "SDN Ciketing Udik 1", "amenity": "school", "isced_level": null}},{"type": "Feature", "geometry": {"type":"Polygon","coordinates":[[[106.8950414,-6.3304653],[106.8957022,-6.3307443],[106.8957299,-6.3306733],[106.8958146,-6.330706],[106.8958411,-6.3306384],[106.8956414,-6.3305613],[106.895625,-6.3306031],[106.8950711,-6.3303894],[106.8950414,-6.3304653]]]}, "properties": {"osm_id": 155941057, "osm_type": "ways_poly", "capacity": null, "name": "SMK Budi Murni 5", "amenity": "school", "isced_level": null}},{"type": "Feature", "geometry": {"type":"Polygon","coordinates":[[[107.0641839,-6.2436573],[107.0644384,-6.2437773],[107.0646612,-6.2439183],[107.0649502,-6.243486],[107.0644331,-6.2431933],[107.0641839,-6.2436573]]]}, "properties": {"osm_id": 1155361168, "osm_type": "ways_poly", "capacity": null, "name": "SDN Jaya Suti Abadi", "amenity": "school", "isced_level": null}},{"type": "Feature", "geometry": {"type":"Polygon","coordinates":[[[106.9867931,-6.1581128],[106.9868226,-6.1589422],[106.9881624,-6.1590129],[106.9882455,-6.1580635],[106.9877346,-6.1580288],[106.9877064,-6.1581342],[106.9867931,-6.1581128]]]}, "properties": {"osm_id": 1378236724, "osm_type": "ways_poly", "capacity": null, "name": "SMKN 1 Tarumajaya", "amenity": "school", "isced_level": null}},{"type": "Feature", "geometry": {"type":"Polygon","coordinates":[[[106.9516289,-6.1890362],[106.9519722,-6.1890726],[106.9520389,-6.1884506],[106.9516956,-6.1884142],[106.9516289,-6.1890362]]]}, "properties": {"osm_id": 496058658, "osm_type": "ways_poly", "capacity": null, "name": "SDK Sang Timur", "amenity": "school", "isced_level": null}},{"type": "Feature", "geometry": {"type":"Polygon","coordinates":[[[106.9699543,-6.239739],[106.9700572,-6.2397977],[106.9703932,-6.2392156],[106.9702903,-6.2391569],[106.9699543,-6.239739]]]}, "properties": {"osm_id": 1498819881, "osm_type": "ways_poly", "capacity": null, "name": "SDN JAKASAMPURNA III", "amenity": "school", "isced_level": null}},{"type": "Feature", "geometry": {"type":"Polygon","coordinates":[[[106.9175911,-6.2511609],[106.9176258,-6.2518421],[106.9178392,-6.2518671],[106.9178513,-6.2517765],[106.9180827,-6.2517604],[106.9180788,-6.2516851],[106.9181658,-6.2515199],[106.9181534,-6.2513136],[106.9181434,-6.2511418],[106.9175911,-6.2511609]]]}, "properties": {"osm_id": 120171552, "osm_type": "ways_poly", "capacity": null, "name": "SD Negeri Cipinang Melayu 03 Pagi", "amenity": "school", "isced_level": null}},{"type": "Feature", "geometry": {"type":"Polygon","coordinates":[[[106.9403211,-6.2540065],[106.940378,-6.2540191],[106.9403875,-6.2539719],[106.9403306,-6.2539562],[106.9403211,-6.2540065]]]}, "properties": {"osm_id": 1499081263, "osm_type": "ways_poly", "capacity": null, "name": "TK Al Ikhlas", "amenity": "school", "isced_level": null}},{"type": "Feature", "geometry": {"type":"Polygon","coordinates":[[[106.9032059,-6.2518491],[106.9033504,-6.2518491],[106.9033504,-6.2518022],[106.9032996,-6.2518022],[106.9032991,-6.251754],[106.9032219,-6.251758],[106.9032217,-6.2518022],[106.9032059,-6.2518022],[106.9032059,-6.2518491]]]}, "properties": {"osm_id": 500968864, "osm_type": "ways_poly", "capacity": null, "name": "SLB-C Surya Wiyata", "amenity": "school", "isced_level": null}},{"type": "Feature", "geometry": {"type":"Polygon","coordinates":[[[106.9025785,-6.2926349],[106.9030318,-6.2930348],[106.9031331,-6.2929071],[106.9030653,-6.2928335],[106.9034864,-6.2923563],[106.9035092,-6.2923816],[106.9036138,-6.292279],[106.9030573,-6.2917898],[106.902895,-6.2919927],[106.9029015,-6.2920076],[106.9027927,-6.292134],[106.9027669,-6.2921084],[106.9026328,-6.2922597],[106.902785,-6.2923896],[106.9025785,-6.2926349]]]}, "properties": {"osm_id": 515411864, "osm_type": "ways_poly", "capacity": null, "name": "SMA Negeri 113 Jakarta", "amenity": "school", "isced_level": null}},{"type": "Feature", "geometry": {"type":"Polygon","coordinates":[[[106.9547247,-6.3665374],[106.9548762,-6.3665992],[106.9552812,-6.3665672],[106.9556192,-6.3665939],[106.9556942,-6.3665352],[106.9557935,-6.3662553],[106.9559162,-6.3660008],[106.9561677,-6.3655737],[106.9555306,-6.3653037],[106.9556547,-6.3649575],[106.9553187,-6.3648732],[106.9551055,-6.3651824],[106.9553107,-6.3652504],[106.9550478,-6.3660633],[106.9548655,-6.3659888],[106.9547615,-6.3662261],[106.9548547,-6.366266],[106.9547247,-6.3665374]]]}, "properties": {"osm_id": 258873936, "osm_type": "ways_poly", "capacity": null, "name": "Sekolah Islam Terpadu Fajar Hidayah", "amenity": "school", "isced_level": null}},{"type": "Feature", "geometry": {"type":"Polygon","coordinates":[[[106.9540247,-6.3874189],[106.9540896,-6.3875673],[106.9541793,-6.3877724],[106.954418,-6.3877662],[106.9546919,-6.3877793],[106.9549128,-6.3878276],[106.9551204,-6.3879593],[106.9553679,-6.3880603],[106.955686,-6.388192],[106.9559599,-6.3882886],[106.9562471,-6.3883369],[106.9564768,-6.3883501],[106.9565917,-6.3882886],[106.9567596,-6.3879901],[106.9568568,-6.3876169],[106.9570076,-6.3863386],[106.9568798,-6.3855704],[106.95656,-6.3856176],[106.9565508,-6.3857925],[106.9563262,-6.3860472],[106.9560481,-6.3862986],[106.9557136,-6.3865794],[106.9553636,-6.3867993],[106.9549908,-6.3870039],[106.9546875,-6.3871427],[106.9542898,-6.3872832],[106.9540247,-6.3874189]]]}, "properties": {"osm_id": 258873606, "osm_type": "ways_poly", "capacity": null, "name": "Sekolah Bunda Hati Kudus", "amenity": "school", "isced_level": null}},{"type": "Feature", "geometry": {"type":"Polygon","coordinates":[[[106.956625,-6.3640508],[106.9567481,-6.3643041],[106.9569683,-6.3647572],[106.9576603,-6.3643574],[106.9578668,-6.3640961],[106.9574533,-6.3639419],[106.9568342,-6.3637522],[106.956625,-6.3640508]]]}, "properties": {"osm_id": 1268029261, "osm_type": "ways_poly", "capacity": null, "name": "SMAN 2 Gunung Putri", "amenity": "school", "isced_level": null}},{"type": "Feature", "geometry": {"type":"Polygon","coordinates":[[[106.8757739,-6.27531],[106.8760779,-6.2755159],[106.8761564,-6.2754013],[106.8758524,-6.2751955],[106.8757739,-6.27531]]]}, "properties": {"osm_id": 155935457, "osm_type": "ways_poly", "capacity": null, "name": "SD Negeri Makasar 03 Pagi & 04 Petang", "amenity": "school", "isced_level": null}},{"type": "Feature", "geometry": {"type":"Polygon","coordinates":[[[107.0114505,-6.3477183],[107.0119955,-6.3479445],[107.01228,-6.3473046],[107.0121303,-6.3470426],[107.0119386,-6.3469593],[107.0114505,-6.3477183]]]}, "properties": {"osm_id": 767429755, "osm_type": "ways_poly", "capacity": null, "name": "SMPN 27 Bekasi", "amenity": "school", "isced_level": null}},{"type": "Feature", "geometry": {"type":"Polygon","coordinates":[[[107.0247602,-6.3069618],[107.0256121,-6.3070213],[107.0256245,-6.3066727],[107.0256513,-6.3066501],[107.0257132,-6.3063016],[107.0254079,-6.30632],[107.0250799,-6.3065169],[107.0249788,-6.306603],[107.0248592,-6.3067363],[107.0247643,-6.3068244],[107.0247602,-6.3069618]]]}, "properties": {"osm_id": 767429754, "osm_type": "ways_poly", "capacity": null, "name": "SMPN 26 Bekasi", "amenity": "school", "isced_level": null}},{"type": "Feature", "geometry": {"type":"Polygon","coordinates":[[[107.0663564,-6.1818494],[107.0664463,-6.1818614],[107.0664896,-6.1815409],[107.0663998,-6.1815289],[107.0663564,-6.1818494]]]}, "properties": {"osm_id": 501135832, "osm_type": "ways_poly", "capacity": null, "name": "SDN Srijaya 01", "amenity": "school", "isced_level": null}},{"type": "Feature", "geometry": {"type":"Polygon","coordinates":[[[106.9626693,-6.1855439],[106.9633569,-6.185558],[106.9633706,-6.1854641],[106.9631434,-6.1853898],[106.9632959,-6.1848881],[106.9628908,-6.184746],[106.9628012,-6.1850525],[106.9627059,-6.1854061],[106.9626785,-6.1854084],[106.9626693,-6.1855439]]]}, "properties": {"osm_id": 495991724, "osm_type": "ways_poly", "capacity": null, "name": "SMK Perbankan Nasional, SMK Mercusuar, SMK Dewaruci", "amenity": "school", "isced_level": null}},{"type": "Feature", "geometry": {"type":"Polygon","coordinates":[[[106.874859,-6.2541989],[106.8753356,-6.2542527],[106.8753877,-6.2539794],[106.8754249,-6.2537749],[106.875443,-6.2537777],[106.8754577,-6.2536814],[106.8751519,-6.2536354],[106.8751156,-6.2538731],[106.8749133,-6.2538426],[106.874859,-6.2541989]]]}, "properties": {"osm_id": 155956719, "osm_type": "ways_poly", "capacity": null, "name": "SD Negeri Kebon Pala 07 Dan 09 Pagi", "amenity": "school", "isced_level": null}},{"type": "Feature", "geometry": {"type":"Polygon","coordinates":[[[106.9553083,-6.1465271],[106.9556154,-6.1465551],[106.955658,-6.1460924],[106.9553509,-6.1460644],[106.9553083,-6.1465271]]]}, "properties": {"osm_id": 524307606, "osm_type": "ways_poly", "capacity": null, "name": "SD Negeri Rorotan 07 Pagi", "amenity": "school", "isced_level": null}},{"type": "Feature", "geometry": {"type":"Polygon","coordinates":[[[106.9058065,-6.3520738],[106.9064248,-6.3523403],[106.9065723,-6.3520964],[106.9064234,-6.3520138],[106.9065696,-6.3517072],[106.9062933,-6.3516073],[106.9061914,-6.3518778],[106.9059353,-6.3517699],[106.9058065,-6.3520738]]]}, "properties": {"osm_id": 1493440504, "osm_type": "ways_poly", "capacity": null, "name": "MAN 14 Jakarta", "amenity": "school", "isced_level": null}},{"type": "Feature", "geometry": {"type":"Polygon","coordinates":[[[107.0617455,-6.226335],[107.0618733,-6.2263318],[107.0618785,-6.2265426],[107.0624092,-6.2265295],[107.0625836,-6.2264238],[107.0625801,-6.2263224],[107.0625237,-6.2262994],[107.062471,-6.2259698],[107.0623658,-6.2260122],[107.0622892,-6.2260544],[107.0622472,-6.2260776],[107.0620465,-6.226206],[107.0620076,-6.2262047],[107.0619466,-6.2262363],[107.0618414,-6.2262382],[107.061761,-6.2262361],[107.0617455,-6.226335]]]}, "properties": {"osm_id": 501860996, "osm_type": "ways_poly", "capacity": null, "name": "SMA", "amenity": "school", "isced_level": null}},{"type": "Feature", "geometry": {"type":"Polygon","coordinates":[[[107.064769,-6.1774756],[107.0650032,-6.1775621],[107.0650381,-6.1774688],[107.0648038,-6.1773823],[107.064769,-6.1774756]]]}, "properties": {"osm_id": 500813324, "osm_type": "ways_poly", "capacity": null, "name": null, "amenity": "school", "isced_level": null}},{"type": "Feature", "geometry": {"type":"Polygon","coordinates":[[[107.0134737,-6.2781873],[107.0137755,-6.2782979],[107.0138559,-6.2780686],[107.0136239,-6.2779833],[107.0135985,-6.278062],[107.013518,-6.2780353],[107.0134737,-6.2781873]]]}, "properties": {"osm_id": 930610960, "osm_type": "ways_poly", "capacity": null, "name": "SDN Pengasinan IV", "amenity": "school", "isced_level": null}},{"type": "Feature", "geometry": {"type":"Polygon","coordinates":[[[107.0790678,-6.2396232],[107.0794658,-6.2396925],[107.0793609,-6.2400092],[107.0796432,-6.2401058],[107.079788,-6.2397259],[107.079908,-6.2393792],[107.0799328,-6.2392832],[107.0799848,-6.2390446],[107.0794527,-6.238902],[107.0793213,-6.2393406],[107.079159,-6.2392952],[107.0790678,-6.2396232]]]}, "properties": {"osm_id": 1160027693, "osm_type": "ways_poly", "capacity": null, "name": "Putradarma Islamic School", "amenity": "school", "isced_level": null}},{"type": "Feature", "geometry": {"type":"Polygon","coordinates":[[[106.9582377,-6.1929772],[106.9586065,-6.1931712],[106.958762,-6.1932185],[106.9589773,-6.1928105],[106.9590142,-6.1925845],[106.9588056,-6.1925106],[106.9586916,-6.1926999],[106.9584287,-6.1925992],[106.9582377,-6.1929772]]]}, "properties": {"osm_id": 496571735, "osm_type": "ways_poly", "capacity": null, "name": "Yayasan IsIam Rabi'ah Al Adawiyah RA-MI-MTs", "amenity": "school", "isced_level": null}},{"type": "Feature", "geometry": {"type":"Polygon","coordinates":[[[106.8968467,-6.3229266],[106.8968519,-6.3230557],[106.8971795,-6.3230426],[106.8971743,-6.3229135],[106.8970119,-6.32292],[106.8970104,-6.3228841],[106.8969301,-6.3228873],[106.8969315,-6.3229232],[106.8968467,-6.3229266]]]}, "properties": {"osm_id": 404102330, "osm_type": "ways_poly", "capacity": null, "name": "SD, SMP, SLB-E Handayani", "amenity": "school", "isced_level": null}},{"type": "Feature", "geometry": {"type":"Polygon","coordinates":[[[107.0345466,-6.2306186],[107.0349006,-6.2306879],[107.0349704,-6.230664],[107.0350615,-6.2305386],[107.0351045,-6.2304106],[107.0350642,-6.2303307],[107.0346753,-6.2302053],[107.0345466,-6.2306186]]]}, "properties": {"osm_id": 768004872, "osm_type": "ways_poly", "capacity": null, "name": "SMKN 6 Bekasi", "amenity": "school", "isced_level": null}},{"type": "Feature", "geometry": {"type":"Polygon","coordinates":[[[106.9575148,-6.198667],[106.9575229,-6.1986692],[106.9577916,-6.1987428],[106.95785,-6.1985308],[106.9577692,-6.1985088],[106.9577329,-6.1986406],[106.9576314,-6.1986129],[106.9576562,-6.1985227],[106.9576917,-6.1985324],[106.9577113,-6.1984615],[106.9575839,-6.1984268],[106.9575148,-6.198667]]]}, "properties": {"osm_id": 497729310, "osm_type": "ways_poly", "capacity": null, "name": "MI-MTs-SMK Al Wathoniyah 17", "amenity": "school", "isced_level": null}},{"type": "Feature", "geometry": {"type":"Polygon","coordinates":[[[106.9628154,-6.2140525],[106.9632891,-6.2140655],[106.9633064,-6.2134421],[106.9628273,-6.2134531],[106.9628154,-6.2140525]]]}, "properties": {"osm_id": 252697042, "osm_type": "ways_poly", "capacity": null, "name": "SDN Kota Baru IX", "amenity": "school", "isced_level": null}},{"type": "Feature", "geometry": {"type":"Polygon","coordinates":[[[106.8906226,-6.2534694],[106.8908989,-6.2540093],[106.8917586,-6.2536774],[106.8916151,-6.2531868],[106.8906226,-6.2534694]]]}, "properties": {"osm_id": 517004707, "osm_type": "ways_poly", "capacity": null, "name": "SMP Negeri 214 Jakarta", "amenity": "school", "isced_level": null}},{"type": "Feature", "geometry": {"type":"Polygon","coordinates":[[[106.9484227,-6.1643105],[106.9486971,-6.1643308],[106.9487029,-6.1642522],[106.9484286,-6.1642319],[106.9484227,-6.1643105]]]}, "properties": {"osm_id": 492903972, "osm_type": "ways_poly", "capacity": null, "name": "MI Tarbiyatul Athfal (Yapita)", "amenity": "school", "isced_level": null}},{"type": "Feature", "geometry": {"type":"Polygon","coordinates":[[[107.0115379,-6.2575788],[107.0120143,-6.2577349],[107.0120931,-6.2575221],[107.011842,-6.2574015],[107.0117611,-6.2575372],[107.0115707,-6.2574769],[107.0115379,-6.2575788]]]}, "properties": {"osm_id": 1507459216, "osm_type": "ways_poly", "capacity": null, "name": "SDN Margahayu XII", "amenity": "school", "isced_level": null}},{"type": "Feature", "geometry": {"type":"Polygon","coordinates":[[[106.9032993,-6.2902248],[106.9037667,-6.2903248],[106.9037979,-6.2901785],[106.9038364,-6.2901808],[106.9038587,-6.2900905],[106.9033469,-6.2900179],[106.9033013,-6.2902055],[106.9032993,-6.2902248]]]}, "properties": {"osm_id": 515411862, "osm_type": "ways_poly", "capacity": null, "name": "SMP Negeri 246 Jakarta", "amenity": "school", "isced_level": null}},{"type": "Feature", "geometry": {"type":"Polygon","coordinates":[[[106.8794996,-6.2795038],[106.8797942,-6.279562],[106.8798223,-6.2794215],[106.8799773,-6.2794521],[106.8800247,-6.2792152],[106.8799264,-6.2791958],[106.8799547,-6.2790548],[106.8796034,-6.2789853],[106.8794996,-6.2795038]]]}, "properties": {"osm_id": 500829660, "osm_type": "ways_poly", "capacity": null, "name": "SD Negeri Makasar 07 Pagi", "amenity": "school", "isced_level": null}},{"type": "Feature", "geometry": {"type":"Polygon","coordinates":[[[106.8835978,-6.2506156],[106.8836407,-6.2512476],[106.8843998,-6.2511542],[106.8843729,-6.250601],[106.8835978,-6.2506156]]]}, "properties": {"osm_id": 517004709, "osm_type": "ways_poly", "capacity": null, "name": "SD Angkasa VII", "amenity": "school", "isced_level": null}},{"type": "Feature", "geometry": {"type":"Polygon","coordinates":[[[107.0660055,-6.19049],[107.0666318,-6.1905753],[107.0666841,-6.190182],[107.0665862,-6.1901126],[107.0660779,-6.190034],[107.0660567,-6.1900904],[107.0660055,-6.19049]]]}, "properties": {"osm_id": 1485379459, "osm_type": "ways_poly", "capacity": null, "name": null, "amenity": "school", "isced_level": null}},{"type": "Feature", "geometry": {"type":"Polygon","coordinates":[[[106.8999512,-6.3145441],[106.8999526,-6.314892],[106.900312,-6.314924],[106.9003469,-6.3148253],[106.9003509,-6.3145667],[106.8999512,-6.3145441]]]}, "properties": {"osm_id": 1476919982, "osm_type": "ways_poly", "capacity": null, "name": "SDN Bambu Apus 01 Pagi", "amenity": "school", "isced_level": null}},{"type": "Feature", "geometry": {"type":"Polygon","coordinates":[[[107.0012047,-6.2961717],[107.0015036,-6.296324],[107.0017469,-6.2959385],[107.001442,-6.2957576],[107.0012047,-6.2961717]]]}, "properties": {"osm_id": 1420987971, "osm_type": "ways_poly", "capacity": null, "name": "SMK Sumber Daya Bekasi", "amenity": "school", "isced_level": null}},{"type": "Feature", "geometry": {"type":"Polygon","coordinates":[[[106.9103234,-6.2632236],[106.9103408,-6.2640608],[106.9104863,-6.2640483],[106.9107136,-6.2640288],[106.9106962,-6.2637875],[106.9109255,-6.2637795],[106.9109235,-6.2636882],[106.9109222,-6.2636469],[106.9106586,-6.2636615],[106.9106358,-6.2631956],[106.9103234,-6.2632236]]]}, "properties": {"osm_id": 706566172, "osm_type": "ways_poly", "capacity": null, "name": "BSI Jatiwaringin", "amenity": "university", "isced_level": null}},{"type": "Feature", "geometry": {"type":"Polygon","coordinates":[[[106.8736998,-6.2631302],[106.8739097,-6.2631791],[106.8739855,-6.2631946],[106.8740076,-6.263114],[106.8739834,-6.2631053],[106.8740438,-6.2628847],[106.8739251,-6.2628493],[106.8738601,-6.2630493],[106.8737327,-6.2630146],[106.8737072,-6.2630071],[106.8736998,-6.2631302]]]}, "properties": {"osm_id": 500854005, "osm_type": "ways_poly", "capacity": null, "name": "SDS Islam Cililitan II Pagi", "amenity": "school", "isced_level": null}},{"type": "Feature", "geometry": {"type":"Polygon","coordinates":[[[106.8999451,-6.2835661],[106.8999575,-6.2836484],[106.9000098,-6.2836411],[106.9000738,-6.2840465],[106.9005279,-6.2839454],[106.9004559,-6.2835655],[106.90043,-6.2835688],[106.900425,-6.2835398],[106.9004046,-6.2834924],[106.9003161,-6.283435],[106.9002986,-6.2833777],[106.9002871,-6.2833661],[106.9000101,-6.2834185],[106.9000369,-6.2835471],[106.8999451,-6.2835661]]]}, "properties": {"osm_id": 502026904, "osm_type": "ways_poly", "capacity": null, "name": "SDS Angkasa 12", "amenity": "school", "isced_level": null}},{"type": "Feature", "geometry": {"type":"Polygon","coordinates":[[[106.9002128,-6.2827977],[106.9002235,-6.2828658],[106.900359,-6.2833537],[106.9002986,-6.2833777],[106.9003161,-6.283435],[106.9004046,-6.2834924],[106.900425,-6.2835398],[106.90043,-6.2835688],[106.9004559,-6.2835655],[106.9005145,-6.2838611],[106.9005279,-6.2839454],[106.9009947,-6.2838398],[106.9009584,-6.2836811],[106.9010604,-6.2836612],[106.9009933,-6.2833585],[106.900878,-6.28278],[106.9005293,-6.2828453],[106.900536,-6.282705],[106.9002249,-6.2826904],[106.9002128,-6.2827977]]]}, "properties": {"osm_id": 502026917, "osm_type": "ways_poly", "capacity": null, "name": "SDS Angkasa 9", "amenity": "school", "isced_level": null}},{"type": "Feature", "geometry": {"type":"Polygon","coordinates":[[[106.8774113,-6.2822731],[106.8774273,-6.2822732],[106.8774271,-6.2824235],[106.8775142,-6.2824236],[106.8775144,-6.2822765],[106.8775618,-6.2822765],[106.8775619,-6.2821964],[106.8774114,-6.2821962],[106.8774113,-6.2822731]]]}, "properties": {"osm_id": 494628638, "osm_type": "ways_poly", "capacity": null, "name": "MI Al Ikhlas", "amenity": "school", "isced_level": null}},{"type": "Feature", "geometry": {"type":"Polygon","coordinates":[[[106.9347292,-6.2503303],[106.9347657,-6.2503319],[106.9348423,-6.2503347],[106.9348441,-6.250287],[106.9347684,-6.2502847],[106.9347701,-6.2502305],[106.9347336,-6.2502289],[106.9347292,-6.2503303]]]}, "properties": {"osm_id": 511605778, "osm_type": "ways_poly", "capacity": null, "name": "MI-MTs Ziyadatul Huda", "amenity": "school", "isced_level": null}},{"type": "Feature", "geometry": {"type":"Polygon","coordinates":[[[106.9702184,-6.2915312],[106.9703632,-6.2915871],[106.9705805,-6.2913579],[106.9707012,-6.2911419],[106.9707951,-6.2910299],[106.9708568,-6.2910193],[106.9708966,-6.2909227],[106.9704996,-6.2908361],[106.9703936,-6.2908004],[106.9703659,-6.2909553],[106.9702828,-6.2912139],[106.9702372,-6.2913566],[106.9702184,-6.2914312],[106.9702184,-6.2915312]]]}, "properties": {"osm_id": 413267541, "osm_type": "ways_poly", "capacity": null, "name": "SDN Jatirasa III", "amenity": "school", "isced_level": null}},{"type": "Feature", "geometry": {"type":"Polygon","coordinates":[[[106.8817377,-6.2494218],[106.8817511,-6.2501817],[106.8818416,-6.2501837],[106.8818148,-6.2503384],[106.8821058,-6.2503943],[106.8821018,-6.2507156],[106.8826476,-6.2507143],[106.8826148,-6.2493018],[106.8822647,-6.2493098],[106.8822607,-6.2493978],[106.8817377,-6.2494218]]]}, "properties": {"osm_id": 502507939, "osm_type": "ways_poly", "capacity": null, "name": "SMA Angkasa 1", "amenity": "school", "isced_level": null}},{"type": "Feature", "geometry": {"type":"Polygon","coordinates":[[[106.8862833,-6.2753791],[106.8867025,-6.2762904],[106.8871598,-6.2760735],[106.887424,-6.2759579],[106.8870064,-6.2750503],[106.8862833,-6.2753791]]]}, "properties": {"osm_id": 498516174, "osm_type": "ways_poly", "capacity": null, "name": "SMA Negeri 67 Jakarta", "amenity": "school", "isced_level": null}},{"type": "Feature", "geometry": {"type":"Polygon","coordinates":[[[106.887326,-6.2755598],[106.8876441,-6.276196],[106.8881046,-6.2759904],[106.8878985,-6.2755643],[106.8878448,-6.2755892],[106.8877424,-6.2753746],[106.887326,-6.2755598]]]}, "properties": {"osm_id": 498516170, "osm_type": "ways_poly", "capacity": null, "name": "SDS Angkasa 3", "amenity": "school", "isced_level": null}},{"type": "Feature", "geometry": {"type":"Polygon","coordinates":[[[106.8897488,-6.2785479],[106.8899517,-6.2790041],[106.889901,-6.2790325],[106.8900117,-6.2792437],[106.8906943,-6.2788958],[106.8904931,-6.2784852],[106.8905991,-6.2784359],[106.8905313,-6.2783019],[106.8904576,-6.2783339],[106.890416,-6.278246],[106.8897488,-6.2785479]]]}, "properties": {"osm_id": 499771497, "osm_type": "ways_poly", "capacity": null, "name": "SMP Negeri 128 Jakarta", "amenity": "school", "isced_level": null}},{"type": "Feature", "geometry": {"type":"Polygon","coordinates":[[[106.8814298,-6.2732439],[106.8816257,-6.2732516],[106.8816184,-6.2734368],[106.8817646,-6.2734566],[106.8817709,-6.2733179],[106.882027,-6.2733279],[106.8820423,-6.2729382],[106.8814428,-6.2729148],[106.8814298,-6.2732439]]]}, "properties": {"osm_id": 495125343, "osm_type": "ways_poly", "capacity": null, "name": "MTs Negeri 34 Jakarta", "amenity": "school", "isced_level": null}},{"type": "Feature", "geometry": {"type":"Polygon","coordinates":[[[106.8956297,-6.3107972],[106.8956777,-6.3108095],[106.8956336,-6.3109802],[106.8957505,-6.3110101],[106.8957959,-6.3108344],[106.8961172,-6.3109165],[106.8960848,-6.3110418],[106.8961999,-6.3110712],[106.8962337,-6.3109407],[106.896313,-6.310961],[106.8963371,-6.3108679],[106.8956564,-6.3106939],[106.8956297,-6.3107972]]]}, "properties": {"osm_id": 509155031, "osm_type": "ways_poly", "capacity": null, "name": "SD Negeri Bambu Apus 03 Pagi", "amenity": "school", "isced_level": null}},{"type": "Feature", "geometry": {"type":"Polygon","coordinates":[[[106.875159,-6.2667451],[106.8753767,-6.2667517],[106.8753802,-6.2666383],[106.8754908,-6.2666417],[106.8755013,-6.2662989],[106.8754,-6.2662958],[106.8754004,-6.2662837],[106.8754029,-6.2662003],[106.875176,-6.2661934],[106.875159,-6.2667451]]]}, "properties": {"osm_id": 495140815, "osm_type": "ways_poly", "capacity": null, "name": "SMK PGRI 1 Jakarta", "amenity": "school", "isced_level": null}},{"type": "Feature", "geometry": {"type":"Polygon","coordinates":[[[106.9272963,-6.3057941],[106.9273381,-6.3062594],[106.9279613,-6.3062624],[106.9279702,-6.3059719],[106.9276392,-6.3057822],[106.9272963,-6.3057941]]]}, "properties": {"osm_id": 767429761, "osm_type": "ways_poly", "capacity": null, "name": "SMPN 35 Bekasi", "amenity": "school", "isced_level": null}},{"type": "Feature", "geometry": {"type":"Polygon","coordinates":[[[106.9179764,-6.3078731],[106.9180791,-6.3079025],[106.9181444,-6.3077014],[106.9185942,-6.307853],[106.9186284,-6.3077355],[106.9181927,-6.3075978],[106.9182394,-6.3074354],[106.9181289,-6.3073998],[106.9179764,-6.3078731]]]}, "properties": {"osm_id": 155936999, "osm_type": "ways_poly", "capacity": null, "name": "SD Negeri Setu 01 Pagi Dan 02 Pagi", "amenity": "school", "isced_level": null}},{"type": "Feature", "geometry": {"type":"Polygon","coordinates":[[[106.8870313,-6.2750423],[106.88761,-6.276212],[106.8876441,-6.276196],[106.887326,-6.2755598],[106.8877424,-6.2753746],[106.8878448,-6.2755892],[106.8878985,-6.2755643],[106.8881046,-6.2759904],[106.8886024,-6.2757495],[106.8883067,-6.2751396],[106.8878829,-6.2753342],[106.8873304,-6.274937],[106.8870313,-6.2750423]]]}, "properties": {"osm_id": 498516172, "osm_type": "ways_poly", "capacity": null, "name": "SMA Angkasa 2", "amenity": "school", "isced_level": null}},{"type": "Feature", "geometry": {"type":"Polygon","coordinates":[[[106.9078597,-6.2508236],[106.9080083,-6.2508273],[106.9080136,-6.2506113],[106.9078651,-6.2506077],[106.9078597,-6.2508236]]]}, "properties": {"osm_id": 500968835, "osm_type": "ways_poly", "capacity": null, "name": "SMP-SMK Dharma Surya", "amenity": "school", "isced_level": null}},{"type": "Feature", "geometry": {"type":"Polygon","coordinates":[[[106.9460701,-6.3149238],[106.9462108,-6.3149623],[106.9461301,-6.3155256],[106.9463149,-6.3155769],[106.9464187,-6.3151583],[106.947169,-6.3153949],[106.9470671,-6.3158],[106.9469289,-6.3157927],[106.9468816,-6.3159591],[106.9467615,-6.3159374],[106.9465868,-6.3163063],[106.946827,-6.3163678],[106.9468779,-6.3161978],[106.9470999,-6.316234],[106.9471508,-6.3161146],[106.9474128,-6.3161942],[106.9476719,-6.3156252],[106.9472745,-6.3154853],[106.9473218,-6.3153153],[106.9471981,-6.3152358],[106.9472491,-6.314838],[106.9471144,-6.3147909],[106.9472782,-6.3145052],[106.9470781,-6.3143954],[106.9469548,-6.3145793],[106.9463576,-6.3144401],[106.9462501,-6.3146156],[106.9462726,-6.3147273],[106.9461253,-6.3147075],[106.9460701,-6.3149238]]]}, "properties": {"osm_id": 258591146, "osm_type": "ways_poly", "capacity": null, "name": "Yayasan Pendidikan Islam Darul Hikmah (YAPIDH)", "amenity": "school", "isced_level": null}},{"type": "Feature", "geometry": {"type":"Polygon","coordinates":[[[106.8780309,-6.2607947],[106.8781603,-6.260822],[106.8784983,-6.2608867],[106.8785566,-6.2605104],[106.8785526,-6.2604907],[106.8785781,-6.2603141],[106.8784245,-6.2602841],[106.8784038,-6.2602968],[106.8781422,-6.2602575],[106.8780309,-6.2607947]]]}, "properties": {"osm_id": 500854001, "osm_type": "ways_poly", "capacity": null, "name": "SD Negeri 03,04,05 Pagi Kebon Pala", "amenity": "school", "isced_level": null}},{"type": "Feature", "geometry": {"type":"Polygon","coordinates":[[[106.9982451,-6.2926571],[106.9984886,-6.2927199],[106.9985241,-6.2927291],[106.998634,-6.2923451],[106.9983336,-6.2922492],[106.9982451,-6.2926571]]]}, "properties": {"osm_id": 927123335, "osm_type": "ways_poly", "capacity": null, "name": "Ponpes Al Anwarul Khoiriyah", "amenity": "school", "isced_level": null}},{"type": "Feature", "geometry": {"type":"Polygon","coordinates":[[[106.9969953,-6.2933308],[106.9974473,-6.2933439],[106.997532,-6.2933522],[106.9975184,-6.2934447],[106.997502,-6.293538],[106.9976697,-6.2935644],[106.9976922,-6.2934702],[106.9977136,-6.293381],[106.9977312,-6.2932738],[106.9977473,-6.2931757],[106.9977488,-6.2931664],[106.9977646,-6.2930705],[106.9977813,-6.292969],[106.9975033,-6.2930758],[106.9974291,-6.2930934],[106.9973917,-6.2931022],[106.9971118,-6.2930853],[106.9970117,-6.2930777],[106.9969953,-6.2933308]]]}, "properties": {"osm_id": 767429766, "osm_type": "ways_poly", "capacity": null, "name": "SMPN 41 Bekasi", "amenity": "school", "isced_level": null}},{"type": "Feature", "geometry": {"type":"Polygon","coordinates":[[[106.9876892,-6.2775998],[106.9887336,-6.2780249],[106.9889264,-6.2776874],[106.9890923,-6.2777606],[106.9892779,-6.2773426],[106.9891442,-6.2772648],[106.9892477,-6.2770769],[106.9891621,-6.2770077],[106.9890113,-6.2770118],[106.9887075,-6.2775853],[106.9885881,-6.2778009],[106.9878571,-6.2775259],[106.9876967,-6.2775615],[106.9876892,-6.2775998]]]}, "properties": {"osm_id": 387754446, "osm_type": "ways_poly", "capacity": null, "name": "Sekolah Victory Plus", "amenity": "school", "isced_level": null}},{"type": "Feature", "geometry": {"type":"Polygon","coordinates":[[[106.9368357,-6.3231671],[106.9370422,-6.3232151],[106.9371147,-6.3228286],[106.9369028,-6.3227913],[106.9368357,-6.3231671]]]}, "properties": {"osm_id": 768006752, "osm_type": "ways_poly", "capacity": null, "name": "SMKN 10 Bekasi", "amenity": "school", "isced_level": null}},{"type": "Feature", "geometry": {"type":"Polygon","coordinates":[[[106.9037419,-6.3247179],[106.9039192,-6.3248678],[106.9040047,-6.3247632],[106.9039384,-6.3247092],[106.9040986,-6.3245219],[106.904,-6.3244313],[106.903828,-6.3246335],[106.9038197,-6.3246266],[106.9037419,-6.3247179]]]}, "properties": {"osm_id": 509518410, "osm_type": "ways_poly", "capacity": null, "name": "Yayasan Pondok Taruna SDK, SMPK Taruna Harapan Bangsa", "amenity": "school", "isced_level": null}},{"type": "Feature", "geometry": {"type":"Polygon","coordinates":[[[106.8925669,-6.32297],[106.8926757,-6.3230097],[106.892694,-6.32296],[106.8925852,-6.3229204],[106.8925669,-6.32297]]]}, "properties": {"osm_id": 508552279, "osm_type": "ways_poly", "capacity": null, "name": "TK, SD Al-Quran An-Nur", "amenity": "school", "isced_level": null}},{"type": "Feature", "geometry": {"type":"Polygon","coordinates":[[[106.9432753,-6.2894761],[106.9435544,-6.2895363],[106.9436861,-6.2889055],[106.9434307,-6.2888479],[106.9432753,-6.2894761]]]}, "properties": {"osm_id": 767429760, "osm_type": "ways_poly", "capacity": null, "name": "SMPN 34 Bekasi", "amenity": "school", "isced_level": null}},{"type": "Feature", "geometry": {"type":"Polygon","coordinates":[[[106.9018351,-6.2953917],[106.9019397,-6.2954173],[106.9019069,-6.2955499],[106.901998,-6.2955722],[106.9020819,-6.2952339],[106.9018862,-6.2951859],[106.9018351,-6.2953917]]]}, "properties": {"osm_id": 155953721, "osm_type": "ways_poly", "capacity": null, "name": "SMP 30 & SMA 24 PGRI", "amenity": "school", "isced_level": null}},{"type": "Feature", "geometry": {"type":"Polygon","coordinates":[[[106.8981205,-6.285701],[106.8984551,-6.2859567],[106.8992088,-6.2850916],[106.8988695,-6.2847783],[106.8981205,-6.285701]]]}, "properties": {"osm_id": 502026897, "osm_type": "ways_poly", "capacity": null, "name": "SDS Angkasa 4", "amenity": "school", "isced_level": null}},{"type": "Feature", "geometry": {"type":"Polygon","coordinates":[[[106.8788384,-6.279327],[106.8788716,-6.2793354],[106.8794525,-6.279482],[106.8795762,-6.2789978],[106.8790191,-6.2788572],[106.8789621,-6.2788428],[106.8788384,-6.279327]]]}, "properties": {"osm_id": 500829659, "osm_type": "ways_poly", "capacity": null, "name": "SD Negeri Makasar 06", "amenity": "school", "isced_level": null}},{"type": "Feature", "geometry": {"type":"Polygon","coordinates":[[[106.9867811,-6.2066478],[106.986872,-6.2066779],[106.986931,-6.2065019],[106.9868401,-6.2064718],[106.9867811,-6.2066478]]]}, "properties": {"osm_id": 500151084, "osm_type": "ways_poly", "capacity": null, "name": "SDN Harapan Jaya VI", "amenity": "school", "isced_level": null}},{"type": "Feature", "geometry": {"type":"Polygon","coordinates":[[[106.9869291,-6.2066014],[106.9871758,-6.2066654],[106.9872022,-6.2065651],[106.9869554,-6.2065011],[106.9869291,-6.2066014]]]}, "properties": {"osm_id": 500151085, "osm_type": "ways_poly", "capacity": null, "name": "SDN Harapan Jaya VI", "amenity": "school", "isced_level": null}},{"type": "Feature", "geometry": {"type":"Polygon","coordinates":[[[106.9867642,-6.2069125],[106.9871345,-6.2070067],[106.9871598,-6.2069082],[106.9868531,-6.2068301],[106.9868818,-6.2067187],[106.9868182,-6.2067025],[106.9867642,-6.2069125]]]}, "properties": {"osm_id": 500151083, "osm_type": "ways_poly", "capacity": null, "name": "SDN Harapan Jaya VI", "amenity": "school", "isced_level": null}},{"type": "Feature", "geometry": {"type":"Polygon","coordinates":[[[106.8813228,-6.2877103],[106.8813364,-6.2881205],[106.8816958,-6.2881087],[106.8816822,-6.2876985],[106.8813228,-6.2877103]]]}, "properties": {"osm_id": 155930190, "osm_type": "ways_poly", "capacity": null, "name": "SD Negeri Pinang Ranti 04 Pagi", "amenity": "school", "isced_level": null}},{"type": "Feature", "geometry": {"type":"Polygon","coordinates":[[[106.8817775,-6.2878479],[106.8820812,-6.2878632],[106.8820872,-6.2877447],[106.8820362,-6.2877421],[106.8820547,-6.287381],[106.8819148,-6.2873739],[106.8818973,-6.2877162],[106.8817845,-6.2877104],[106.8817775,-6.2878479]]]}, "properties": {"osm_id": 155930189, "osm_type": "ways_poly", "capacity": null, "name": "SD Negeri Pinang Ranti 05 Pagi", "amenity": "school", "isced_level": null}},{"type": "Feature", "geometry": {"type":"Polygon","coordinates":[[[106.9872837,-6.2088909],[106.9874971,-6.208962],[106.9875756,-6.2087293],[106.987483,-6.2086984],[106.9874325,-6.2088481],[106.9873117,-6.2088078],[106.9872837,-6.2088909]]]}, "properties": {"osm_id": 500151089, "osm_type": "ways_poly", "capacity": null, "name": "SDN Harapan Jaya IV", "amenity": "school", "isced_level": null}},{"type": "Feature", "geometry": {"type":"Polygon","coordinates":[[[106.986945,-6.2087811],[106.9872476,-6.2088936],[106.9872767,-6.2088161],[106.9869742,-6.2087036],[106.986945,-6.2087811]]]}, "properties": {"osm_id": 500151090, "osm_type": "ways_poly", "capacity": null, "name": "SDN Harapan Jaya IV", "amenity": "school", "isced_level": null}},{"type": "Feature", "geometry": {"type":"Polygon","coordinates":[[[106.8805494,-6.287781],[106.8805642,-6.2879276],[106.8812937,-6.2878636],[106.8812803,-6.2877037],[106.8811502,-6.2877143],[106.881118,-6.2873751],[106.8808471,-6.2873911],[106.8806205,-6.2874097],[106.88065,-6.2877677],[106.8805494,-6.287781]]]}, "properties": {"osm_id": 500025513, "osm_type": "ways_poly", "capacity": null, "name": "SD Negeri Pinang Ranti 07 & 08 Pagi", "amenity": "school", "isced_level": null}},{"type": "Feature", "geometry": {"type":"Polygon","coordinates":[[[106.8897881,-6.2517939],[106.8899883,-6.2521819],[106.890373,-6.2519863],[106.8904032,-6.2519946],[106.8905494,-6.2519296],[106.8903028,-6.2513883],[106.8902237,-6.2514249],[106.8902358,-6.2514589],[106.8901917,-6.2514796],[106.8902393,-6.2515779],[106.8897881,-6.2517939]]]}, "properties": {"osm_id": 517004706, "osm_type": "ways_poly", "capacity": null, "name": "SMK Angkasa", "amenity": "school", "isced_level": null}},{"type": "Feature", "geometry": {"type":"Polygon","coordinates":[[[106.9248408,-6.2532493],[106.9252592,-6.2532839],[106.9252847,-6.2529693],[106.9251734,-6.2529573],[106.9251875,-6.2528313],[106.9248824,-6.252796],[106.9248408,-6.2532493]]]}, "properties": {"osm_id": 512725373, "osm_type": "ways_poly", "capacity": null, "name": "SD-SMP-SMA Permata Kasih Indonesian School", "amenity": "school", "isced_level": null}},{"type": "Feature", "geometry": {"type":"Polygon","coordinates":[[[106.8855153,-6.2941025],[106.8857936,-6.2941558],[106.885802,-6.2941108],[106.8859522,-6.2941411],[106.8859979,-6.2939057],[106.8858948,-6.2938799],[106.8858797,-6.2938935],[106.8855971,-6.2938505],[106.885575,-6.2939805],[106.8855394,-6.2939732],[106.8855153,-6.2941025]]]}, "properties": {"osm_id": 501509702, "osm_type": "ways_poly", "capacity": null, "name": "SD Negeri Pinang Ranti 02", "amenity": "school", "isced_level": null}},{"type": "Feature", "geometry": {"type":"Polygon","coordinates":[[[106.9539689,-6.2094129],[106.9540413,-6.2095623],[106.9541553,-6.2095743],[106.9542076,-6.2094943],[106.9543397,-6.2094949],[106.9543954,-6.2092349],[106.954392,-6.2090023],[106.9542143,-6.208979],[106.9542177,-6.2089203],[106.9540983,-6.208897],[106.9539689,-6.2094129]]]}, "properties": {"osm_id": 497792045, "osm_type": "ways_poly", "capacity": null, "name": "SD Negeri Pulogebang 25", "amenity": "school", "isced_level": null}},{"type": "Feature", "geometry": {"type":"Polygon","coordinates":[[[106.9585226,-6.208183],[106.9591597,-6.2082963],[106.9591898,-6.208051],[106.9585736,-6.207943],[106.9585226,-6.208183]]]}, "properties": {"osm_id": 497785073, "osm_type": "ways_poly", "capacity": null, "name": "SD Negeri Pulogebang 20", "amenity": "school", "isced_level": null}},{"type": "Feature", "geometry": {"type":"Polygon","coordinates":[[[106.9625782,-6.2079017],[106.9626607,-6.2079164],[106.9628491,-6.2079317],[106.9629001,-6.2077051],[106.9626372,-6.2076444],[106.9625782,-6.2079017]]]}, "properties": {"osm_id": 497792023, "osm_type": "ways_poly", "capacity": null, "name": "PAUD, RA, MI Al Wathoniyah 19", "amenity": "school", "isced_level": null}},{"type": "Feature", "geometry": {"type":"Polygon","coordinates":[[[106.899116,-6.2884899],[106.8991267,-6.2888126],[106.8995032,-6.2887909],[106.8996048,-6.288776],[106.8995436,-6.2883355],[106.8992997,-6.2883863],[106.8993051,-6.2884726],[106.899116,-6.2884899]]]}, "properties": {"osm_id": 155953703, "osm_type": "ways_poly", "capacity": null, "name": "Yayasan Yusufiyah Lubang Buaya", "amenity": "school", "isced_level": null}},{"type": "Feature", "geometry": {"type":"Polygon","coordinates":[[[106.8835373,-6.2641338],[106.8836187,-6.264187],[106.8838586,-6.2643435],[106.8839137,-6.26426],[106.8836738,-6.2641035],[106.883749,-6.2639897],[106.8839794,-6.2641401],[106.884033,-6.2640588],[106.8836897,-6.2638348],[106.8836361,-6.263916],[106.8836675,-6.2639366],[106.8835373,-6.2641338]]]}, "properties": {"osm_id": 496002861, "osm_type": "ways_poly", "capacity": null, "name": "SD Negeri 01,02 Pagi Kebon Pala", "amenity": "school", "isced_level": null}},{"type": "Feature", "geometry": {"type":"Polygon","coordinates":[[[106.9986997,-6.262989],[106.9988352,-6.2630037],[106.998756,-6.2632117],[106.9989036,-6.2632596],[106.999031,-6.2632423],[106.9991946,-6.2627611],[106.9990238,-6.2627067],[106.9989485,-6.2629017],[106.9987571,-6.2628142],[106.9986997,-6.262989]]]}, "properties": {"osm_id": 928441498, "osm_type": "ways_poly", "capacity": null, "name": "Gameel Akhlaq", "amenity": "school", "isced_level": null}},{"type": "Feature", "geometry": {"type":"Polygon","coordinates":[[[107.0275355,-6.1431299],[107.027624,-6.1435557],[107.0279567,-6.1434959],[107.027893,-6.143042],[107.0275355,-6.1431299]]]}, "properties": {"osm_id": 655144617, "osm_type": "ways_poly", "capacity": null, "name": "SDN Kedung 02", "amenity": "school", "isced_level": null}},{"type": "Feature", "geometry": {"type":"Polygon","coordinates":[[[107.0416326,-6.1630793],[107.0416398,-6.1631159],[107.0417269,-6.1635555],[107.0417652,-6.1637693],[107.0417895,-6.1639046],[107.0424556,-6.1638607],[107.0424371,-6.1630153],[107.0416792,-6.1630398],[107.0416326,-6.1630793]]]}, "properties": {"osm_id": 769920284, "osm_type": "ways_poly", "capacity": null, "name": "SMPN 1 Babelan", "amenity": "school", "isced_level": null}},{"type": "Feature", "geometry": {"type":"Polygon","coordinates":[[[106.9604552,-6.2304782],[106.9607546,-6.2305552],[106.9607984,-6.2303921],[106.9607052,-6.2303673],[106.9606837,-6.2304474],[106.9604768,-6.2303915],[106.9604552,-6.2304782]]]}, "properties": {"osm_id": 307262680, "osm_type": "ways_poly", "capacity": null, "name": "SDN Bintara VI", "amenity": "school", "isced_level": null}},{"type": "Feature", "geometry": {"type":"Polygon","coordinates":[[[106.993163,-6.2165583],[106.9933737,-6.2166106],[106.9934074,-6.2165905],[106.993462,-6.2165894],[106.9935016,-6.2164395],[106.9935611,-6.2162986],[106.9936059,-6.2161672],[106.9932754,-6.2160119],[106.993163,-6.2165583]]]}, "properties": {"osm_id": 1246226910, "osm_type": "ways_poly", "capacity": null, "name": "SMK Negeri 13 Kota Bekasi", "amenity": "school", "isced_level": null}},{"type": "Feature", "geometry": {"type":"Polygon","coordinates":[[[107.0054546,-6.1574381],[107.0054626,-6.1578808],[107.006211,-6.1578835],[107.0061858,-6.1574337],[107.0054546,-6.1574381]]]}, "properties": {"osm_id": 1378352202, "osm_type": "ways_poly", "capacity": null, "name": "SDN Setiaasih 04", "amenity": "school", "isced_level": null}},{"type": "Feature", "geometry": {"type":"Polygon","coordinates":[[[106.9967615,-6.1752785],[106.9968661,-6.1752918],[106.9968729,-6.1752397],[106.9967682,-6.1752263],[106.9967615,-6.1752785]]]}, "properties": {"osm_id": 503412431, "osm_type": "ways_poly", "capacity": null, "name": "Bezaleel Plus School", "amenity": "school", "isced_level": null}},{"type": "Feature", "geometry": {"type":"Polygon","coordinates":[[[106.989418,-6.1583335],[106.9894269,-6.1584453],[106.9895682,-6.1584351],[106.989655,-6.1584283],[106.9896325,-6.1581473],[106.9894349,-6.1581629],[106.9894424,-6.1582569],[106.9895559,-6.1582479],[106.9895618,-6.1583222],[106.989418,-6.1583335]]]}, "properties": {"osm_id": 481522671, "osm_type": "ways_poly", "capacity": null, "name": "TK SD SMP SMA SMK Nurul Qolbi", "amenity": "school", "isced_level": null}},{"type": "Feature", "geometry": {"type":"Polygon","coordinates":[[[106.9784826,-6.1510699],[106.9785431,-6.1510716],[106.9788646,-6.1510804],[106.9788733,-6.1507684],[106.9787763,-6.1507657],[106.9787706,-6.1509685],[106.9785302,-6.1509619],[106.9785295,-6.1509877],[106.9784849,-6.1509865],[106.9784826,-6.1510699]]]}, "properties": {"osm_id": 478757121, "osm_type": "ways_poly", "capacity": null, "name": "SD Pusaka Rakyat 1", "amenity": "school", "isced_level": null}},{"type": "Feature", "geometry": {"type":"Polygon","coordinates":[[[106.9861392,-6.1869612],[106.9865692,-6.1869768],[106.9865799,-6.1866834],[106.9861499,-6.1866679],[106.9861392,-6.1869612]]]}, "properties": {"osm_id": 503005065, "osm_type": "ways_poly", "capacity": null, "name": "Global Insani Islamic School Bekasi", "amenity": "school", "isced_level": null}},{"type": "Feature", "geometry": {"type":"Polygon","coordinates":[[[106.957043,-6.1583359],[106.9573402,-6.1584439],[106.9575253,-6.1585519],[106.9576259,-6.1581239],[106.9576446,-6.1577653],[106.957109,-6.1577579],[106.9571063,-6.1580013],[106.957043,-6.1583359]]]}, "properties": {"osm_id": 524318902, "osm_type": "ways_poly", "capacity": null, "name": "MTs Negeri 38 Jakarta", "amenity": "school", "isced_level": null}},{"type": "Feature", "geometry": {"type":"Polygon","coordinates":[[[106.9562683,-6.1574],[106.9562711,-6.1577423],[106.9567346,-6.1577385],[106.9567339,-6.1576541],[106.9568125,-6.1576534],[106.9568104,-6.1573956],[106.9562683,-6.1574]]]}, "properties": {"osm_id": 524318906, "osm_type": "ways_poly", "capacity": null, "name": "SD Negeri Rorotan 02 Pagi", "amenity": "school", "isced_level": null}},{"type": "Feature", "geometry": {"type":"Polygon","coordinates":[[[106.9552879,-6.1578124],[106.9558069,-6.1579738],[106.9559316,-6.1573837],[106.9554716,-6.1573351],[106.9552879,-6.1578124]]]}, "properties": {"osm_id": 524318914, "osm_type": "ways_poly", "capacity": null, "name": "SD Negeri Rorotan 01 Pagi", "amenity": "school", "isced_level": null}},{"type": "Feature", "geometry": {"type":"Polygon","coordinates":[[[106.9643279,-6.1630877],[106.9643294,-6.1633187],[106.9643635,-6.1633185],[106.964362,-6.1630875],[106.9643279,-6.1630877]]]}, "properties": {"osm_id": 492903986, "osm_type": "ways_poly", "capacity": null, "name": "MI Assa'adah", "amenity": "school", "isced_level": null}},{"type": "Feature", "geometry": {"type":"Polygon","coordinates":[[[106.9694285,-6.1815649],[106.9694567,-6.1816436],[106.9698764,-6.1821342],[106.9700856,-6.1819355],[106.9698724,-6.1817049],[106.9699301,-6.1816476],[106.9699274,-6.1812969],[106.9694366,-6.1812929],[106.9694285,-6.1815649]]]}, "properties": {"osm_id": 1417579102, "osm_type": "ways_poly", "capacity": null, "name": "Sekolah Santo Yoseph", "amenity": "school", "isced_level": null}},{"type": "Feature", "geometry": {"type":"Polygon","coordinates":[[[106.9575389,-6.1585589],[106.9577199,-6.1586929],[106.9577662,-6.1585573],[106.957792,-6.1581143],[106.9582303,-6.1581031],[106.9582343,-6.1576871],[106.9576536,-6.1577171],[106.9576399,-6.1581158],[106.9575389,-6.1585589]]]}, "properties": {"osm_id": 524318915, "osm_type": "ways_poly", "capacity": null, "name": "MA Negeri 21 Jakarta", "amenity": "school", "isced_level": null}},{"type": "Feature", "geometry": {"type":"Polygon","coordinates":[[[106.9527371,-6.1585761],[106.9530343,-6.1586266],[106.9530699,-6.1584197],[106.9529509,-6.1583995],[106.9529389,-6.1584693],[106.9527607,-6.158439],[106.9527371,-6.1585761]]]}, "properties": {"osm_id": 491268103, "osm_type": "ways_poly", "capacity": null, "name": "MI Al Wathoniyah 43", "amenity": "school", "isced_level": null}},{"type": "Feature", "geometry": {"type":"Polygon","coordinates":[[[107.0340049,-6.186885],[107.0344314,-6.186881],[107.0344513,-6.1864895],[107.0340114,-6.1864469],[107.0340049,-6.186885]]]}, "properties": {"osm_id": 518494091, "osm_type": "ways_poly", "capacity": null, "name": "SDN 02 Kebalen", "amenity": "school", "isced_level": null}},{"type": "Feature", "geometry": {"type":"Polygon","coordinates":[[[107.0344835,-6.1883365],[107.0350763,-6.1884191],[107.0351963,-6.1876115],[107.0345096,-6.1876115],[107.0344835,-6.1883365]]]}, "properties": {"osm_id": 518494093, "osm_type": "ways_poly", "capacity": null, "name": "SMU N 01 Babelan", "amenity": "school", "isced_level": null}},{"type": "Feature", "geometry": {"type":"Polygon","coordinates":[[[107.0028102,-6.1748608],[107.0033544,-6.1749232],[107.0034335,-6.1743382],[107.0029126,-6.1742943],[107.0028591,-6.174396],[107.0028102,-6.1748608]]]}, "properties": {"osm_id": 767429762, "osm_type": "ways_poly", "capacity": null, "name": "SMPN 37 Bekasi", "amenity": "school", "isced_level": null}},{"type": "Feature", "geometry": {"type":"Polygon","coordinates":[[[106.9897235,-6.157882],[106.9897535,-6.1581231],[106.9900567,-6.1580857],[106.9900454,-6.1579954],[106.9899113,-6.1580119],[106.9898925,-6.1578612],[106.9897235,-6.157882]]]}, "properties": {"osm_id": 481522635, "osm_type": "ways_poly", "capacity": null, "name": "MI At-Taqwa 19", "amenity": "school", "isced_level": null}},{"type": "Feature", "geometry": {"type":"Polygon","coordinates":[[[106.981179,-6.1538669],[106.9823268,-6.1539496],[106.9823757,-6.1541278],[106.9829734,-6.1541262],[106.9829261,-6.1531201],[106.982622,-6.1529152],[106.9816082,-6.1528614],[106.9815559,-6.1530875],[106.9811866,-6.1530862],[106.981179,-6.1538669]]]}, "properties": {"osm_id": 478765820, "osm_type": "ways_poly", "capacity": null, "name": "John Paul's School", "amenity": "school", "isced_level": null}},{"type": "Feature", "geometry": {"type":"Polygon","coordinates":[[[106.9961629,-6.1520855],[106.9963295,-6.1530523],[106.9966736,-6.1530063],[106.9967981,-6.1530096],[106.9968847,-6.1530232],[106.9969543,-6.153016],[106.9970005,-6.1529826],[106.9970263,-6.1529262],[106.9970815,-6.1519323],[106.9961629,-6.1520855]]]}, "properties": {"osm_id": 1416508617, "osm_type": "ways_poly", "capacity": null, "name": "Pahoa", "amenity": "school", "isced_level": null}},{"type": "Feature", "geometry": {"type":"Polygon","coordinates":[[[106.9826936,-6.2135982],[106.9833901,-6.2138502],[106.9835393,-6.2134946],[106.9836625,-6.213504],[106.983653,-6.2129177],[106.9835345,-6.2129083],[106.9834611,-6.2130543],[106.9833261,-6.2130802],[106.9829234,-6.2130048],[106.9826936,-6.2135982]]]}, "properties": {"osm_id": 767731062, "osm_type": "ways_poly", "capacity": null, "name": "SMAN 4 Bekasi", "amenity": "school", "isced_level": null}},{"type": "Feature", "geometry": {"type":"Polygon","coordinates":[[[106.9530399,-6.1408808],[106.9530798,-6.1408945],[106.9530704,-6.1410562],[106.9530708,-6.1410682],[106.9532374,-6.141095],[106.9532296,-6.1412088],[106.9532464,-6.1412282],[106.9532461,-6.1414848],[106.9541667,-6.1414362],[106.9540963,-6.1412455],[106.954037,-6.1407422],[106.9539609,-6.1397594],[106.9537134,-6.1396214],[106.9531247,-6.1395761],[106.9530399,-6.1408808]]]}, "properties": {"osm_id": 524304292, "osm_type": "ways_poly", "capacity": null, "name": "SMK Negeri 4 Jakarta", "amenity": "school", "isced_level": null}},{"type": "Feature", "geometry": {"type":"Polygon","coordinates":[[[106.8818329,-6.2570807],[106.8823828,-6.257106],[106.8823855,-6.2570713],[106.8822836,-6.2569607],[106.8821776,-6.2568674],[106.8821199,-6.2568247],[106.8821307,-6.2567794],[106.8821293,-6.2567047],[106.8820784,-6.2566207],[106.8820931,-6.2565687],[106.8821293,-6.2565101],[106.8821347,-6.2564501],[106.8820931,-6.2564181],[106.8820368,-6.2564034],[106.8820475,-6.2561968],[106.8819094,-6.2561995],[106.8819091,-6.2563065],[106.8818889,-6.2563071],[106.8818518,-6.2568196],[106.8818329,-6.2570807]]]}, "properties": {"osm_id": 496846607, "osm_type": "ways_poly", "capacity": null, "name": "SD Negeri Kebon Pala 14 Dan 15 Pagi", "amenity": "school", "isced_level": null}},{"type": "Feature", "geometry": {"type":"Polygon","coordinates":[[[107.0367261,-6.19946],[107.0372169,-6.1996254],[107.0373163,-6.1993397],[107.0368187,-6.1991504],[107.0367261,-6.19946]]]}, "properties": {"osm_id": 518494153, "osm_type": "ways_poly", "capacity": null, "name": "MTS At Taqwa 40", "amenity": "school", "isced_level": null}},{"type": "Feature", "geometry": {"type":"Polygon","coordinates":[[[107.0299262,-6.187533],[107.0299306,-6.1876085],[107.0300628,-6.1876009],[107.0300584,-6.1875254],[107.0299262,-6.187533]]]}, "properties": {"osm_id": 518507153, "osm_type": "ways_poly", "capacity": null, "name": "SDN BINA INSANI", "amenity": "school", "isced_level": null}},{"type": "Feature", "geometry": {"type":"Polygon","coordinates":[[[107.0213358,-6.1894856],[107.0215584,-6.1895789],[107.0215892,-6.1895063],[107.0213666,-6.189413],[107.0213358,-6.1894856]]]}, "properties": {"osm_id": 518507135, "osm_type": "ways_poly", "capacity": null, "name": "SMK LAB KIMIA ATTAQWA", "amenity": "school", "isced_level": null}},{"type": "Feature", "geometry": {"type":"Polygon","coordinates":[[[107.0215655,-6.1894812],[107.0216261,-6.1895052],[107.0216093,-6.1895469],[107.0217094,-6.1895865],[107.021765,-6.1894492],[107.0216039,-6.1893854],[107.0215655,-6.1894812]]]}, "properties": {"osm_id": 518507131, "osm_type": "ways_poly", "capacity": null, "name": "SMK LAB ITAKO", "amenity": "school", "isced_level": null}},{"type": "Feature", "geometry": {"type":"Polygon","coordinates":[[[107.0181573,-6.188209],[107.0189593,-6.188673],[107.0188225,-6.1889397],[107.0188292,-6.188977],[107.0190425,-6.1890503],[107.0188668,-6.1896863],[107.0190733,-6.1897717],[107.0191269,-6.1896583],[107.0193697,-6.1897543],[107.019308,-6.1898783],[107.0194314,-6.1899196],[107.01942,-6.1899436],[107.0194937,-6.1899823],[107.0195527,-6.189943],[107.0196607,-6.190011],[107.0205291,-6.188603],[107.0200959,-6.188295],[107.0193985,-6.1878884],[107.0186374,-6.1874437],[107.0181573,-6.188209]]]}, "properties": {"osm_id": 518507094, "osm_type": "ways_poly", "capacity": null, "name": "PONDOK PESANTREN ATTAQWA PUTRA", "amenity": "school", "isced_level": null}},{"type": "Feature", "geometry": {"type":"Polygon","coordinates":[[[106.8920074,-6.3171837],[106.8931224,-6.3178135],[106.8932772,-6.3179216],[106.8937245,-6.3181567],[106.8939869,-6.3177305],[106.8941047,-6.3175444],[106.8941914,-6.317388],[106.8938634,-6.3172086],[106.8927654,-6.3164239],[106.8928778,-6.3162228],[106.8925887,-6.3160281],[106.8923061,-6.3164016],[106.8922565,-6.3165632],[106.8923061,-6.3166985],[106.8920074,-6.3171837]]]}, "properties": {"osm_id": 155951156, "osm_type": "ways_poly", "capacity": null, "name": "Jakarta International Korean School", "amenity": "school", "isced_level": null}},{"type": "Feature", "geometry": {"type":"Polygon","coordinates":[[[106.9398507,-6.2523012],[106.9404697,-6.2523041],[106.9404713,-6.2519821],[106.9404719,-6.2518549],[106.9402524,-6.2518539],[106.9398528,-6.251852],[106.9398507,-6.2523012]]]}, "properties": {"osm_id": 512050218, "osm_type": "ways_poly", "capacity": null, "name": "SD Negeri Pondok Kelapa 06 Jakarta", "amenity": "school", "isced_level": null}},{"type": "Feature", "geometry": {"type":"Polygon","coordinates":[[[106.9388477,-6.2523375],[106.9389118,-6.2523445],[106.9388713,-6.2527115],[106.9389473,-6.2527198],[106.938989,-6.2523426],[106.938996,-6.2522795],[106.9388558,-6.2522642],[106.9388477,-6.2523375]]]}, "properties": {"osm_id": 510910877, "osm_type": "ways_poly", "capacity": null, "name": "SDIT Al Manar", "amenity": "school", "isced_level": null}},{"type": "Feature", "geometry": {"type":"Polygon","coordinates":[[[106.9510482,-6.2712791],[106.9510551,-6.2714087],[106.9512218,-6.2713999],[106.9512149,-6.2712704],[106.9510482,-6.2712791]]]}, "properties": {"osm_id": 300425603, "osm_type": "ways_poly", "capacity": null, "name": "Rumah Autis", "amenity": "school", "isced_level": null}},{"type": "Feature", "geometry": {"type":"Polygon","coordinates":[[[107.0015949,-6.2219745],[107.0016083,-6.2231504],[107.002532,-6.2231744],[107.0024574,-6.2219908],[107.0015949,-6.2219745]]]}, "properties": {"osm_id": 1274570646, "osm_type": "ways_poly", "capacity": null, "name": "BPK Penabur", "amenity": "school", "isced_level": null}},{"type": "Feature", "geometry": {"type":"Polygon","coordinates":[[[107.076883,-6.287041],[107.0771853,-6.2871425],[107.0775131,-6.2864929],[107.0774344,-6.286459],[107.0772896,-6.2867362],[107.07723,-6.2867362],[107.0772066,-6.2867997],[107.0769831,-6.286732],[107.076883,-6.287041]]]}, "properties": {"osm_id": 1419179809, "osm_type": "ways_poly", "capacity": null, "name": "Ponpes Miftahul Ulum", "amenity": "school", "isced_level": null}},{"type": "Feature", "geometry": {"type":"Polygon","coordinates":[[[107.0259021,-6.2003572],[107.0264977,-6.2005703],[107.0265089,-6.2005396],[107.0265456,-6.2004373],[107.0267254,-6.1998934],[107.0259986,-6.2000533],[107.0259021,-6.2003572]]]}, "properties": {"osm_id": 1025739277, "osm_type": "ways_poly", "capacity": null, "name": "SDIT-SMPIT Avicenna", "amenity": "school", "isced_level": null}},{"type": "Feature", "geometry": {"type":"Polygon","coordinates":[[[106.9645869,-6.2145769],[106.9645883,-6.2152556],[106.9645923,-6.2155199],[106.9646033,-6.2155697],[106.9651403,-6.2155831],[106.9651469,-6.2145683],[106.9645869,-6.2145769]]]}, "properties": {"osm_id": 509790378, "osm_type": "ways_poly", "capacity": null, "name": "SMP Negeri 13 Bekasi", "amenity": "school", "isced_level": null}},{"type": "Feature", "geometry": {"type":"Polygon","coordinates":[[[106.9511797,-6.2183067],[106.9523226,-6.2182929],[106.9523268,-6.2179698],[106.9512433,-6.2180026],[106.9511797,-6.2183067]]]}, "properties": {"osm_id": 155954004, "osm_type": "ways_poly", "capacity": null, "name": "SMP Negeri 172 Jakarta", "amenity": "school", "isced_level": null}},{"type": "Feature", "geometry": {"type":"Polygon","coordinates":[[[107.0264667,-6.1965512],[107.0268091,-6.1967424],[107.0268589,-6.1966542],[107.0265164,-6.1964631],[107.0264667,-6.1965512]]]}, "properties": {"osm_id": 501537179, "osm_type": "ways_poly", "capacity": null, "name": "MI ATTAQWA 40", "amenity": "school", "isced_level": null}},{"type": "Feature", "geometry": {"type":"Polygon","coordinates":[[[106.9840111,-6.2667894],[106.9840987,-6.2668495],[106.9840683,-6.2669118],[106.9842899,-6.2669903],[106.9844422,-6.2666045],[106.9843053,-6.2664832],[106.9842176,-6.2665017],[106.984157,-6.2665544],[106.9840111,-6.2667894]]]}, "properties": {"osm_id": 231952281, "osm_type": "ways_poly", "capacity": null, "name": "SDN Pekayon Jaya V", "amenity": "school", "isced_level": null}},{"type": "Feature", "geometry": {"type":"Polygon","coordinates":[[[106.9480685,-6.3173368],[106.9483699,-6.3174094],[106.9484168,-6.3172337],[106.9481248,-6.3171052],[106.9480685,-6.3173368]]]}, "properties": {"osm_id": 1334915818, "osm_type": "ways_poly", "capacity": null, "name": "SD Nisrina", "amenity": "school", "isced_level": null}},{"type": "Feature", "geometry": {"type":"Polygon","coordinates":[[[107.03622,-6.1957391],[107.0366334,-6.1958564],[107.0367869,-6.1951933],[107.0363517,-6.195116],[107.03622,-6.1957391]]]}, "properties": {"osm_id": 518494102, "osm_type": "ways_poly", "capacity": null, "name": "SMU N 02 Babelan", "amenity": "school", "isced_level": null}},{"type": "Feature", "geometry": {"type":"Polygon","coordinates":[[[106.9900304,-6.2013272],[106.9905721,-6.2014333],[106.9906706,-6.2009723],[106.9900919,-6.2008377],[106.9900304,-6.2013272]]]}, "properties": {"osm_id": 767732565, "osm_type": "ways_poly", "capacity": null, "name": "SMAN 20 Bekasi", "amenity": "school", "isced_level": null}},{"type": "Feature", "geometry": {"type":"Polygon","coordinates":[[[107.0104522,-6.2270593],[107.0115079,-6.2274058],[107.0115742,-6.2272083],[107.0116367,-6.2271229],[107.0116995,-6.2269391],[107.0117866,-6.2266947],[107.0118369,-6.2265831],[107.0118902,-6.226476],[107.0112281,-6.2261828],[107.0111945,-6.2261755],[107.0110091,-6.2261018],[107.0107464,-6.2259611],[107.0107292,-6.2260501],[107.0106849,-6.2261981],[107.0106044,-6.2264847],[107.0105863,-6.2265707],[107.0104522,-6.2270593]]]}, "properties": {"osm_id": 1025741218, "osm_type": "ways_poly", "capacity": null, "name": "SMAN 1 Bekasi", "amenity": "school", "isced_level": null}},{"type": "Feature", "geometry": {"type":"Polygon","coordinates":[[[106.9715493,-6.2591528],[106.9726079,-6.2591772],[106.972635,-6.258848],[106.9715623,-6.2588112],[106.9715493,-6.2591528]]]}, "properties": {"osm_id": 217505499, "osm_type": "ways_poly", "capacity": null, "name": "SMA Panglima Soedirman", "amenity": "school", "isced_level": null}},{"type": "Feature", "geometry": {"type":"Polygon","coordinates":[[[106.9853828,-6.2656727],[106.9855974,-6.2658476],[106.9858863,-6.2655771],[106.9858273,-6.2655004],[106.9858345,-6.2654746],[106.9857256,-6.2653156],[106.9853828,-6.2656727]]]}, "properties": {"osm_id": 441564086, "osm_type": "ways_poly", "capacity": null, "name": "SDN Pekyaon Jaya VI", "amenity": "school", "isced_level": null}},{"type": "Feature", "geometry": {"type":"Polygon","coordinates":[[[106.9958037,-6.1751034],[106.9962808,-6.1751716],[106.9963792,-6.174635],[106.9958722,-6.1746765],[106.9958037,-6.1751034]]]}, "properties": {"osm_id": 767431706, "osm_type": "ways_poly", "capacity": null, "name": "SMPN 42 Bekasi", "amenity": "school", "isced_level": null}},{"type": "Feature", "geometry": {"type":"Polygon","coordinates":[[[106.9805347,-6.1756423],[106.981711,-6.17569],[106.9817315,-6.1752979],[106.9805381,-6.1752775],[106.9805347,-6.1756423]]]}, "properties": {"osm_id": 767429747, "osm_type": "ways_poly", "capacity": null, "name": "SMPN 19 Bekasi", "amenity": "school", "isced_level": null}},{"type": "Feature", "geometry": {"type":"Polygon","coordinates":[[[106.9805175,-6.1756764],[106.9805244,-6.1764912],[106.9816972,-6.1765083],[106.9817212,-6.1757207],[106.9805175,-6.1756764]]]}, "properties": {"osm_id": 767429748, "osm_type": "ways_poly", "capacity": null, "name": "SMAN 10 Bekasi", "amenity": "school", "isced_level": null}},{"type": "Feature", "geometry": {"type":"Polygon","coordinates":[[[106.9987786,-6.2195401],[106.9987813,-6.2197534],[106.9989288,-6.220164],[107.0001036,-6.220364],[107.0004737,-6.2203427],[107.0007205,-6.220276],[107.0008358,-6.2201774],[106.9994572,-6.2188362],[106.9989878,-6.2192015],[106.9987786,-6.2195401]]]}, "properties": {"osm_id": 1274570644, "osm_type": "ways_poly", "capacity": null, "name": "Binus University Bekasi", "amenity": "university", "isced_level": null}},{"type": "Feature", "geometry": {"type":"Polygon","coordinates":[[[107.0078864,-6.3171333],[107.008569,-6.3174266],[107.0086822,-6.3174095],[107.0088694,-6.3169355],[107.0083617,-6.3167311],[107.0082911,-6.3167027],[107.0082243,-6.3168672],[107.0080221,-6.3167937],[107.0079279,-6.3170305],[107.0078864,-6.3171333]]]}, "properties": {"osm_id": 767429739, "osm_type": "ways_poly", "capacity": null, "name": "SMPN 10 Bekasi", "amenity": "school", "isced_level": null}},{"type": "Feature", "geometry": {"type":"Polygon","coordinates":[[[107.0027904,-6.1756013],[107.0033595,-6.1755996],[107.0033589,-6.1753545],[107.0028102,-6.1753335],[107.0027904,-6.1756013]]]}, "properties": {"osm_id": 484722529, "osm_type": "ways_poly", "capacity": null, "name": "SDN Kaliabang Tengah VII", "amenity": "school", "isced_level": null}},{"type": "Feature", "geometry": {"type":"Polygon","coordinates":[[[106.9622308,-6.2117674],[106.9628517,-6.2118727],[106.9629161,-6.2113208],[106.9623696,-6.2111561],[106.9622308,-6.2117674]]]}, "properties": {"osm_id": 497792029, "osm_type": "ways_poly", "capacity": null, "name": "SD Negeri Pulogebang 04 dan 05 Pagi", "amenity": "school", "isced_level": null}},{"type": "Feature", "geometry": {"type":"Polygon","coordinates":[[[106.953232,-6.203233],[106.9533741,-6.203272],[106.9534288,-6.2030661],[106.9533545,-6.2030456],[106.9533667,-6.2029987],[106.9532973,-6.2029797],[106.953232,-6.203233]]]}, "properties": {"osm_id": 497796883, "osm_type": "ways_poly", "capacity": null, "name": "TK-SD Bina Siswa", "amenity": "school", "isced_level": null}},{"type": "Feature", "geometry": {"type":"Polygon","coordinates":[[[106.9613014,-6.3489746],[106.961341,-6.349039],[106.961627,-6.3492509],[106.9627552,-6.3501124],[106.9628182,-6.3500345],[106.9628949,-6.3493496],[106.9629047,-6.349262],[106.9629164,-6.3491581],[106.9629686,-6.3487423],[106.9630086,-6.348423],[106.9629091,-6.3483948],[106.9627074,-6.3483377],[106.9626872,-6.3484202],[106.9623771,-6.3482729],[106.9623379,-6.3483809],[106.9622517,-6.3483693],[106.9622145,-6.3484133],[106.9620375,-6.3483485],[106.9617815,-6.3483567],[106.9617392,-6.3486867],[106.9614244,-6.3487669],[106.9613014,-6.3489746]]]}, "properties": {"osm_id": 1210490479, "osm_type": "ways_poly", "capacity": null, "name": "BPK Penabur Kota Wisata", "amenity": "school", "isced_level": null}},{"type": "Feature", "geometry": {"type":"Polygon","coordinates":[[[106.9879251,-6.2050665],[106.9887415,-6.205302],[106.9887561,-6.2046353],[106.9880818,-6.2044541],[106.9879251,-6.2050665]]]}, "properties": {"osm_id": 767415094, "osm_type": "ways_poly", "capacity": null, "name": "SMPN 5 Bekasi", "amenity": "school", "isced_level": null}},{"type": "Feature", "geometry": {"type":"Polygon","coordinates":[[[106.9571244,-6.1823345],[106.9575258,-6.1824474],[106.9578644,-6.1809555],[106.9574219,-6.1810075],[106.9571244,-6.1823345]]]}, "properties": {"osm_id": 492899962, "osm_type": "ways_poly", "capacity": null, "name": "SMP Negeri 256 Jakarta", "amenity": "school", "isced_level": null}},{"type": "Feature", "geometry": {"type":"Polygon","coordinates":[[[106.9571004,-6.1825769],[106.9572658,-6.1830137],[106.957288,-6.1831877],[106.9573879,-6.1834263],[106.9577513,-6.183285],[106.9574353,-6.1824727],[106.9571004,-6.1825769]]]}, "properties": {"osm_id": 492903701, "osm_type": "ways_poly", "capacity": null, "name": "MA Negeri 8 Jakarta", "amenity": "school", "isced_level": null}},{"type": "Feature", "geometry": {"type":"Polygon","coordinates":[[[106.916438,-6.2640384],[106.9167939,-6.2641172],[106.9169045,-6.2635527],[106.9165615,-6.2634757],[106.916438,-6.2640384]]]}, "properties": {"osm_id": 447821815, "osm_type": "ways_poly", "capacity": null, "name": "SMA Yadika 4", "amenity": "school", "isced_level": null}},{"type": "Feature", "geometry": {"type":"Polygon","coordinates":[[[106.9169193,-6.2635252],[106.9170907,-6.263571],[106.9171608,-6.2632832],[106.9169709,-6.2632392],[106.9169193,-6.2635252]]]}, "properties": {"osm_id": 447821816, "osm_type": "ways_poly", "capacity": null, "name": "SMP Yadika 4", "amenity": "school", "isced_level": null}},{"type": "Feature", "geometry": {"type":"Polygon","coordinates":[[[106.9358803,-6.2591411],[106.9360669,-6.2595802],[106.9362204,-6.2599183],[106.9368676,-6.2596295],[106.9366739,-6.2590965],[106.9365015,-6.2589744],[106.9358803,-6.2591411]]]}, "properties": {"osm_id": 767429749, "osm_type": "ways_poly", "capacity": null, "name": "SMPN 20 Bekasi", "amenity": "school", "isced_level": null}},{"type": "Feature", "geometry": {"type":"Polygon","coordinates":[[[107.0005547,-6.2781767],[107.0008839,-6.2783415],[107.0010427,-6.2781175],[107.0006913,-6.2779667],[107.0005547,-6.2781767]]]}, "properties": {"osm_id": 1296372507, "osm_type": "ways_poly", "capacity": null, "name": "SD Al Irsyad 2", "amenity": "school", "isced_level": null}},{"type": "Feature", "geometry": {"type":"Polygon","coordinates":[[[106.8967691,-6.355092],[106.8971227,-6.3551926],[106.8973785,-6.355279],[106.8975987,-6.3546295],[106.896993,-6.3544013],[106.8967691,-6.355092]]]}, "properties": {"osm_id": 913563247, "osm_type": "ways_poly", "capacity": null, "name": "SD Negeri Pondok Ranggon 04 Pagi", "amenity": "school", "isced_level": null}},{"type": "Feature", "geometry": {"type":"Polygon","coordinates":[[[106.8997246,-6.3515753],[106.9003844,-6.3516286],[106.9005427,-6.3516819],[106.9006929,-6.3517725],[106.9008002,-6.3513647],[106.9010121,-6.3509515],[106.9010147,-6.3506369],[106.9010121,-6.3504503],[106.9021037,-6.3509222],[106.9021869,-6.3507862],[106.9015619,-6.3505276],[106.9021198,-6.3492587],[106.9008672,-6.3486989],[106.9003898,-6.3493014],[106.9003013,-6.3500398],[106.9004668,-6.3500861],[106.9004123,-6.350197],[106.9003636,-6.3503195],[106.9003108,-6.3504461],[106.9000508,-6.3507179],[106.9000818,-6.3507581],[106.8999732,-6.3509701],[106.8998779,-6.3512096],[106.8997622,-6.3511861],[106.8997246,-6.3515753]]]}, "properties": {"osm_id": 155259313, "osm_type": "ways_poly", "capacity": null, "name": "Pondok Pesantren al-Hamid", "amenity": "school", "isced_level": null}},{"type": "Feature", "geometry": {"type":"Polygon","coordinates":[[[106.9734431,-6.2663086],[106.9740243,-6.266376],[106.9741198,-6.2653553],[106.9735338,-6.2652995],[106.9734431,-6.2663086]]]}, "properties": {"osm_id": 258852598, "osm_type": "ways_poly", "capacity": null, "name": "SMPN 12 Bekasi", "amenity": "school", "isced_level": null}},{"type": "Feature", "geometry": {"type":"Polygon","coordinates":[[[106.9748522,-6.266593],[106.9755503,-6.2666615],[106.975677,-6.2654926],[106.9751406,-6.2654355],[106.9749653,-6.2654168],[106.9749191,-6.2658451],[106.9748923,-6.2660936],[106.9748522,-6.266593]]]}, "properties": {"osm_id": 258852643, "osm_type": "ways_poly", "capacity": null, "name": "SMAN 3 Bekasi", "amenity": "school", "isced_level": null}},{"type": "Feature", "geometry": {"type":"Polygon","coordinates":[[[106.9591822,-6.2701697],[106.959201,-6.2705856],[106.9592117,-6.2711962],[106.9597187,-6.2712655],[106.9598903,-6.270351],[106.9593343,-6.2701621],[106.9591822,-6.2701697]]]}, "properties": {"osm_id": 768006069, "osm_type": "ways_poly", "capacity": null, "name": "SMKN 9 Kota Bekasi", "amenity": "school", "isced_level": null}},{"type": "Feature", "geometry": {"type":"Polygon","coordinates":[[[106.9630362,-6.2696913],[106.9631476,-6.270037],[106.963259,-6.2700873],[106.9636676,-6.2701075],[106.9637047,-6.2695637],[106.9632118,-6.2695369],[106.9632118,-6.269453],[106.9630396,-6.2694396],[106.9630362,-6.2696913]]]}, "properties": {"osm_id": 767429764, "osm_type": "ways_poly", "capacity": null, "name": "SMPN 29 Bekasi", "amenity": "school", "isced_level": null}},{"type": "Feature", "geometry": {"type":"Polygon","coordinates":[[[106.9613709,-6.2729184],[106.9613814,-6.2731463],[106.9615726,-6.2731399],[106.9615653,-6.272909],[106.9613709,-6.2729184]]]}, "properties": {"osm_id": 1207897811, "osm_type": "ways_poly", "capacity": null, "name": "SDN Jaka Mulya II", "amenity": "school", "isced_level": null}},{"type": "Feature", "geometry": {"type":"Polygon","coordinates":[[[106.9345205,-6.2736361],[106.9347039,-6.273743],[106.9349986,-6.2727869],[106.934691,-6.2726948],[106.9346335,-6.2729527],[106.9346706,-6.2730117],[106.9345205,-6.2736361]]]}, "properties": {"osm_id": 768006754, "osm_type": "ways_poly", "capacity": null, "name": "SMKN 12 Bekasi", "amenity": "school", "isced_level": null}},{"type": "Feature", "geometry": {"type":"Polygon","coordinates":[[[106.9337512,-6.2687136],[106.9337531,-6.2688246],[106.9339321,-6.2688418],[106.933886,-6.2691364],[106.9340149,-6.2691766],[106.9340573,-6.2688265],[106.9340534,-6.2687078],[106.9337512,-6.2687136]]]}, "properties": {"osm_id": 767431709, "osm_type": "ways_poly", "capacity": null, "name": "SMPN 45 Bekasi", "amenity": "school", "isced_level": null}},{"type": "Feature", "geometry": {"type":"Polygon","coordinates":[[[106.9600654,-6.1830948],[106.9605186,-6.1832822],[106.9607497,-6.1828202],[106.9604523,-6.1826779],[106.9600654,-6.1830948]]]}, "properties": {"osm_id": 495311403, "osm_type": "ways_poly", "capacity": null, "name": "SD Negeri 02, 03 Pagi dan 05 Petang", "amenity": "school", "isced_level": null}},{"type": "Feature", "geometry": {"type":"Polygon","coordinates":[[[106.9402633,-6.2562615],[106.9402866,-6.2563521],[106.9406102,-6.2564061],[106.9406652,-6.2560179],[106.9402981,-6.2559681],[106.9402633,-6.2562615]]]}, "properties": {"osm_id": 982391574, "osm_type": "ways_poly", "capacity": null, "name": "TA-TK Al-Azhar Syifabudi Jatibening", "amenity": "school", "isced_level": null}},{"type": "Feature", "geometry": {"type":"Polygon","coordinates":[[[106.9091016,-6.3472767],[106.9095321,-6.347498],[106.9098835,-6.3467542],[106.9095127,-6.3465683],[106.9091016,-6.3472767]]]}, "properties": {"osm_id": 1493440475, "osm_type": "ways_poly", "capacity": null, "name": "MTsN 29 Jakarta", "amenity": "school", "isced_level": null}},{"type": "Feature", "geometry": {"type":"Polygon","coordinates":[[[107.0120664,-6.2671318],[107.0121884,-6.2672758],[107.0123131,-6.2674718],[107.0123426,-6.2675331],[107.0127154,-6.2674984],[107.0126994,-6.2673825],[107.01269,-6.2672265],[107.0126578,-6.2670878],[107.0125961,-6.2668999],[107.0120664,-6.2671318]]]}, "properties": {"osm_id": 927228587, "osm_type": "ways_poly", "capacity": null, "name": "SMP Bani Taqwa", "amenity": "school", "isced_level": null}},{"type": "Feature", "geometry": {"type":"Polygon","coordinates":[[[106.9986686,-6.2690313],[106.9989205,-6.2690601],[106.9990524,-6.2690802],[106.9990333,-6.2692277],[106.9994511,-6.2692809],[106.9995118,-6.2688095],[106.9991534,-6.2687639],[106.9991856,-6.2685147],[106.9987426,-6.2684582],[106.9986686,-6.2690313]]]}, "properties": {"osm_id": 544499669, "osm_type": "ways_poly", "capacity": null, "name": "Mutiara Baru School", "amenity": "school", "isced_level": null}},{"type": "Feature", "geometry": {"type":"Polygon","coordinates":[[[107.0051884,-6.2634645],[107.0053928,-6.2635374],[107.0053621,-6.2636783],[107.0053068,-6.2636992],[107.0052821,-6.2638032],[107.0054381,-6.2640458],[107.0056791,-6.2638874],[107.0058745,-6.263461],[107.005317,-6.2632922],[107.0051884,-6.2634645]]]}, "properties": {"osm_id": 544503738, "osm_type": "ways_poly", "capacity": null, "name": "Tamansiswa", "amenity": "school", "isced_level": null}},{"type": "Feature", "geometry": {"type":"Polygon","coordinates":[[[107.0079844,-6.2764698],[107.0082097,-6.2765684],[107.0082942,-6.2763405],[107.0080876,-6.2762565],[107.0080696,-6.2762938],[107.0079844,-6.2764698]]]}, "properties": {"osm_id": 928420637, "osm_type": "ways_poly", "capacity": null, "name": "Sekolah Menengah Kejuruan Farmasi", "amenity": "school", "isced_level": null}},{"type": "Feature", "geometry": {"type":"Polygon","coordinates":[[[106.9774717,-6.3529957],[106.9775522,-6.3530274],[106.9776978,-6.3530986],[106.9777859,-6.3531397],[106.9779348,-6.3528377],[106.9779424,-6.3528131],[106.977891,-6.3527648],[106.9777617,-6.3526436],[106.9776809,-6.3525678],[106.9775824,-6.3527694],[106.9775712,-6.3527922],[106.9774717,-6.3529957]]]}, "properties": {"osm_id": 1293777086, "osm_type": "ways_poly", "capacity": null, "name": "SDN Ciketing Udik II", "amenity": "school", "isced_level": null}},{"type": "Feature", "geometry": {"type":"Polygon","coordinates":[[[106.9140257,-6.3721328],[106.9147278,-6.372261],[106.9148605,-6.3714954],[106.9141381,-6.37138],[106.9140257,-6.3721328]]]}, "properties": {"osm_id": 767429744, "osm_type": "ways_poly", "capacity": null, "name": "SMPN 15 Bekasi", "amenity": "school", "isced_level": null}},{"type": "Feature", "geometry": {"type":"Polygon","coordinates":[[[106.9020735,-6.331621],[106.9021675,-6.3316459],[106.9022069,-6.3314988],[106.9022579,-6.3315123],[106.9023043,-6.331339],[106.9021605,-6.3313009],[106.9021798,-6.3312286],[106.9021093,-6.33121],[106.9020751,-6.3313375],[106.9021446,-6.3313559],[106.9020735,-6.331621]]]}, "properties": {"osm_id": 155949367, "osm_type": "ways_poly", "capacity": null, "name": "SMK Bina Medika", "amenity": "school", "isced_level": null}},{"type": "Feature", "geometry": {"type":"Polygon","coordinates":[[[106.9808365,-6.2301786],[106.9816868,-6.2306665],[106.9820971,-6.2299519],[106.9812093,-6.229472],[106.9808365,-6.2301786]]]}, "properties": {"osm_id": 1053484267, "osm_type": "ways_poly", "capacity": null, "name": "Sekolah Dasar Negeri Kranji XIV", "amenity": "school", "isced_level": null}},{"type": "Feature", "geometry": {"type":"Polygon","coordinates":[[[107.0286702,-6.2431126],[107.029099,-6.2432592],[107.0295244,-6.2432797],[107.0295141,-6.2428432],[107.029051,-6.2427853],[107.0289446,-6.2429251],[107.0287628,-6.2429353],[107.0286702,-6.2431126]]]}, "properties": {"osm_id": 767429740, "osm_type": "ways_poly", "capacity": null, "name": "SMPN 11 Bekasi", "amenity": "school", "isced_level": null}},{"type": "Feature", "geometry": {"type":"Polygon","coordinates":[[[106.879109,-6.2808247],[106.8794876,-6.2809327],[106.8795577,-6.2806895],[106.879438,-6.2806554],[106.8794045,-6.2807715],[106.8792718,-6.2807337],[106.8793286,-6.2805368],[106.8792025,-6.2805009],[106.879109,-6.2808247]]]}, "properties": {"osm_id": 494628591, "osm_type": "ways_poly", "capacity": null, "name": "SD Negeri Makasar 05 Pagi", "amenity": "school", "isced_level": null}},{"type": "Feature", "geometry": {"type":"Polygon","coordinates":[[[106.9754114,-6.2780742],[106.975894,-6.2782527],[106.9760229,-6.2779132],[106.9757353,-6.2778063],[106.9756447,-6.2779975],[106.9755619,-6.277969],[106.9754723,-6.2779359],[106.9754114,-6.2780742]]]}, "properties": {"osm_id": 1203490688, "osm_type": "ways_poly", "capacity": null, "name": "SMP NEGERI 53 KOTA BEKASI", "amenity": "school", "isced_level": null}},{"type": "Feature", "geometry": {"type":"Polygon","coordinates":[[[106.9441022,-6.2762448],[106.9442216,-6.2765527],[106.944287,-6.2767787],[106.9443154,-6.2769736],[106.9442699,-6.2770866],[106.9446535,-6.2773069],[106.945023,-6.2765555],[106.9441022,-6.276112],[106.9441022,-6.2762448]]]}, "properties": {"osm_id": 767429751, "osm_type": "ways_poly", "capacity": null, "name": "SMPN 23 Bekasi", "amenity": "school", "isced_level": null}},{"type": "Feature", "geometry": {"type":"Polygon","coordinates":[[[106.9731417,-6.2810755],[106.9737153,-6.2811091],[106.9737259,-6.2812498],[106.9738427,-6.2812534],[106.9738498,-6.2814011],[106.9741648,-6.2813906],[106.9741978,-6.2808919],[106.973616,-6.2808307],[106.9736176,-6.2806263],[106.9731721,-6.280603],[106.9731417,-6.2810755]]]}, "properties": {"osm_id": 258735700, "osm_type": "ways_poly", "capacity": null, "name": "SMAN 6 Bekasi", "amenity": "school", "isced_level": null}},{"type": "Feature", "geometry": {"type":"Polygon","coordinates":[[[106.9142976,-6.3438827],[106.9145229,-6.343893],[106.9146819,-6.3438677],[106.9146752,-6.3437744],[106.9149246,-6.3437654],[106.9149139,-6.3436201],[106.9147006,-6.3436174],[106.9146912,-6.3432416],[106.9143721,-6.3431789],[106.9143546,-6.3432789],[106.9143412,-6.3434368],[106.9143312,-6.3436141],[106.9143184,-6.3437814],[106.9143043,-6.3437974],[106.9142976,-6.3438827]]]}, "properties": {"osm_id": 519876505, "osm_type": "ways_poly", "capacity": null, "name": "SD Negeri Pondok Ranggon 01 Pagi", "amenity": "school", "isced_level": null}},{"type": "Feature", "geometry": {"type":"Polygon","coordinates":[[[106.9563443,-6.3267125],[106.9568218,-6.326978],[106.9572172,-6.3262482],[106.9567452,-6.3260003],[106.9563443,-6.3267125]]]}, "properties": {"osm_id": 338905412, "osm_type": "ways_poly", "capacity": null, "name": "SMKN 7 Bekasi", "amenity": "school", "isced_level": null}},{"type": "Feature", "geometry": {"type":"Polygon","coordinates":[[[107.0118566,-6.2655519],[107.011981,-6.2658236],[107.0124576,-6.2655805],[107.0123268,-6.2653129],[107.0118566,-6.2655519]]]}, "properties": {"osm_id": 545217891, "osm_type": "ways_poly", "capacity": null, "name": "SDIT Thariq bin Ziyad PHP", "amenity": "school", "isced_level": null}},{"type": "Feature", "geometry": {"type":"Polygon","coordinates":[[[107.0027904,-6.1756013],[107.0027922,-6.17622],[107.0033613,-6.1762184],[107.0033595,-6.1755996],[107.0027904,-6.1756013]]]}, "properties": {"osm_id": 484677704, "osm_type": "ways_poly", "capacity": null, "name": "SDN Kaliabang Tengah III", "amenity": "school", "isced_level": null}},{"type": "Feature", "geometry": {"type":"Polygon","coordinates":[[[106.9694292,-6.1772603],[106.9695304,-6.1774503],[106.9695868,-6.1774916],[106.9696772,-6.1773603],[106.9698026,-6.1773363],[106.9698013,-6.1771563],[106.969621,-6.177149],[106.9694292,-6.1772603]]]}, "properties": {"osm_id": 495191550, "osm_type": "ways_poly", "capacity": null, "name": "KB, TK, SD Santo Yoseph", "amenity": "school", "isced_level": null}},{"type": "Feature", "geometry": {"type":"Polygon","coordinates":[[[106.977881,-6.1776746],[106.9790532,-6.1776815],[106.9790602,-6.1772985],[106.9779091,-6.1773008],[106.977881,-6.1776746]]]}, "properties": {"osm_id": 1009994627, "osm_type": "ways_poly", "capacity": null, "name": "Saint John School Complex", "amenity": "school", "isced_level": null}},{"type": "Feature", "geometry": {"type":"Polygon","coordinates":[[[106.9871424,-6.3623465],[106.9872576,-6.3623922],[106.9872153,-6.3626746],[106.9872537,-6.3627777],[106.9878451,-6.3628731],[106.9879142,-6.362522],[106.9880639,-6.3625525],[106.9880831,-6.3624419],[106.9878528,-6.3623007],[106.9872614,-6.3621633],[106.9871424,-6.3623465]]]}, "properties": {"osm_id": 767429758, "osm_type": "ways_poly", "capacity": null, "name": "SMPN 31 Bekasi", "amenity": "school", "isced_level": null}},{"type": "Feature", "geometry": {"type":"Polygon","coordinates":[[[106.9090017,-6.2844402],[106.9090413,-6.2852057],[106.9091054,-6.285526],[106.9092297,-6.2856021],[106.909567,-6.2857188],[106.9095233,-6.2851419],[106.9094864,-6.2847225],[106.9094659,-6.2843913],[106.9090017,-6.2844402]]]}, "properties": {"osm_id": 174000153, "osm_type": "ways_poly", "capacity": null, "name": "SLTP Santo Markus Halim Perdanakusuma", "amenity": "school", "isced_level": null}},{"type": "Feature", "geometry": {"type":"Polygon","coordinates":[[[106.9780076,-6.2368261],[106.9783137,-6.2368851],[106.9783716,-6.2365896],[106.9782707,-6.2365537],[106.9782755,-6.2365326],[106.978133,-6.2364757],[106.9780076,-6.2368261]]]}, "properties": {"osm_id": 1229594613, "osm_type": "ways_poly", "capacity": null, "name": "SDN Jakasampurna V", "amenity": "school", "isced_level": null}},{"type": "Feature", "geometry": {"type":"Polygon","coordinates":[[[107.0678844,-6.2182229],[107.0681606,-6.2182802],[107.0682113,-6.2180386],[107.0679351,-6.2179813],[107.0678844,-6.2182229]]]}, "properties": {"osm_id": 500491012, "osm_type": "ways_poly", "capacity": null, "name": null, "amenity": "school", "isced_level": null}},{"type": "Feature", "geometry": {"type":"Polygon","coordinates":[[[106.9311916,-6.3111253],[106.9314851,-6.3111944],[106.9315701,-6.3108374],[106.9318636,-6.3109602],[106.9320452,-6.3110178],[106.9321378,-6.3106262],[106.931601,-6.3104381],[106.9313152,-6.3106262],[106.9311916,-6.3111253]]]}, "properties": {"osm_id": 767731073, "osm_type": "ways_poly", "capacity": null, "name": "SMAN 16 Bekasi", "amenity": "school", "isced_level": null}},{"type": "Feature", "geometry": {"type":"Polygon","coordinates":[[[107.0460533,-6.2395294],[107.0465725,-6.2396596],[107.0466772,-6.2390685],[107.0464092,-6.2390057],[107.0463784,-6.2391481],[107.0461365,-6.2390899],[107.0460533,-6.2395294]]]}, "properties": {"osm_id": 1040896211, "osm_type": "ways_poly", "capacity": null, "name": "SMPN 08 Tambun Selatan", "amenity": "school", "isced_level": null}},{"type": "Feature", "geometry": {"type":"Polygon","coordinates":[[[106.8968682,-6.3549659],[106.8973113,-6.3551078],[106.8972778,-6.3552114],[106.8973672,-6.35524],[106.8974063,-6.3551193],[106.8974057,-6.3551192],[106.897565,-6.3546278],[106.8974116,-6.3545787],[106.897394,-6.3546328],[106.8973327,-6.3546132],[106.8973049,-6.354699],[106.8974414,-6.3547427],[106.8973534,-6.3550142],[106.896995,-6.3548994],[106.897082,-6.3546311],[106.89721,-6.3546721],[106.8972411,-6.3545761],[106.8971972,-6.354562],[106.8972193,-6.3544937],[106.8970399,-6.3544363],[106.8968682,-6.3549659]]]}, "properties": {"osm_id": 498716193, "osm_type": "ways_poly", "capacity": null, "name": null, "amenity": "school", "isced_level": null}},{"type": "Feature", "geometry": {"type":"Polygon","coordinates":[[[106.9914932,-6.3563564],[106.9918196,-6.3564478],[106.9918531,-6.3565643],[106.9921669,-6.356635],[106.9922756,-6.3563397],[106.9923761,-6.3562857],[106.992443,-6.3558116],[106.9926145,-6.3553542],[106.9923384,-6.355034],[106.992033,-6.3550133],[106.9916899,-6.355059],[106.9916606,-6.3555081],[106.9914932,-6.3563564]]]}, "properties": {"osm_id": 768003423, "osm_type": "ways_poly", "capacity": null, "name": "SMKN 2 Bekasi", "amenity": "school", "isced_level": null}},{"type": "Feature", "geometry": {"type":"Polygon","coordinates":[[[106.9679939,-6.2612711],[106.9681657,-6.2613131],[106.9682239,-6.2616926],[106.9688935,-6.2618916],[106.9688908,-6.2618498],[106.968881,-6.261505],[106.9690183,-6.2615075],[106.9690425,-6.2607665],[106.9686674,-6.2607069],[106.9683702,-6.260593],[106.9683133,-6.2606706],[106.9682194,-6.2608139],[106.9682061,-6.2609348],[106.9680355,-6.260927],[106.9680302,-6.2611649],[106.9679939,-6.2612711]]]}, "properties": {"osm_id": 1221684057, "osm_type": "ways_poly", "capacity": null, "name": "Tunas Jakasampurna School", "amenity": "school", "isced_level": null}},{"type": "Feature", "geometry": {"type":"Polygon","coordinates":[[[106.9601772,-6.2304097],[106.9604552,-6.2304782],[106.9604768,-6.2303915],[106.9602895,-6.2303453],[106.9603154,-6.2302413],[106.9602248,-6.2302189],[106.9601772,-6.2304097]]]}, "properties": {"osm_id": 307262681, "osm_type": "ways_poly", "capacity": null, "name": "SDN Bintara XI", "amenity": "school", "isced_level": null}},{"type": "Feature", "geometry": {"type":"Polygon","coordinates":[[[106.968835,-6.2180413],[106.969074,-6.2181184],[106.9691468,-6.2179076],[106.9689078,-6.2178352],[106.968835,-6.2180413]]]}, "properties": {"osm_id": 1499066931, "osm_type": "ways_poly", "capacity": null, "name": "Alhuda Islamic School", "amenity": "school", "isced_level": null}},{"type": "Feature", "geometry": {"type":"Polygon","coordinates":[[[106.9604405,-6.3449961],[106.9606791,-6.3451269],[106.9607339,-6.3450288],[106.9607709,-6.3450465],[106.9609917,-6.3447059],[106.9610136,-6.3447141],[106.9610808,-6.3446595],[106.9610451,-6.344605],[106.9610643,-6.3445832],[106.9611343,-6.3446132],[106.9611493,-6.3445901],[106.9611836,-6.3445941],[106.9612398,-6.3446173],[106.9612398,-6.3446337],[106.9613577,-6.3446459],[106.961418,-6.3446704],[106.9614797,-6.3446623],[106.9615003,-6.34462],[106.9614962,-6.344601],[106.9615867,-6.3444579],[106.9616113,-6.3443816],[106.9613138,-6.3442671],[106.9611356,-6.3441704],[106.9610054,-6.3441132],[106.9609341,-6.3440927],[106.9607915,-6.3442971],[106.9608038,-6.3443257],[106.9607408,-6.3444129],[106.9606928,-6.3444783],[106.9606476,-6.3444538],[106.9604995,-6.344725],[106.9605297,-6.3447495],[106.9604776,-6.3448558],[106.9604981,-6.3448925],[106.9604405,-6.3449961]]]}, "properties": {"osm_id": 966706184, "osm_type": "ways_poly", "capacity": null, "name": "SMPN 3 Gunung Putri", "amenity": "school", "isced_level": null}},{"type": "Feature", "geometry": {"type":"Polygon","coordinates":[[[106.9065455,-6.3456759],[106.9068861,-6.3458439],[106.9067547,-6.3460918],[106.9071168,-6.3462651],[106.9069988,-6.346521],[106.9079536,-6.3469129],[106.9082031,-6.3470408],[106.9084927,-6.3466196],[106.9087368,-6.3461398],[106.9082996,-6.3459105],[106.9087661,-6.344782],[106.9084874,-6.3446932],[106.9082458,-6.3453395],[106.9070845,-6.3447914],[106.9065455,-6.3456759]]]}, "properties": {"osm_id": 1493440502, "osm_type": "ways_poly", "capacity": null, "name": "Pondok Pesantren Putri Al-Hamid", "amenity": "school", "isced_level": null}},{"type": "Feature", "geometry": {"type":"Polygon","coordinates":[[[106.8809692,-6.2576877],[106.8810487,-6.257687],[106.8814731,-6.2577042],[106.8814735,-6.2576599],[106.8814876,-6.2576599],[106.881493,-6.2574286],[106.881332,-6.2574226],[106.8812174,-6.2574213],[106.8810227,-6.2574231],[106.8810056,-6.2574602],[106.8809959,-6.257519],[106.8809803,-6.2576022],[106.8809692,-6.2576877]]]}, "properties": {"osm_id": 155956734, "osm_type": "ways_poly", "capacity": null, "name": "SD Negeri Kebon Pala 13 Pagi", "amenity": "school", "isced_level": null}},{"type": "Feature", "geometry": {"type":"Polygon","coordinates":[[[106.9468251,-6.1813241],[106.9470444,-6.1813708],[106.9470663,-6.1812689],[106.946847,-6.1812222],[106.9468251,-6.1813241]]]}, "properties": {"osm_id": 492358231, "osm_type": "ways_poly", "capacity": null, "name": "Madrasah Ibtidaiyah Al Wathoniyah 3", "amenity": "school", "isced_level": null}},{"type": "Feature", "geometry": {"type":"Polygon","coordinates":[[[106.9546491,-6.1313909],[106.9546981,-6.1313973],[106.9546567,-6.1317526],[106.9548051,-6.1317555],[106.9550258,-6.1317446],[106.9550204,-6.131926],[106.955357,-6.1319353],[106.9553572,-6.1317013],[106.9549705,-6.131688],[106.9549802,-6.1313003],[106.9546625,-6.1312686],[106.9546491,-6.1313909]]]}, "properties": {"osm_id": 524323799, "osm_type": "ways_poly", "capacity": null, "name": "SMK Bintang Nusantara", "amenity": "school", "isced_level": null}},{"type": "Feature", "geometry": {"type":"Polygon","coordinates":[[[106.908503,-6.3576735],[106.9085938,-6.3577026],[106.9086018,-6.3576781],[106.9086754,-6.3577017],[106.9086924,-6.3576494],[106.9086188,-6.3576258],[106.908677,-6.3574466],[106.9085861,-6.3574175],[106.908503,-6.3576735]]]}, "properties": {"osm_id": 155946447, "osm_type": "ways_poly", "capacity": null, "name": "MTS 4 Pondok Ranggon", "amenity": "school", "isced_level": null}},{"type": "Feature", "geometry": {"type":"Polygon","coordinates":[[[106.9074445,-6.2866955],[106.9074539,-6.2867261],[106.9074874,-6.2868648],[106.9080178,-6.2871201],[106.9082116,-6.2867975],[106.9082867,-6.2866702],[106.9084872,-6.2863692],[106.9084852,-6.2863169],[106.908521,-6.2862369],[106.9085584,-6.2861691],[106.9085309,-6.2861478],[106.9085495,-6.286051],[106.908575,-6.2859616],[106.9086106,-6.2859227],[106.9086548,-6.2859027],[106.9087004,-6.2859067],[106.9087648,-6.2859107],[106.9088225,-6.2859027],[106.9088721,-6.2858733],[106.9089136,-6.2858267],[106.9089546,-6.2857647],[106.9089928,-6.285696],[106.9090015,-6.285656],[106.9089921,-6.2856237],[106.9089411,-6.2855631],[106.9089157,-6.2855131],[106.9089076,-6.2854764],[106.9088868,-6.2852921],[106.9088627,-6.2851015],[106.9088157,-6.2848442],[106.9084966,-6.2850135],[106.9084322,-6.2850828],[106.9083034,-6.2852361],[106.9081988,-6.2853574],[106.9081633,-6.2854628],[106.9081405,-6.2855567],[106.9081432,-6.2856181],[106.9081291,-6.2857767],[106.9080915,-6.285892],[106.9080641,-6.285937],[106.907989,-6.286045],[106.9079393,-6.2861196],[106.9078857,-6.2862009],[106.9078307,-6.2862369],[106.9077569,-6.2862902],[106.9077033,-6.2863302],[106.9076148,-6.2864355],[106.907592,-6.2864915],[106.9075638,-6.2865715],[106.9075182,-6.2866568],[106.9074445,-6.2866955]]]}, "properties": {"osm_id": 514481459, "osm_type": "ways_poly", "capacity": null, "name": "Yayasan Santo Markus", "amenity": "school", "isced_level": null}},{"type": "Feature", "geometry": {"type":"Polygon","coordinates":[[[106.8883871,-6.3176793],[106.8884415,-6.3176953],[106.8884427,-6.3176915],[106.8884626,-6.3176974],[106.8884827,-6.3176298],[106.8884628,-6.3176239],[106.8884743,-6.3175853],[106.8884198,-6.3175694],[106.8883871,-6.3176793]]]}, "properties": {"osm_id": 505726080, "osm_type": "ways_poly", "capacity": null, "name": "TK, MI, MTs Al Fathonah", "amenity": "school", "isced_level": null}},{"type": "Feature", "geometry": {"type":"Polygon","coordinates":[[[106.9103653,-6.2979542],[106.9108187,-6.2980649],[106.9108397,-6.2979797],[106.9107775,-6.2979646],[106.9108599,-6.2976311],[106.9107728,-6.2976099],[106.9107482,-6.2977098],[106.9105747,-6.2976674],[106.9105513,-6.2977621],[106.9107241,-6.2978043],[106.9106926,-6.2979318],[106.9103892,-6.2978577],[106.9103653,-6.2979542]]]}, "properties": {"osm_id": 155953722, "osm_type": "ways_poly", "capacity": null, "name": "SMP Negeri 192 Jakarta", "amenity": "school", "isced_level": null}},{"type": "Feature", "geometry": {"type":"Polygon","coordinates":[[[107.0082119,-6.1976166],[107.0086246,-6.1976776],[107.0086792,-6.1976437],[107.0088634,-6.1964873],[107.0084063,-6.1964839],[107.0082119,-6.1976166]]]}, "properties": {"osm_id": 767731071, "osm_type": "ways_poly", "capacity": null, "name": "SMAN 14 Bekasi", "amenity": "school", "isced_level": null}},{"type": "Feature", "geometry": {"type":"Polygon","coordinates":[[[106.8913457,-6.3089465],[106.8913984,-6.3089645],[106.8913605,-6.3090745],[106.8917278,-6.3091994],[106.8918508,-6.308842],[106.8915351,-6.3087346],[106.891552,-6.3086855],[106.8914477,-6.3086501],[106.8913457,-6.3089465]]]}, "properties": {"osm_id": 155936720, "osm_type": "ways_poly", "capacity": null, "name": "SMP Negeri 222 Jakarta", "amenity": "school", "isced_level": null}},{"type": "Feature", "geometry": {"type":"Polygon","coordinates":[[[106.9654662,-6.1876415],[106.9656016,-6.1876874],[106.9656085,-6.187674],[106.9658201,-6.1877505],[106.9659431,-6.1873305],[106.9656286,-6.1872215],[106.9654662,-6.1876415]]]}, "properties": {"osm_id": 495991703, "osm_type": "ways_poly", "capacity": null, "name": "Perguruan Al-Falah SMEA YPIA", "amenity": "school", "isced_level": null}},{"type": "Feature", "geometry": {"type":"Polygon","coordinates":[[[106.9660215,-6.1870313],[106.9662168,-6.1870722],[106.9663046,-6.186816],[106.966121,-6.1867473],[106.9660215,-6.1870313]]]}, "properties": {"osm_id": 495991697, "osm_type": "ways_poly", "capacity": null, "name": "SMK YPI Al-Falah", "amenity": "school", "isced_level": null}},{"type": "Feature", "geometry": {"type":"Polygon","coordinates":[[[106.965824,-6.1870203],[106.9659996,-6.1870812],[106.9661126,-6.1867528],[106.9659384,-6.1866928],[106.965824,-6.1870203]]]}, "properties": {"osm_id": 495991700, "osm_type": "ways_poly", "capacity": null, "name": "SMK Bina Karya Utama", "amenity": "school", "isced_level": null}},{"type": "Feature", "geometry": {"type":"Polygon","coordinates":[[[106.9494858,-6.1722043],[106.9494878,-6.172491],[106.9499679,-6.172495],[106.949865,-6.1717287],[106.9495502,-6.1717557],[106.9495817,-6.172201],[106.9494858,-6.1722043]]]}, "properties": {"osm_id": 492535299, "osm_type": "ways_poly", "capacity": null, "name": "SD Negeri Cakung Timur 04 Pagi", "amenity": "school", "isced_level": null}},{"type": "Feature", "geometry": {"type":"Polygon","coordinates":[[[106.8915328,-6.2904946],[106.8915418,-6.2905813],[106.8916395,-6.2905712],[106.8916735,-6.2908682],[106.8917476,-6.2908588],[106.8917126,-6.2904761],[106.8915328,-6.2904946]]]}, "properties": {"osm_id": 155953716, "osm_type": "ways_poly", "capacity": null, "name": "SD Negeri 13 Lubang Buaya", "amenity": "school", "isced_level": null}},{"type": "Feature", "geometry": {"type":"Polygon","coordinates":[[[107.0088154,-6.1920275],[107.0088925,-6.1920289],[107.0088934,-6.1919765],[107.0088981,-6.1919766],[107.0088997,-6.1918856],[107.0088181,-6.1918842],[107.008817,-6.1919423],[107.0088161,-6.1919422],[107.0088157,-6.1919649],[107.0088155,-6.191974],[107.0088163,-6.191974],[107.0088154,-6.1920275]]]}, "properties": {"osm_id": 518507101, "osm_type": "ways_poly", "capacity": null, "name": "sdn bahagia 04", "amenity": "school", "isced_level": null}},{"type": "Feature", "geometry": {"type":"Polygon","coordinates":[[[107.0203165,-6.1906783],[107.0205621,-6.1907552],[107.0207082,-6.1902938],[107.0204627,-6.1902169],[107.0203165,-6.1906783]]]}, "properties": {"osm_id": 518507138, "osm_type": "ways_poly", "capacity": null, "name": "FHAD ISLAMIC SCHOOL", "amenity": "school", "isced_level": null}},{"type": "Feature", "geometry": {"type":"Polygon","coordinates":[[[106.9593372,-6.1217364],[106.959989,-6.121745],[106.959994,-6.121273],[106.9595139,-6.121271],[106.9595055,-6.1215357],[106.9593828,-6.1215344],[106.9593399,-6.1216704],[106.9593372,-6.1217364]]]}, "properties": {"osm_id": 529037718, "osm_type": "ways_poly", "capacity": null, "name": "MTS Negeri 15 Marunda", "amenity": "school", "isced_level": null}},{"type": "Feature", "geometry": {"type":"Polygon","coordinates":[[[106.9586487,-6.1223583],[106.9590226,-6.1223613],[106.9590267,-6.1218594],[106.9590277,-6.1217449],[106.9586537,-6.1217419],[106.9586487,-6.1223583]]]}, "properties": {"osm_id": 529037702, "osm_type": "ways_poly", "capacity": null, "name": "MTS Negeri 15 Jakarta", "amenity": "school", "isced_level": null}},{"type": "Feature", "geometry": {"type":"Polygon","coordinates":[[[106.9594206,-6.1221587],[106.9594957,-6.1221641],[106.9594521,-6.1226648],[106.9596191,-6.1226735],[106.9596466,-6.1226641],[106.9598243,-6.1226681],[106.9598494,-6.1221741],[106.9598203,-6.1221607],[106.959837,-6.121762],[106.9596875,-6.121756],[106.9596848,-6.1219974],[106.9594219,-6.1219974],[106.9594206,-6.1221587]]]}, "properties": {"osm_id": 529037712, "osm_type": "ways_poly", "capacity": null, "name": "SMP PGRI 7, SMK PGRI 3", "amenity": "school", "isced_level": null}},{"type": "Feature", "geometry": {"type":"Polygon","coordinates":[[[106.948254,-6.1797984],[106.9485718,-6.1798677],[106.9485941,-6.1797669],[106.9482762,-6.1796976],[106.948254,-6.1797984]]]}, "properties": {"osm_id": 492358198, "osm_type": "ways_poly", "capacity": null, "name": "SMP-SMA-SMK Diponegoro 2", "amenity": "school", "isced_level": null}},{"type": "Feature", "geometry": {"type":"Polygon","coordinates":[[[106.9821109,-6.1592975],[106.9823769,-6.1593055],[106.9823891,-6.1589022],[106.9821232,-6.1588941],[106.9821109,-6.1592975]]]}, "properties": {"osm_id": 518507171, "osm_type": "ways_poly", "capacity": null, "name": "SD Bina Talenta", "amenity": "school", "isced_level": null}},{"type": "Feature", "geometry": {"type":"Polygon","coordinates":[[[106.8992399,-6.3467914],[106.8993352,-6.3468285],[106.8993363,-6.3468256],[106.8993632,-6.3468361],[106.8993809,-6.3467911],[106.8993545,-6.3467808],[106.8993569,-6.3467748],[106.8992611,-6.3467375],[106.8992399,-6.3467914]]]}, "properties": {"osm_id": 498516943, "osm_type": "ways_poly", "capacity": null, "name": "SD Al Qur'an Darul Ikhlas", "amenity": "school", "isced_level": null}},{"type": "Feature", "geometry": {"type":"Polygon","coordinates":[[[106.8877978,-6.2929204],[106.8877985,-6.2930403],[106.8878515,-6.29304],[106.8878529,-6.2932835],[106.8879374,-6.2932831],[106.8879378,-6.2933499],[106.8883251,-6.2933477],[106.8883226,-6.2929174],[106.8877978,-6.2929204]]]}, "properties": {"osm_id": 496815067, "osm_type": "ways_poly", "capacity": null, "name": "SD Negeri Pinang Ranti 01 Pagi", "amenity": "school", "isced_level": null}},{"type": "Feature", "geometry": {"type":"Polygon","coordinates":[[[106.9006461,-6.2940266],[106.9007363,-6.294049],[106.9007758,-6.2938914],[106.9008445,-6.2939084],[106.9008632,-6.2938337],[106.9008035,-6.2938189],[106.9008498,-6.2936343],[106.9007507,-6.2936098],[106.9006461,-6.2940266]]]}, "properties": {"osm_id": 155945939, "osm_type": "ways_poly", "capacity": null, "name": "SD Negeri Lubang Buaya 11", "amenity": "school", "isced_level": null}},{"type": "Feature", "geometry": {"type":"Polygon","coordinates":[[[106.9062667,-6.2914468],[106.9065051,-6.2915782],[106.9066555,-6.2913087],[106.9067237,-6.2913463],[106.9067756,-6.2912534],[106.9064689,-6.2910843],[106.9062667,-6.2914468]]]}, "properties": {"osm_id": 155953710, "osm_type": "ways_poly", "capacity": null, "name": "SD Negeri Lubang Buaya 04 Pagi", "amenity": "school", "isced_level": null}},{"type": "Feature", "geometry": {"type":"Polygon","coordinates":[[[106.9032192,-6.2905957],[106.9035765,-6.2906727],[106.9035939,-6.290593],[106.9035524,-6.2905841],[106.9035977,-6.2903765],[106.903722,-6.2904033],[106.9037381,-6.2903291],[106.9033016,-6.290235],[106.9032854,-6.2903092],[106.9035319,-6.2903623],[106.9034867,-6.2905699],[106.9032365,-6.2905161],[106.9032192,-6.2905957]]]}, "properties": {"osm_id": 155953715, "osm_type": "ways_poly", "capacity": null, "name": "SD Negeri 08, 09 Lubang Buaya", "amenity": "school", "isced_level": null}},{"type": "Feature", "geometry": {"type":"Polygon","coordinates":[[[106.8978002,-6.2924789],[106.8978249,-6.2925832],[106.8981066,-6.2925172],[106.8981009,-6.2924933],[106.8983346,-6.2924386],[106.8983168,-6.2923632],[106.898083,-6.2924179],[106.8980818,-6.292413],[106.8978002,-6.2924789]]]}, "properties": {"osm_id": 504483513, "osm_type": "ways_poly", "capacity": null, "name": "SDIT Buahati Islamic School 2", "amenity": "school", "isced_level": null}},{"type": "Feature", "geometry": {"type":"Polygon","coordinates":[[[106.9005763,-6.2930801],[106.9006631,-6.2930838],[106.9006738,-6.2928295],[106.900587,-6.2928259],[106.9005763,-6.2930801]]]}, "properties": {"osm_id": 504483674, "osm_type": "ways_poly", "capacity": null, "name": "SMP, SMK Trisastra 1 & 2", "amenity": "school", "isced_level": null}},{"type": "Feature", "geometry": {"type":"Polygon","coordinates":[[[106.8961658,-6.2918076],[106.8962123,-6.2919191],[106.8965115,-6.2917961],[106.8964651,-6.2916845],[106.8961658,-6.2918076]]]}, "properties": {"osm_id": 504483484, "osm_type": "ways_poly", "capacity": null, "name": "Yayasan Pendidikan Nurul Ibad (SMP-SMK Islam Al Makiyah)", "amenity": "school", "isced_level": null}},{"type": "Feature", "geometry": {"type":"Polygon","coordinates":[[[106.9005392,-6.2885677],[106.9005556,-6.2886578],[106.9011039,-6.288559],[106.9010875,-6.2884689],[106.9005392,-6.2885677]]]}, "properties": {"osm_id": 504507691, "osm_type": "ways_poly", "capacity": null, "name": "MTs Yusufiyah", "amenity": "school", "isced_level": null}},{"type": "Feature", "geometry": {"type":"Polygon","coordinates":[[[106.8913038,-6.3093535],[106.8916478,-6.3094954],[106.8917397,-6.3092515],[106.8913943,-6.3091262],[106.8913038,-6.3093535]]]}, "properties": {"osm_id": 519194760, "osm_type": "ways_poly", "capacity": null, "name": "SD Negeri Ceger 01 Pagi", "amenity": "school", "isced_level": null}},{"type": "Feature", "geometry": {"type":"Polygon","coordinates":[[[106.8909637,-6.3089131],[106.8912287,-6.3089612],[106.8912417,-6.3088902],[106.8912939,-6.3088997],[106.8913134,-6.3087934],[106.8912395,-6.30878],[106.8912722,-6.3086018],[106.8913215,-6.3086108],[106.8913682,-6.308356],[106.8910167,-6.3082923],[106.8909704,-6.3085448],[106.8910681,-6.3085626],[106.8910348,-6.3087444],[106.890996,-6.3087373],[106.8909637,-6.3089131]]]}, "properties": {"osm_id": 155936721, "osm_type": "ways_poly", "capacity": null, "name": "Yayasan Pendidikan PNIEL", "amenity": "school", "isced_level": null}},{"type": "Feature", "geometry": {"type":"Polygon","coordinates":[[[106.8953015,-6.3077576],[106.8954112,-6.3077898],[106.8954252,-6.3077426],[106.8954728,-6.3077566],[106.8954885,-6.3077038],[106.8954393,-6.3076894],[106.8954462,-6.3076661],[106.8953381,-6.3076343],[106.8953015,-6.3077576]]]}, "properties": {"osm_id": 498502872, "osm_type": "ways_poly", "capacity": null, "name": "SMK Cagar Budaya", "amenity": "school", "isced_level": null}},{"type": "Feature", "geometry": {"type":"Polygon","coordinates":[[[106.8955424,-6.3079905],[106.8956162,-6.3080072],[106.8956624,-6.3078053],[106.8955886,-6.3077886],[106.8955424,-6.3079905]]]}, "properties": {"osm_id": 508601297, "osm_type": "ways_poly", "capacity": null, "name": "SMK Cagar Budaya", "amenity": "school", "isced_level": null}},{"type": "Feature", "geometry": {"type":"Polygon","coordinates":[[[106.901602,-6.2973183],[106.9019631,-6.2974246],[106.9021279,-6.2968715],[106.9017668,-6.2967652],[106.901602,-6.2973183]]]}, "properties": {"osm_id": 155953706, "osm_type": "ways_poly", "capacity": null, "name": "SD Negeri Lubang Buaya 03 Pagi & 15 Petang", "amenity": "school", "isced_level": null}},{"type": "Feature", "geometry": {"type":"Polygon","coordinates":[[[106.925587,-6.2513324],[106.9262099,-6.2514251],[106.9262619,-6.2511568],[106.9256128,-6.2510606],[106.925587,-6.2513324]]]}, "properties": {"osm_id": 512508699, "osm_type": "ways_poly", "capacity": null, "name": "SMK PGRI 45 Jakarta", "amenity": "school", "isced_level": null}},{"type": "Feature", "geometry": {"type":"Polygon","coordinates":[[[106.9142645,-6.2523947],[106.9142865,-6.2530411],[106.9143956,-6.253038],[106.9149468,-6.2525647],[106.9149465,-6.2523845],[106.9142645,-6.2523947]]]}, "properties": {"osm_id": 334989589, "osm_type": "ways_poly", "capacity": null, "name": "SMP Negeri 109 Jakarta", "amenity": "school", "isced_level": null}},{"type": "Feature", "geometry": {"type":"Polygon","coordinates":[[[106.9047926,-6.3549248],[106.9048798,-6.3549648],[106.9052265,-6.3550641],[106.9052674,-6.3549148],[106.9049978,-6.3548408],[106.9048476,-6.3547702],[106.9047926,-6.3549248]]]}, "properties": {"osm_id": 519903813, "osm_type": "ways_poly", "capacity": null, "name": "Yayasan Taman Imani Iqra (TK Raudhatul Athfal & MIT Ibtidaiyah)", "amenity": "school", "isced_level": null}},{"type": "Feature", "geometry": {"type":"Polygon","coordinates":[[[106.9074494,-6.3036989],[106.9074834,-6.3036997],[106.9074762,-6.3040189],[106.9075847,-6.3040213],[106.9075919,-6.3037021],[106.9077861,-6.3037065],[106.907782,-6.3038882],[106.9078772,-6.3038904],[106.9078813,-6.3037086],[106.9079188,-6.3037095],[106.9079214,-6.303595],[106.907452,-6.3035844],[106.9074494,-6.3036989]]]}, "properties": {"osm_id": 498468244, "osm_type": "ways_poly", "capacity": null, "name": "SD Negeri Bambu Apus 04 & 05 Pagi", "amenity": "school", "isced_level": null}},{"type": "Feature", "geometry": {"type":"Polygon","coordinates":[[[106.8809437,-6.2581136],[106.881112,-6.2581504],[106.8811064,-6.2582034],[106.8817558,-6.2582666],[106.8818727,-6.258034],[106.881962,-6.2577621],[106.8816703,-6.2577581],[106.8816683,-6.2578163],[106.8814916,-6.2578139],[106.8814816,-6.258035],[106.8809588,-6.2579508],[106.8809437,-6.2581136]]]}, "properties": {"osm_id": 155956752, "osm_type": "ways_poly", "capacity": null, "name": "SMP Negeri 268 Jakarta", "amenity": "school", "isced_level": null}},{"type": "Feature", "geometry": {"type":"Polygon","coordinates":[[[106.8767926,-6.2596056],[106.8777408,-6.2598189],[106.8778041,-6.2595142],[106.8768621,-6.259311],[106.8767926,-6.2596056]]]}, "properties": {"osm_id": 155956753, "osm_type": "ways_poly", "capacity": null, "name": "SMP Negeri 275", "amenity": "school", "isced_level": null}},{"type": "Feature", "geometry": {"type":"Polygon","coordinates":[[[106.9130098,-6.3018034],[106.9130688,-6.3018256],[106.91309,-6.30177],[106.9130988,-6.3017733],[106.9131203,-6.3017169],[106.913046,-6.301689],[106.913023,-6.3017493],[106.9130295,-6.3017517],[106.9130098,-6.3018034]]]}, "properties": {"osm_id": 508058215, "osm_type": "ways_poly", "capacity": null, "name": "Madrasah Ibtidaiyah Karakter Azzaroofah", "amenity": "school", "isced_level": null}},{"type": "Feature", "geometry": {"type":"Polygon","coordinates":[[[107.0372224,-6.19822],[107.0374155,-6.198228],[107.0374284,-6.1979199],[107.0372353,-6.1979119],[107.0372224,-6.19822]]]}, "properties": {"osm_id": 518494146, "osm_type": "ways_poly", "capacity": null, "name": "SDN 01 Kebalen", "amenity": "school", "isced_level": null}},{"type": "Feature", "geometry": {"type":"Polygon","coordinates":[[[107.0358578,-6.1970357],[107.0360362,-6.1974485],[107.0363743,-6.1972977],[107.036349,-6.197129],[107.0362383,-6.1968895],[107.0358578,-6.1970357]]]}, "properties": {"osm_id": 518494105, "osm_type": "ways_poly", "capacity": null, "name": "SDN 07 Kebalen", "amenity": "school", "isced_level": null}},{"type": "Feature", "geometry": {"type":"Polygon","coordinates":[[[107.0381639,-6.1980187],[107.0387064,-6.1980541],[107.0387152,-6.1977313],[107.0381707,-6.1977166],[107.0381639,-6.1980187]]]}, "properties": {"osm_id": 518494141, "osm_type": "ways_poly", "capacity": null, "name": "SDN 03 Kebalen", "amenity": "school", "isced_level": null}},{"type": "Feature", "geometry": {"type":"Polygon","coordinates":[[[106.9728262,-6.1705372],[106.9730425,-6.1705464],[106.9730579,-6.1701892],[106.9728416,-6.17018],[106.9728262,-6.1705372]]]}, "properties": {"osm_id": 491483078, "osm_type": "ways_poly", "capacity": null, "name": "SD Cherry Montessori School", "amenity": "school", "isced_level": null}},{"type": "Feature", "geometry": {"type":"Polygon","coordinates":[[[106.9727323,-6.1705332],[106.9728262,-6.1705372],[106.9728416,-6.17018],[106.9727477,-6.170176],[106.9727323,-6.1705332]]]}, "properties": {"osm_id": 491483079, "osm_type": "ways_poly", "capacity": null, "name": "SDS Peachblossoms", "amenity": "school", "isced_level": null}},{"type": "Feature", "geometry": {"type":"Polygon","coordinates":[[[107.0060159,-6.268678],[107.0065521,-6.2687963],[107.0067437,-6.2680262],[107.0065468,-6.2679415],[107.0064918,-6.2680981],[107.0063489,-6.2680656],[107.0063599,-6.2679871],[107.006196,-6.2679334],[107.0060159,-6.268678]]]}, "properties": {"osm_id": 387756317, "osm_type": "ways_poly", "capacity": null, "name": "Aleksandra Boarding School", "amenity": "school", "isced_level": null}},{"type": "Feature", "geometry": {"type":"Polygon","coordinates":[[[106.9987841,-6.2741061],[106.9990036,-6.2741708],[106.9990466,-6.2740267],[106.9988272,-6.273962],[106.9987841,-6.2741061]]]}, "properties": {"osm_id": 544502872, "osm_type": "ways_poly", "capacity": null, "name": null, "amenity": "school", "isced_level": null}},{"type": "Feature", "geometry": {"type":"Polygon","coordinates":[[[106.9594553,-6.1245977],[106.9601458,-6.1246473],[106.9601907,-6.1240298],[106.9595002,-6.1239801],[106.9594969,-6.1240256],[106.9594612,-6.1245169],[106.9594553,-6.1245977]]]}, "properties": {"osm_id": 529037706, "osm_type": "ways_poly", "capacity": null, "name": "SMP Negeri 162 Jakarta", "amenity": "school", "isced_level": null}},{"type": "Feature", "geometry": {"type":"Polygon","coordinates":[[[106.9589693,-6.1241758],[106.9590717,-6.1241825],[106.9590763,-6.1241147],[106.9593026,-6.1241296],[106.9592899,-6.1243203],[106.959048,-6.1243044],[106.9590408,-6.124412],[106.9592822,-6.1244279],[106.9593777,-6.1244342],[106.9594032,-6.1240504],[106.9589795,-6.1240225],[106.9589693,-6.1241758]]]}, "properties": {"osm_id": 527410007, "osm_type": "ways_poly", "capacity": null, "name": "SD Negeri Marunda 03-04", "amenity": "school", "isced_level": null}},{"type": "Feature", "geometry": {"type":"Polygon","coordinates":[[[106.9394347,-6.1347344],[106.9394709,-6.135166],[106.939711,-6.1351339],[106.9397237,-6.1347397],[106.9394347,-6.1347344]]]}, "properties": {"osm_id": 525753436, "osm_type": "ways_poly", "capacity": null, "name": "SD-SMP-SMK Kasih Immanuel Kampung Sawah", "amenity": "school", "isced_level": null}},{"type": "Feature", "geometry": {"type":"Polygon","coordinates":[[[106.9392389,-6.1340007],[106.9394548,-6.1340094],[106.9394762,-6.1336697],[106.9392563,-6.1336503],[106.9392389,-6.1340007]]]}, "properties": {"osm_id": 525748656, "osm_type": "ways_poly", "capacity": null, "name": "SMP Al Rahmah", "amenity": "school", "isced_level": null}},{"type": "Feature", "geometry": {"type":"Polygon","coordinates":[[[106.9671353,-6.1344648],[106.9671506,-6.1345543],[106.9675049,-6.1344941],[106.967612,-6.134479],[106.9675999,-6.1343997],[106.9674895,-6.1344047],[106.9671353,-6.1344648]]]}, "properties": {"osm_id": 482394471, "osm_type": "ways_poly", "capacity": null, "name": "MI Arruhaniyah", "amenity": "school", "isced_level": null}},{"type": "Feature", "geometry": {"type":"Polygon","coordinates":[[[106.9558165,-6.1579733],[106.9562421,-6.1580598],[106.9562562,-6.1578824],[106.9562603,-6.1574011],[106.9559362,-6.1573842],[106.9558165,-6.1579733]]]}, "properties": {"osm_id": 524318904, "osm_type": "ways_poly", "capacity": null, "name": "SMP Negeri 200 Jakarta", "amenity": "school", "isced_level": null}},{"type": "Feature", "geometry": {"type":"Polygon","coordinates":[[[106.952772,-6.1582844],[106.9532387,-6.1583254],[106.9532709,-6.1579632],[106.9529829,-6.1579608],[106.9529198,-6.1579398],[106.9528511,-6.1579342],[106.9528059,-6.1579242],[106.952772,-6.1582844]]]}, "properties": {"osm_id": 524327118, "osm_type": "ways_poly", "capacity": null, "name": "SMP Al Wathoniyah 43", "amenity": "school", "isced_level": null}},{"type": "Feature", "geometry": {"type":"Polygon","coordinates":[[[107.0387583,-6.1872315],[107.0387854,-6.1873999],[107.0390201,-6.1873626],[107.038993,-6.1871942],[107.0387583,-6.1872315]]]}, "properties": {"osm_id": 518494095, "osm_type": "ways_poly", "capacity": null, "name": "MTS 06 Kebalen", "amenity": "school", "isced_level": null}},{"type": "Feature", "geometry": {"type":"Polygon","coordinates":[[[106.9599989,-6.1575455],[106.9600361,-6.1579034],[106.96025,-6.1578814],[106.9602128,-6.1575235],[106.9599989,-6.1575455]]]}, "properties": {"osm_id": 524327116, "osm_type": "ways_poly", "capacity": null, "name": "MI Al Wathoniyah 1", "amenity": "school", "isced_level": null}},{"type": "Feature", "geometry": {"type":"Polygon","coordinates":[[[106.9401621,-6.1295013],[106.9401663,-6.1296195],[106.9402872,-6.1296006],[106.940284,-6.1294836],[106.9401621,-6.1295013]]]}, "properties": {"osm_id": 315566045, "osm_type": "ways_poly", "capacity": null, "name": "MTs", "amenity": "school", "isced_level": null}},{"type": "Feature", "geometry": {"type":"Polygon","coordinates":[[[106.9558619,-6.1486952],[106.9558801,-6.1492109],[106.9561533,-6.1492039],[106.9561543,-6.1491849],[106.9562727,-6.1491835],[106.9562857,-6.1486259],[106.955891,-6.1486132],[106.9558619,-6.1486952]]]}, "properties": {"osm_id": 524307601, "osm_type": "ways_poly", "capacity": null, "name": "MI-MTs Imadun Najah", "amenity": "school", "isced_level": null}},{"type": "Feature", "geometry": {"type":"Polygon","coordinates":[[[106.891592,-6.2553581],[106.8918334,-6.2557854],[106.8919038,-6.255904],[106.8921559,-6.2556254],[106.8924033,-6.2552934],[106.8925502,-6.2550628],[106.892398,-6.2550168],[106.8923624,-6.2550628],[106.8923024,-6.2549768],[106.89195,-6.2552055],[106.891944,-6.2551918],[106.891592,-6.2553581]]]}, "properties": {"osm_id": 517048478, "osm_type": "ways_poly", "capacity": null, "name": "SMK Angkasa", "amenity": "school", "isced_level": null}},{"type": "Feature", "geometry": {"type":"Polygon","coordinates":[[[106.8882656,-6.2575907],[106.8885651,-6.2578399],[106.888756,-6.2576131],[106.8886904,-6.2575586],[106.8885649,-6.2577076],[106.8884031,-6.257573],[106.8886631,-6.2572642],[106.888591,-6.2572042],[106.8882656,-6.2575907]]]}, "properties": {"osm_id": 155962878, "osm_type": "ways_poly", "capacity": null, "name": "MTSN 14", "amenity": "school", "isced_level": null}},{"type": "Feature", "geometry": {"type":"Polygon","coordinates":[[[106.9212922,-6.2739056],[106.9216289,-6.2740203],[106.9221988,-6.2741789],[106.9224456,-6.2738056],[106.9227768,-6.2732271],[106.922636,-6.2731671],[106.9225918,-6.2732351],[106.9225126,-6.2733044],[106.9224268,-6.2733511],[106.922286,-6.2734057],[106.9221566,-6.2734564],[106.9220701,-6.2734504],[106.9220392,-6.2735544],[106.9218729,-6.273627],[106.9218059,-6.2738096],[106.921704,-6.2737217],[106.9216389,-6.2737643],[106.9215243,-6.273777],[106.9212922,-6.2739056]]]}, "properties": {"osm_id": 753802719, "osm_type": "ways_poly", "capacity": null, "name": "SMA Negeri 5 Bekasi", "amenity": "school", "isced_level": null}},{"type": "Feature", "geometry": {"type":"Polygon","coordinates":[[[106.920528,-6.2801896],[106.9205984,-6.2803871],[106.9207245,-6.2805588],[106.9206244,-6.2807277],[106.9207118,-6.2807788],[106.9210558,-6.2801977],[106.9208031,-6.28005],[106.9207712,-6.2801039],[106.920528,-6.2801896]]]}, "properties": {"osm_id": 721502549, "osm_type": "ways_poly", "capacity": null, "name": "SD-SMP Pamardi Yuwana Bakti", "amenity": "school", "isced_level": null}},{"type": "Feature", "geometry": {"type":"Polygon","coordinates":[[[106.9390022,-6.2839492],[106.9392319,-6.284057],[106.9394286,-6.2841492],[106.9395608,-6.2838464],[106.9396137,-6.2837253],[106.9397076,-6.2836213],[106.9396566,-6.2835093],[106.9391282,-6.2837066],[106.9390022,-6.2839492]]]}, "properties": {"osm_id": 721502552, "osm_type": "ways_poly", "capacity": null, "name": "SD-SMP Islam Al Marjan", "amenity": "school", "isced_level": null}},{"type": "Feature", "geometry": {"type":"Polygon","coordinates":[[[106.8803428,-6.2830114],[106.8811306,-6.2831427],[106.8812219,-6.2825444],[106.8810481,-6.2825124],[106.880976,-6.2825025],[106.8809076,-6.2825032],[106.8808398,-6.2825145],[106.8807717,-6.2825356],[106.8806514,-6.2826145],[106.8805398,-6.2827084],[106.8803428,-6.2830114]]]}, "properties": {"osm_id": 155930199, "osm_type": "ways_poly", "capacity": null, "name": "SMP Negeri 287", "amenity": "school", "isced_level": null}},{"type": "Feature", "geometry": {"type":"Polygon","coordinates":[[[106.9140845,-6.2839493],[106.9141231,-6.2842201],[106.9142248,-6.2843474],[106.914424,-6.2844141],[106.9145581,-6.2841898],[106.9141738,-6.2839803],[106.9140845,-6.2839493]]]}, "properties": {"osm_id": 721072722, "osm_type": "ways_poly", "capacity": null, "name": null, "amenity": "school", "isced_level": null}},{"type": "Feature", "geometry": {"type":"Polygon","coordinates":[[[106.8905916,-6.3306608],[106.8910408,-6.3306833],[106.8910477,-6.3305457],[106.8911429,-6.3305505],[106.8911488,-6.3304352],[106.8909802,-6.3304267],[106.8909833,-6.3303657],[106.890627,-6.3303479],[106.8906214,-6.330459],[106.8906019,-6.330458],[106.8905916,-6.3306608]]]}, "properties": {"osm_id": 509518404, "osm_type": "ways_poly", "capacity": null, "name": "SD Negeri 04 Pagi / 09 Petang", "amenity": "school", "isced_level": null}},{"type": "Feature", "geometry": {"type":"Polygon","coordinates":[[[106.8917698,-6.3327284],[106.8918812,-6.3327444],[106.8918878,-6.3327024],[106.8919636,-6.3327194],[106.8919931,-6.3325445],[106.8920971,-6.3325635],[106.8920991,-6.332553],[106.8923002,-6.3326098],[106.8923945,-6.3322772],[106.8922924,-6.3322514],[106.8922855,-6.3322762],[106.8921604,-6.3322469],[106.8921635,-6.3322336],[106.8920615,-6.3322174],[106.8920371,-6.3323704],[106.8919482,-6.3323566],[106.8919526,-6.3323342],[106.8919298,-6.3323306],[106.8919318,-6.3323202],[106.8918312,-6.3323069],[106.8917698,-6.3327284]]]}, "properties": {"osm_id": 509518419, "osm_type": "ways_poly", "capacity": null, "name": "SMP 9 & SMA 4 PGRI", "amenity": "school", "isced_level": null}},{"type": "Feature", "geometry": {"type":"Polygon","coordinates":[[[106.8948195,-6.3310821],[106.8955306,-6.3312417],[106.8955527,-6.3311445],[106.8949217,-6.3309897],[106.8949304,-6.3309515],[106.8948672,-6.3309094],[106.8948195,-6.3310821]]]}, "properties": {"osm_id": 155941072, "osm_type": "ways_poly", "capacity": null, "name": "SD Swasta Budi Murni I", "amenity": "school", "isced_level": null}},{"type": "Feature", "geometry": {"type":"Polygon","coordinates":[[[106.9097116,-6.266105],[106.9097176,-6.2662323],[106.9101193,-6.2662903],[106.9101776,-6.2664866],[106.9106106,-6.2664665],[106.9106757,-6.2663727],[106.9106535,-6.2661708],[106.9110866,-6.2661203],[106.911323,-6.266103],[106.9111358,-6.2649722],[106.9108613,-6.2649249],[106.9105964,-6.264764],[106.9105535,-6.2641663],[106.9099382,-6.264178],[106.9100122,-6.2654426],[106.9100122,-6.2658396],[106.9100661,-6.2658842],[106.9100122,-6.2661318],[106.9097116,-6.266105]]]}, "properties": {"osm_id": 159008157, "osm_type": "ways_poly", "capacity": null, "name": "Pesantren As-Syafiiyah - Putra", "amenity": "school", "isced_level": null}},{"type": "Feature", "geometry": {"type":"Polygon","coordinates":[[[106.8911103,-6.3105133],[106.8911134,-6.3114587],[106.8916002,-6.3116022],[106.8916351,-6.3119061],[106.8917457,-6.3120248],[106.8921883,-6.3121901],[106.892549,-6.3121828],[106.8925088,-6.3115822],[106.8921105,-6.3114982],[106.8917698,-6.3115022],[106.8916988,-6.3113823],[106.8917337,-6.3110427],[106.8916968,-6.3104916],[106.8917707,-6.3100066],[106.8913123,-6.3098633],[106.8912686,-6.3099927],[106.8911103,-6.3105133]]]}, "properties": {"osm_id": 155936716, "osm_type": "ways_poly", "capacity": null, "name": "Kampus Kejaksaan", "amenity": "university", "isced_level": null}},{"type": "Feature", "geometry": {"type":"Polygon","coordinates":[[[106.9003013,-6.3264947],[106.9004304,-6.3265861],[106.9005216,-6.3264588],[106.9003811,-6.3263514],[106.9003013,-6.3264947]]]}, "properties": {"osm_id": 508564259, "osm_type": "ways_poly", "capacity": null, "name": "SMK Analis Kesehatan Tunas Medika", "amenity": "school", "isced_level": null}},{"type": "Feature", "geometry": {"type":"Polygon","coordinates":[[[106.8947458,-6.3349842],[106.8948811,-6.3350558],[106.8948162,-6.335177],[106.8951975,-6.3353788],[106.8952607,-6.3352608],[106.8952194,-6.335239],[106.8953028,-6.3350832],[106.8951642,-6.3350098],[106.8952657,-6.3348204],[106.8949063,-6.3346302],[106.8948567,-6.3347228],[106.8948794,-6.3347347],[106.8947458,-6.3349842]]]}, "properties": {"osm_id": 509518408, "osm_type": "ways_poly", "capacity": null, "name": "SD Negeri Cipayung 01 Pagi Dan 02 Pagi", "amenity": "school", "isced_level": null}},{"type": "Feature", "geometry": {"type":"Polygon","coordinates":[[[106.8888003,-6.3133519],[106.8888014,-6.3134861],[106.888977,-6.3134846],[106.8889766,-6.3134423],[106.8890079,-6.3134421],[106.8890073,-6.3133661],[106.8889764,-6.3133663],[106.8889758,-6.3132909],[106.8888611,-6.3132919],[106.8888616,-6.3133514],[106.8888003,-6.3133519]]]}, "properties": {"osm_id": 155931509, "osm_type": "ways_poly", "capacity": null, "name": "Pesantren Tsaqofah Islamiyah", "amenity": "school", "isced_level": null}},{"type": "Feature", "geometry": {"type":"Polygon","coordinates":[[[106.8918809,-6.3431611],[106.8924957,-6.3433923],[106.8925447,-6.3432287],[106.8926409,-6.3430711],[106.892715,-6.3430167],[106.8928686,-6.3429046],[106.893446,-6.3425904],[106.8929883,-6.3423555],[106.8930234,-6.3422391],[106.8928125,-6.3421323],[106.8925742,-6.342151],[106.8922281,-6.3423252],[106.892196,-6.3423876],[106.8921521,-6.3424886],[106.8918809,-6.3431611]]]}, "properties": {"osm_id": 159810608, "osm_type": "ways_poly", "capacity": null, "name": "Sekolah Al Falah TK, SD, SMP dan SMA", "amenity": "school", "isced_level": null}},{"type": "Feature", "geometry": {"type":"Polygon","coordinates":[[[106.8937121,-6.3428567],[106.8937752,-6.3428938],[106.8938027,-6.3428477],[106.8937397,-6.3428105],[106.8937121,-6.3428567]]]}, "properties": {"osm_id": 507133560, "osm_type": "ways_poly", "capacity": null, "name": "SD Darul Ikhlas", "amenity": "school", "isced_level": null}},{"type": "Feature", "geometry": {"type":"Polygon","coordinates":[[[106.9036125,-6.3229977],[106.9037443,-6.3230622],[106.9037211,-6.323107],[106.9038072,-6.3231512],[106.9039802,-6.3228179],[106.9038941,-6.3227738],[106.9037903,-6.3229738],[106.9036567,-6.3229084],[106.9036125,-6.3229977]]]}, "properties": {"osm_id": 508873565, "osm_type": "ways_poly", "capacity": null, "name": "SD Negeri Cipayung 05 Pagi", "amenity": "school", "isced_level": null}},{"type": "Feature", "geometry": {"type":"Polygon","coordinates":[[[106.9083506,-6.3580878],[106.9086088,-6.358164],[106.9086338,-6.3580804],[106.9083756,-6.3580042],[106.9083506,-6.3580878]]]}, "properties": {"osm_id": 155946485, "osm_type": "ways_poly", "capacity": null, "name": "SD Hidayatul Islamiah", "amenity": "school", "isced_level": null}},{"type": "Feature", "geometry": {"type":"Polygon","coordinates":[[[106.909308,-6.3583392],[106.9093945,-6.3583792],[106.9094438,-6.358274],[106.9093573,-6.358234],[106.909308,-6.3583392]]]}, "properties": {"osm_id": 155946491, "osm_type": "ways_poly", "capacity": null, "name": "SD N 02 Pagi & SD N 07 Petang", "amenity": "school", "isced_level": null}},{"type": "Feature", "geometry": {"type":"Polygon","coordinates":[[[106.9260947,-6.2500851],[106.9262838,-6.2501111],[106.9265185,-6.2501497],[106.9268122,-6.2501737],[106.9269705,-6.2500497],[106.9269946,-6.2496965],[106.9270442,-6.2494712],[106.9265963,-6.2493618],[106.9267975,-6.2487646],[106.9268967,-6.2486766],[106.9265655,-6.2486166],[106.9264555,-6.2490886],[106.9263348,-6.2493179],[106.926198,-6.2496085],[106.926143,-6.2498218],[106.9261162,-6.2499744],[106.9260947,-6.2500851]]]}, "properties": {"osm_id": 512728107, "osm_type": "ways_poly", "capacity": null, "name": "SD-SMP Putra Terpadu", "amenity": "school", "isced_level": null}},{"type": "Feature", "geometry": {"type":"Polygon","coordinates":[[[106.9374878,-6.1340281],[106.9377081,-6.1340054],[106.9376721,-6.1336409],[106.9375202,-6.1336546],[106.9374878,-6.1340281]]]}, "properties": {"osm_id": 525753447, "osm_type": "ways_poly", "capacity": null, "name": "SD Khusus Al Rahmah", "amenity": "school", "isced_level": null}},{"type": "Feature", "geometry": {"type":"Polygon","coordinates":[[[106.9074996,-6.3555604],[106.9076028,-6.3556117],[106.9076672,-6.3556636],[106.9078268,-6.3557216],[106.9078965,-6.3555077],[106.9075626,-6.3553951],[106.9074996,-6.3555604]]]}, "properties": {"osm_id": 519876500, "osm_type": "ways_poly", "capacity": null, "name": "Yayasan Nurul Ihsan Pondok Ranggon", "amenity": "school", "isced_level": null}},{"type": "Feature", "geometry": {"type":"Polygon","coordinates":[[[106.9104238,-6.3550385],[106.9109422,-6.3551472],[106.9110488,-6.3547107],[106.9105238,-6.3545854],[106.9104238,-6.3550385]]]}, "properties": {"osm_id": 519876504, "osm_type": "ways_poly", "capacity": null, "name": "SD Negeri Pondok Ranggon 02 Pagi", "amenity": "school", "isced_level": null}},{"type": "Feature", "geometry": {"type":"Polygon","coordinates":[[[106.9038934,-6.3255203],[106.9039672,-6.3255923],[106.9040094,-6.3255463],[106.90423,-6.3257735],[106.9042978,-6.3257256],[106.9044212,-6.3256409],[106.9043246,-6.3255103],[106.9042723,-6.3254606],[106.9041861,-6.3253926],[106.9040899,-6.3253194],[106.903988,-6.325421],[106.9038934,-6.3255203]]]}, "properties": {"osm_id": 509518413, "osm_type": "ways_poly", "capacity": null, "name": "SMK Kramat Jati", "amenity": "school", "isced_level": null}},{"type": "Feature", "geometry": {"type":"Polygon","coordinates":[[[106.8947902,-6.3499958],[106.8948926,-6.3500306],[106.8950767,-6.3501051],[106.8950639,-6.3501451],[106.8951779,-6.3501754],[106.8952175,-6.3500548],[106.8952695,-6.3498832],[106.8948933,-6.3497492],[106.8948832,-6.3497457],[106.8948755,-6.3497656],[106.8947902,-6.3499958]]]}, "properties": {"osm_id": 507481673, "osm_type": "ways_poly", "capacity": null, "name": "Yayasan Praja Mandala SMK Analis Kesehatan", "amenity": "school", "isced_level": null}},{"type": "Feature", "geometry": {"type":"Polygon","coordinates":[[[107.0358108,-6.2378704],[107.0360448,-6.2379457],[107.0361369,-6.2379118],[107.0363927,-6.2376507],[107.0364371,-6.2373693],[107.0358231,-6.2373591],[107.0358108,-6.2378704]]]}, "properties": {"osm_id": 767732111, "osm_type": "ways_poly", "capacity": null, "name": "SMAN 18 Bekasi", "amenity": "school", "isced_level": null}},{"type": "Feature", "geometry": {"type":"Polygon","coordinates":[[[106.8902007,-6.3307894],[106.8902998,-6.3307947],[106.8903138,-6.3305368],[106.8902148,-6.3305315],[106.8902007,-6.3307894]]]}, "properties": {"osm_id": 508316371, "osm_type": "ways_poly", "capacity": null, "name": "PKBM Negeri 34 Cipayung", "amenity": "school", "isced_level": null}},{"type": "Feature", "geometry": {"type":"Polygon","coordinates":[[[106.8984003,-6.3196457],[106.8991271,-6.3198696],[106.899392,-6.3191048],[106.8994208,-6.3190767],[106.899455,-6.3190886],[106.8994946,-6.3189673],[106.8995466,-6.3188061],[106.8995553,-6.3186864],[106.8995466,-6.3186244],[106.8995147,-6.3185915],[106.8994856,-6.3185675],[106.8994104,-6.3185238],[106.8993585,-6.3184911],[106.8993075,-6.3184485],[106.8992271,-6.3184048],[106.8989679,-6.3184048],[106.8988961,-6.3184035],[106.8988428,-6.3184113],[106.8987966,-6.3184373],[106.8987684,-6.3184693],[106.8987362,-6.3185186],[106.8988006,-6.3185526],[106.8988274,-6.3185966],[106.8988153,-6.3186279],[106.8986732,-6.3188306],[106.8987409,-6.3188822],[106.8986832,-6.3190095],[106.8986209,-6.3192108],[106.8985873,-6.3191981],[106.8985585,-6.3192258],[106.8984003,-6.3196457]]]}, "properties": {"osm_id": 512018099, "osm_type": "ways_poly", "capacity": null, "name": "SMK Negeri 58 Jakarta", "amenity": "school", "isced_level": null}},{"type": "Feature", "geometry": {"type":"Polygon","coordinates":[[[106.8997003,-6.3188552],[106.8998864,-6.3189072],[106.8998499,-6.3190362],[106.8999758,-6.3190714],[106.8999313,-6.319229],[106.8999149,-6.3192684],[106.9000822,-6.3193288],[106.9001872,-6.3193549],[106.9002529,-6.3193545],[106.90032,-6.3193468],[106.9003863,-6.3193279],[106.9004187,-6.3192656],[106.9005167,-6.318919],[106.9004104,-6.3188893],[106.9000062,-6.3187764],[106.8999915,-6.3188285],[106.8997286,-6.3187551],[106.8997003,-6.3188552]]]}, "properties": {"osm_id": 512018103, "osm_type": "ways_poly", "capacity": null, "name": "Universitas Respati Indonesia (Kampus B)", "amenity": "university", "isced_level": null}},{"type": "Feature", "geometry": {"type":"Polygon","coordinates":[[[106.8982141,-6.3199554],[106.8983245,-6.3199895],[106.8983647,-6.3198607],[106.89856,-6.319921],[106.8984887,-6.3201491],[106.8986257,-6.3201914],[106.8986335,-6.3201668],[106.8987466,-6.3202018],[106.8987802,-6.3200944],[106.8986306,-6.3200482],[106.8986693,-6.3199245],[106.8989537,-6.3200124],[106.898881,-6.3202447],[106.8987575,-6.3202065],[106.8986788,-6.3204583],[106.8987485,-6.3204798],[106.8987363,-6.3205188],[106.898878,-6.3205626],[106.8988871,-6.3205336],[106.8988477,-6.3205214],[106.8989342,-6.3202447],[106.8989827,-6.3202597],[106.8989937,-6.3202247],[106.8990137,-6.3202309],[106.8991121,-6.3199163],[106.8990146,-6.3198862],[106.899007,-6.3199104],[106.898461,-6.3197418],[106.8984739,-6.3197004],[106.8983892,-6.3196742],[106.8983713,-6.3197317],[106.8983326,-6.3197198],[106.898292,-6.3198497],[106.8982511,-6.3198371],[106.8982141,-6.3199554]]]}, "properties": {"osm_id": 159810538, "osm_type": "ways_poly", "capacity": null, "name": "SMK Negeri 51 Jakarta", "amenity": "school", "isced_level": null}},{"type": "Feature", "geometry": {"type":"Polygon","coordinates":[[[107.0423108,-6.1772916],[107.0423648,-6.1773174],[107.042397,-6.1772507],[107.042343,-6.177225],[107.0423108,-6.1772916]]]}, "properties": {"osm_id": 499926926, "osm_type": "ways_poly", "capacity": null, "name": "SMK Swasta", "amenity": "school", "isced_level": null}},{"type": "Feature", "geometry": {"type":"Polygon","coordinates":[[[107.044757,-6.177289],[107.044814,-6.1773267],[107.0448461,-6.1772787],[107.0447892,-6.177241],[107.044757,-6.177289]]]}, "properties": {"osm_id": 499435590, "osm_type": "ways_poly", "capacity": null, "name": "MTs At-Taqwa", "amenity": "school", "isced_level": null}},{"type": "Feature", "geometry": {"type":"Polygon","coordinates":[[[107.0486113,-6.1728383],[107.0486915,-6.1728416],[107.0486968,-6.1727109],[107.0486167,-6.1727077],[107.0486113,-6.1728383]]]}, "properties": {"osm_id": 499435711, "osm_type": "ways_poly", "capacity": null, "name": "SD Sriamur 04", "amenity": "school", "isced_level": null}},{"type": "Feature", "geometry": {"type":"Polygon","coordinates":[[[106.9013326,-6.3154705],[106.9013406,-6.3158457],[106.9013393,-6.316191],[106.9014519,-6.3163156],[106.9018114,-6.3165142],[106.9018057,-6.3167007],[106.901918,-6.3167546],[106.9019673,-6.3167916],[106.9020558,-6.3168086],[106.9022113,-6.3169009],[106.9022898,-6.3168596],[106.902379,-6.3168669],[106.9025661,-6.3169929],[106.9027002,-6.3170942],[106.9027431,-6.3171182],[106.9028437,-6.3170289],[106.9029255,-6.3169522],[106.9029818,-6.3168749],[106.9030341,-6.3167043],[106.903352,-6.3167283],[106.9034861,-6.3158725],[106.9037275,-6.3159072],[106.9037918,-6.3155303],[106.9036329,-6.3154697],[106.9033761,-6.3153903],[106.9032608,-6.3154437],[106.9031085,-6.315561],[106.9028913,-6.3156463],[106.9026083,-6.3156156],[106.9023106,-6.3156036],[106.9021161,-6.315537],[106.9020558,-6.3155076],[106.9019485,-6.3154023],[106.9018586,-6.3153344],[106.90175,-6.3153077],[106.9016521,-6.3153037],[106.9015113,-6.3153144],[106.9014281,-6.315337],[106.9013812,-6.315356],[106.901351,-6.3153847],[106.9013329,-6.3154293],[106.9013326,-6.3154705]]]}, "properties": {"osm_id": 512018214, "osm_type": "ways_poly", "capacity": null, "name": "SMA Negeri Unggulan Muhammad Husni Thamrin", "amenity": "school", "isced_level": null}},{"type": "Feature", "geometry": {"type":"Polygon","coordinates":[[[106.9013789,-6.3170438],[106.9015148,-6.317117],[106.9014781,-6.3171843],[106.9015492,-6.3172227],[106.9015859,-6.3171553],[106.9015928,-6.3171591],[106.9016323,-6.3170867],[106.9014184,-6.3169714],[106.9013789,-6.3170438]]]}, "properties": {"osm_id": 509361625, "osm_type": "ways_poly", "capacity": null, "name": "SMA Santika", "amenity": "school", "isced_level": null}},{"type": "Feature", "geometry": {"type":"Polygon","coordinates":[[[106.9145678,-6.3086721],[106.9146632,-6.3087017],[106.9148053,-6.3082503],[106.9147099,-6.3082206],[106.9146715,-6.3083428],[106.9146531,-6.3083371],[106.9146282,-6.3084161],[106.9146466,-6.3084218],[106.9145678,-6.3086721]]]}, "properties": {"osm_id": 507243055, "osm_type": "ways_poly", "capacity": null, "name": "SMP Islam Bhakti Persada", "amenity": "school", "isced_level": null}},{"type": "Feature", "geometry": {"type":"Polygon","coordinates":[[[106.8967741,-6.339651],[106.8972484,-6.3398301],[106.8972826,-6.3397405],[106.8968083,-6.3395614],[106.8967741,-6.339651]]]}, "properties": {"osm_id": 155950262, "osm_type": "ways_poly", "capacity": null, "name": "MTs Negeri 22 Cilangkap", "amenity": "school", "isced_level": null}},{"type": "Feature", "geometry": {"type":"Polygon","coordinates":[[[106.9056522,-6.364301],[106.9057304,-6.3643339],[106.9057304,-6.3643337],[106.9057942,-6.3643605],[106.9058221,-6.3642951],[106.9057598,-6.3642689],[106.905843,-6.3640735],[106.9059505,-6.3641187],[106.9059781,-6.364054],[106.905791,-6.3639752],[106.9056522,-6.364301]]]}, "properties": {"osm_id": 503408870, "osm_type": "ways_poly", "capacity": null, "name": "SD Negeri Harjamukti 1 & SMP Negeri 23 Depok", "amenity": "school", "isced_level": null}},{"type": "Feature", "geometry": {"type":"Polygon","coordinates":[[[106.9056067,-6.3617736],[106.9059044,-6.3618536],[106.905913,-6.361822],[106.9059298,-6.3618294],[106.905964,-6.3618387],[106.9060069,-6.361878],[106.9060318,-6.3619207],[106.9061357,-6.36188],[106.906127,-6.3618587],[106.9061008,-6.3618154],[106.9060525,-6.3617814],[106.9060016,-6.3617541],[106.9059493,-6.3617367],[106.9059372,-6.3617329],[106.9059392,-6.3617256],[106.9057601,-6.3616775],[106.9057832,-6.3615897],[106.9058897,-6.3616139],[106.9058854,-6.3616287],[106.9060542,-6.3616775],[106.9060988,-6.3616989],[106.9061444,-6.3617456],[106.9061779,-6.3617962],[106.9062644,-6.3617236],[106.9062188,-6.3616469],[106.9061558,-6.3616036],[106.906085,-6.3615723],[106.9059505,-6.3615334],[106.9059561,-6.361509],[106.9056919,-6.361449],[106.9056067,-6.3617736]]]}, "properties": {"osm_id": 503408904, "osm_type": "ways_poly", "capacity": null, "name": "Pra SD, SD, SMP, SMA Al Jannah", "amenity": "school", "isced_level": null}},{"type": "Feature", "geometry": {"type":"Polygon","coordinates":[[[106.9311541,-6.3032355],[106.9314641,-6.3034502],[106.9315277,-6.3033668],[106.9312964,-6.3032178],[106.9313755,-6.3031015],[106.9312939,-6.3030384],[106.9311541,-6.3032355]]]}, "properties": {"osm_id": 244053502, "osm_type": "ways_poly", "capacity": "150", "name": "Islamic Development Foundation AL-Hidayah", "amenity": "school", "isced_level": null}},{"type": "Feature", "geometry": {"type":"Polygon","coordinates":[[[106.9367353,-6.3478975],[106.9367902,-6.3479128],[106.9368111,-6.347839],[106.9367562,-6.3478236],[106.9367353,-6.3478975]]]}, "properties": {"osm_id": 728085835, "osm_type": "ways_poly", "capacity": null, "name": "Smart Home Quran Payangan", "amenity": "school", "isced_level": null}},{"type": "Feature", "geometry": {"type":"Polygon","coordinates":[[[106.9619339,-6.2479527],[106.9622298,-6.2479703],[106.9622077,-6.2482205],[106.9624241,-6.2482337],[106.9624506,-6.2477815],[106.9619472,-6.2477288],[106.9619339,-6.2479527]]]}, "properties": {"osm_id": 120195304, "osm_type": "ways_poly", "capacity": null, "name": "Global Prestasi School", "amenity": "school", "isced_level": null}},{"type": "Feature", "geometry": {"type":"Polygon","coordinates":[[[106.9399598,-6.2523151],[106.9399858,-6.2528738],[106.940493,-6.2529006],[106.940496,-6.2527692],[106.9404459,-6.2527681],[106.9404558,-6.2523261],[106.9400958,-6.2523181],[106.9399972,-6.2523159],[106.9399598,-6.2523151]]]}, "properties": {"osm_id": 512050220, "osm_type": "ways_poly", "capacity": null, "name": "SMA dan SMK Perguruan Rakyat 2", "amenity": "school", "isced_level": null}},{"type": "Feature", "geometry": {"type":"Polygon","coordinates":[[[106.9585182,-6.1212546],[106.9585262,-6.1217252],[106.9590485,-6.121732],[106.9590473,-6.1212454],[106.9585182,-6.1212546]]]}, "properties": {"osm_id": 528051745, "osm_type": "ways_poly", "capacity": null, "name": "MA Negeri 5 Jakarta", "amenity": "school", "isced_level": null}},{"type": "Feature", "geometry": {"type":"Polygon","coordinates":[[[107.0202209,-6.1900816],[107.0203232,-6.1901312],[107.0203579,-6.1900605],[107.0207171,-6.1902347],[107.0207729,-6.1901211],[107.0204104,-6.1899453],[107.0204275,-6.1899104],[107.0203285,-6.1898624],[107.0202209,-6.1900816]]]}, "properties": {"osm_id": 518507139, "osm_type": "ways_poly", "capacity": null, "name": "MIT ATTAQWA", "amenity": "school", "isced_level": null}},{"type": "Feature", "geometry": {"type":"Polygon","coordinates":[[[107.021321,-6.1901796],[107.0214199,-6.190225],[107.0217043,-6.1896117],[107.0216053,-6.1895663],[107.021321,-6.1901796]]]}, "properties": {"osm_id": 518507134, "osm_type": "ways_poly", "capacity": null, "name": "SMK LAB KIMIA ATTAQWA", "amenity": "school", "isced_level": null}},{"type": "Feature", "geometry": {"type":"Polygon","coordinates":[[[107.0303986,-6.1900284],[107.0304485,-6.190133],[107.030765,-6.1899837],[107.0307151,-6.1898791],[107.0303986,-6.1900284]]]}, "properties": {"osm_id": 518511255, "osm_type": "ways_poly", "capacity": null, "name": "SMP At Taqwa 10", "amenity": "school", "isced_level": null}},{"type": "Feature", "geometry": {"type":"Polygon","coordinates":[[[107.0444673,-6.173565],[107.044578,-6.1735888],[107.0446289,-6.1733541],[107.0445183,-6.1733304],[107.0444673,-6.173565]]]}, "properties": {"osm_id": 499926700, "osm_type": "ways_poly", "capacity": null, "name": "SDN 04 Kebalen", "amenity": "school", "isced_level": null}},{"type": "Feature", "geometry": {"type":"Polygon","coordinates":[[[107.0445424,-6.177201],[107.0445907,-6.177225],[107.0446256,-6.1771556],[107.0445773,-6.1771316],[107.0445424,-6.177201]]]}, "properties": {"osm_id": 499435616, "osm_type": "ways_poly", "capacity": null, "name": "MTs At-Taqwa", "amenity": "school", "isced_level": null}},{"type": "Feature", "geometry": {"type":"Polygon","coordinates":[[[106.9571345,-6.1857063],[106.9578567,-6.1858796],[106.9579177,-6.1856237],[106.9576025,-6.1855563],[106.9576065,-6.1855357],[106.9575744,-6.1854863],[106.9574992,-6.1854657],[106.9575723,-6.1850957],[106.9575918,-6.184915],[106.9573403,-6.1848617],[106.9571345,-6.1857063]]]}, "properties": {"osm_id": 492899945, "osm_type": "ways_poly", "capacity": null, "name": "Yayasan Pendidikan Islam Al Hilal Cakung", "amenity": "school", "isced_level": null}},{"type": "Feature", "geometry": {"type":"Polygon","coordinates":[[[106.8961608,-6.3318135],[106.8965275,-6.3319562],[106.8965784,-6.3318271],[106.8962116,-6.3316844],[106.8961608,-6.3318135]]]}, "properties": {"osm_id": 508308367, "osm_type": "ways_poly", "capacity": null, "name": "MIN 16 Jakarta Timur", "amenity": "school", "isced_level": null}},{"type": "Feature", "geometry": {"type":"Polygon","coordinates":[[[106.8896155,-6.3110565],[106.8897368,-6.3111051],[106.8898079,-6.3109299],[106.8896866,-6.3108812],[106.8896155,-6.3110565]]]}, "properties": {"osm_id": 155951196, "osm_type": "ways_poly", "capacity": null, "name": "TK Mekar Sari & SDK Santa Anna", "amenity": "school", "isced_level": null}},{"type": "Feature", "geometry": {"type":"Polygon","coordinates":[[[106.9068619,-6.3037],[106.9068968,-6.3037008],[106.9068941,-6.3038162],[106.9069803,-6.3038182],[106.9069829,-6.3037027],[106.9072368,-6.3037084],[106.9072294,-6.3040322],[106.9073273,-6.3040344],[106.9073346,-6.3037106],[106.9074091,-6.3037123],[106.9074118,-6.3035939],[106.9068646,-6.3035816],[106.9068619,-6.3037]]]}, "properties": {"osm_id": 498468247, "osm_type": "ways_poly", "capacity": null, "name": "SMP Negeri 259 Jakarta", "amenity": "school", "isced_level": null}},{"type": "Feature", "geometry": {"type":"Polygon","coordinates":[[[107.0174915,-6.1836678],[107.0175129,-6.1849891],[107.017808,-6.1850318],[107.0187588,-6.1849745],[107.0189305,-6.1849411],[107.0196064,-6.1848625],[107.0199671,-6.1849331],[107.0203252,-6.1837298],[107.0201187,-6.1836157],[107.0201886,-6.1834732],[107.0202223,-6.1834795],[107.0202548,-6.1834032],[107.0201287,-6.1833438],[107.0200342,-6.1835298],[107.0195038,-6.1833012],[107.0193013,-6.1832465],[107.0191471,-6.1832532],[107.0190606,-6.1833505],[107.0188996,-6.1833332],[107.0188835,-6.1832265],[107.0187226,-6.1830945],[107.0186046,-6.1829572],[107.0184074,-6.1826412],[107.0182706,-6.1825785],[107.0180373,-6.1825199],[107.017863,-6.1824665],[107.0177127,-6.1823119],[107.0175143,-6.1829519],[107.0174915,-6.1834718],[107.0174915,-6.1836678]]]}, "properties": {"osm_id": 518507086, "osm_type": "ways_poly", "capacity": null, "name": "PONDOK PESANTREN ATTAQWA PUTRI", "amenity": "school", "isced_level": null}},{"type": "Feature", "geometry": {"type":"Polygon","coordinates":[[[107.0486047,-6.1852461],[107.0488397,-6.1853517],[107.0489282,-6.185157],[107.0486932,-6.1850514],[107.0486047,-6.1852461]]]}, "properties": {"osm_id": 517884377, "osm_type": "ways_poly", "capacity": null, "name": "SD IT Iskandar Muda", "amenity": "school", "isced_level": null}},{"type": "Feature", "geometry": {"type":"Polygon","coordinates":[[[107.0488343,-6.1877813],[107.0490003,-6.1878033],[107.0490698,-6.1872868],[107.0489038,-6.1872647],[107.0488343,-6.1877813]]]}, "properties": {"osm_id": 517884387, "osm_type": "ways_poly", "capacity": null, "name": "SDN Sriamur 01", "amenity": "school", "isced_level": null}},{"type": "Feature", "geometry": {"type":"Polygon","coordinates":[[[106.9014607,-6.3514873],[106.901578,-6.3515166],[106.9015116,-6.3517365],[106.9018744,-6.3518285],[106.9020092,-6.3513487],[106.9020588,-6.351362],[106.9020917,-6.3512447],[106.9017906,-6.3511687],[106.9017812,-6.3512007],[106.9016685,-6.3511724],[106.901686,-6.3511078],[106.9015653,-6.3510828],[106.9014607,-6.3514873]]]}, "properties": {"osm_id": 511592166, "osm_type": "ways_poly", "capacity": null, "name": "SD Negeri 03 Cilangkap", "amenity": "school", "isced_level": null}},{"type": "Feature", "geometry": {"type":"Polygon","coordinates":[[[106.9572448,-6.1244156],[106.9577088,-6.1244876],[106.957727,-6.1243716],[106.957263,-6.1242996],[106.9572448,-6.1244156]]]}, "properties": {"osm_id": 529037708, "osm_type": "ways_poly", "capacity": null, "name": "SMK Pelayaran Malahayati", "amenity": "school", "isced_level": null}},{"type": "Feature", "geometry": {"type":"Polygon","coordinates":[[[106.9563232,-6.144345],[106.9568,-6.144343],[106.956802,-6.1444148],[106.9569361,-6.1444145],[106.9569354,-6.1438896],[106.9566619,-6.1438776],[106.9565472,-6.1438746],[106.9563454,-6.1438743],[106.9563232,-6.144345]]]}, "properties": {"osm_id": 524305121, "osm_type": "ways_poly", "capacity": null, "name": "SD Negeri Rorotan 03 dan 05 Pagi", "amenity": "school", "isced_level": null}},{"type": "Feature", "geometry": {"type":"Polygon","coordinates":[[[106.8897765,-6.3147756],[106.889871,-6.3147888],[106.8898839,-6.3146982],[106.8900079,-6.3147156],[106.8900207,-6.3146252],[106.8898966,-6.3146079],[106.8899111,-6.3145058],[106.8901152,-6.3145343],[106.8901292,-6.3144347],[106.8899252,-6.3144062],[106.8899267,-6.3143955],[106.8898322,-6.3143823],[106.8897765,-6.3147756]]]}, "properties": {"osm_id": 508858988, "osm_type": "ways_poly", "capacity": null, "name": "SD Negeri Ceger 02 Pagi", "amenity": "school", "isced_level": null}},{"type": "Feature", "geometry": {"type":"Polygon","coordinates":[[[106.9031791,-6.3191703],[106.9033029,-6.3192058],[106.9033206,-6.3191445],[106.9036963,-6.3192521],[106.9036506,-6.3194096],[106.9037855,-6.3194482],[106.9038764,-6.3191346],[106.9032421,-6.318953],[106.9031791,-6.3191703]]]}, "properties": {"osm_id": 159937152, "osm_type": "ways_poly", "capacity": null, "name": "SMP Negeri 180 Jakarta", "amenity": "school", "isced_level": null}},{"type": "Feature", "geometry": {"type":"Polygon","coordinates":[[[106.914819,-6.3165018],[106.9149187,-6.316504],[106.9149205,-6.3164223],[106.9148207,-6.3164201],[106.914819,-6.3165018]]]}, "properties": {"osm_id": 507731328, "osm_type": "ways_poly", "capacity": null, "name": "Sekolah Islam Nailufar", "amenity": "school", "isced_level": null}},{"type": "Feature", "geometry": {"type":"Polygon","coordinates":[[[106.9540413,-6.1407415],[106.9540993,-6.1412451],[106.9542844,-6.1412235],[106.9544531,-6.1412065],[106.9544494,-6.1411191],[106.9545148,-6.1411078],[106.9545027,-6.1407241],[106.9541775,-6.1407241],[106.9540413,-6.1407415]]]}, "properties": {"osm_id": 524303958, "osm_type": "ways_poly", "capacity": null, "name": "SMK PGRI 11 Jakarta", "amenity": "school", "isced_level": null}},{"type": "Feature", "geometry": {"type":"Polygon","coordinates":[[[106.900729,-6.3162456],[106.9007746,-6.316343],[106.9010017,-6.3162373],[106.9011096,-6.316217],[106.9011123,-6.3162303],[106.9009476,-6.3165388],[106.9010416,-6.3165835],[106.9012421,-6.3162529],[106.9012528,-6.3161543],[106.901238,-6.3161183],[106.9012059,-6.316099],[106.9011126,-6.316103],[106.9009269,-6.316149],[106.900729,-6.3162456]]]}, "properties": {"osm_id": 509361583, "osm_type": "ways_poly", "capacity": null, "name": "Universitas Respati Indonesia", "amenity": "university", "isced_level": null}},{"type": "Feature", "geometry": {"type":"Polygon","coordinates":[[[106.9573264,-6.1546781],[106.957358,-6.1549796],[106.957873,-6.1549262],[106.9578414,-6.1546247],[106.9576211,-6.1546475],[106.9576147,-6.1545834],[106.9575195,-6.1545927],[106.9575259,-6.1546573],[106.9573264,-6.1546781]]]}, "properties": {"osm_id": 524309182, "osm_type": "ways_poly", "capacity": null, "name": "SD Kemala Bhayangkari 1", "amenity": "school", "isced_level": null}},{"type": "Feature", "geometry": {"type":"Polygon","coordinates":[[[106.9240975,-6.3371033],[106.9241955,-6.3371318],[106.9242105,-6.3370808],[106.9244235,-6.3371745],[106.9243323,-6.3375597],[106.924504,-6.3375944],[106.9245965,-6.3371172],[106.9245717,-6.3371112],[106.9246002,-6.3370502],[106.9242632,-6.3369017],[106.9241653,-6.3368726],[106.9240975,-6.3371033]]]}, "properties": {"osm_id": 509772594, "osm_type": "ways_poly", "capacity": null, "name": "Strada Nawar Schools", "amenity": "school", "isced_level": null}},{"type": "Feature", "geometry": {"type":"Polygon","coordinates":[[[106.9005112,-6.3185436],[106.9006044,-6.3185923],[106.9006956,-6.3184117],[106.9008458,-6.3184687],[106.9008852,-6.3183718],[106.9007016,-6.318293],[106.9006587,-6.3183743],[106.9006124,-6.3183564],[106.9005112,-6.3185436]]]}, "properties": {"osm_id": 513757156, "osm_type": "ways_poly", "capacity": null, "name": "Yayasan Pendidikan Citra Dharma", "amenity": "school", "isced_level": null}},{"type": "Feature", "geometry": {"type":"Polygon","coordinates":[[[106.8778329,-6.2671017],[106.8781162,-6.2671495],[106.8780838,-6.2673392],[106.8779651,-6.2673192],[106.8779533,-6.2673884],[106.8780679,-6.2674078],[106.8780603,-6.267452],[106.8781532,-6.2674677],[106.8782248,-6.2670484],[106.8781189,-6.2670306],[106.878115,-6.2670537],[106.8778488,-6.2670088],[106.8778329,-6.2671017]]]}, "properties": {"osm_id": 120531238, "osm_type": "ways_poly", "capacity": null, "name": "SD Negeri Halim Perdanakusuma 01 Pagi", "amenity": "school", "isced_level": null}},{"type": "Feature", "geometry": {"type":"Polygon","coordinates":[[[106.8816306,-6.2576602],[106.8820245,-6.2576692],[106.8821782,-6.2574322],[106.8821875,-6.2571667],[106.8818109,-6.2571199],[106.8817444,-6.2571091],[106.8817115,-6.2571066],[106.8816485,-6.257115],[106.8816306,-6.2576602]]]}, "properties": {"osm_id": 155956725, "osm_type": "ways_poly", "capacity": null, "name": "SD Negeri Kebon Pala 11 Pagi", "amenity": "school", "isced_level": null}},{"type": "Feature", "geometry": {"type":"Polygon","coordinates":[[[107.009184,-6.1890228],[107.0093635,-6.1890301],[107.0093783,-6.1886693],[107.0091988,-6.188662],[107.009184,-6.1890228]]]}, "properties": {"osm_id": 518507097, "osm_type": "ways_poly", "capacity": null, "name": "MI ATTAQWA 15", "amenity": "school", "isced_level": null}},{"type": "Feature", "geometry": {"type":"Polygon","coordinates":[[[106.9522606,-6.1609019],[106.9524588,-6.160957],[106.9525402,-6.1606678],[106.9523369,-6.1606112],[106.9523109,-6.1607036],[106.9524219,-6.1607344],[106.9523937,-6.1608345],[106.9522879,-6.1608051],[106.9522606,-6.1609019]]]}, "properties": {"osm_id": 491274404, "osm_type": "ways_poly", "capacity": null, "name": "TK, SD, SMP, SMA Al Wathoniyah 14 Jakarta", "amenity": "school", "isced_level": null}},{"type": "Feature", "geometry": {"type":"Polygon","coordinates":[[[106.9491887,-6.1694702],[106.9493245,-6.1694822],[106.9495196,-6.1694843],[106.9496993,-6.1694855],[106.9496992,-6.1693348],[106.9495944,-6.1693395],[106.949587,-6.169184],[106.9496804,-6.1691782],[106.9496722,-6.1691025],[106.9496511,-6.1689653],[106.949475,-6.1689611],[106.9492025,-6.1689545],[106.9491998,-6.1692558],[106.9491887,-6.1694702]]]}, "properties": {"osm_id": 492520132, "osm_type": "ways_poly", "capacity": null, "name": "SD, MTs, SMK Al Qudwah Al Muqoddasah", "amenity": "school", "isced_level": null}},{"type": "Feature", "geometry": {"type":"Polygon","coordinates":[[[106.9395634,-6.1355646],[106.9395695,-6.1356253],[106.9397609,-6.1355961],[106.9397539,-6.1355274],[106.9395634,-6.1355646]]]}, "properties": {"osm_id": 315566063, "osm_type": "ways_poly", "capacity": null, "name": "SD Kampung Sawah", "amenity": "school", "isced_level": null}},{"type": "Feature", "geometry": {"type":"Polygon","coordinates":[[[106.9176173,-6.2508482],[106.917631,-6.2511282],[106.9181594,-6.2511149],[106.9181702,-6.2514493],[106.9181736,-6.2514906],[106.9182517,-6.2514836],[106.9183097,-6.2514713],[106.9184126,-6.251418],[106.9185216,-6.2513952],[106.9189068,-6.2512844],[106.9189411,-6.2512627],[106.9189111,-6.2510645],[106.9188813,-6.2510309],[106.9188746,-6.2509709],[106.918588,-6.2507702],[106.9176173,-6.2508482]]]}, "properties": {"osm_id": 120171563, "osm_type": "ways_poly", "capacity": null, "name": "SMA Negeri 81 Jakarta", "amenity": "school", "isced_level": null}},{"type": "Feature", "geometry": {"type":"Polygon","coordinates":[[[106.9142123,-6.2517492],[106.9142293,-6.2520282],[106.9149244,-6.2519864],[106.9149074,-6.2517074],[106.9142123,-6.2517492]]]}, "properties": {"osm_id": 334989587, "osm_type": "ways_poly", "capacity": null, "name": "SD Kartika X - 7", "amenity": "school", "isced_level": null}},{"type": "Feature", "geometry": {"type":"Polygon","coordinates":[[[106.8917726,-6.3342006],[106.891875,-6.3342047],[106.8918851,-6.3339522],[106.8919958,-6.3339566],[106.8919995,-6.3338652],[106.891884,-6.3338606],[106.8918868,-6.3337921],[106.8917892,-6.3337882],[106.8917726,-6.3342006]]]}, "properties": {"osm_id": 155941062, "osm_type": "ways_poly", "capacity": null, "name": "SD Negeri Cipayung 03 Pagi", "amenity": "school", "isced_level": null}},{"type": "Feature", "geometry": {"type":"Polygon","coordinates":[[[106.8981126,-6.3368255],[106.8982226,-6.3369168],[106.8982199,-6.3369441],[106.8983097,-6.3369928],[106.8985002,-6.3366802],[106.8985149,-6.3366909],[106.8985987,-6.3365429],[106.8984995,-6.3364849],[106.8984492,-6.3365836],[106.8984244,-6.3365696],[106.8983862,-6.3366342],[106.8982776,-6.3365709],[106.8981126,-6.3368255]]]}, "properties": {"osm_id": 511592164, "osm_type": "ways_poly", "capacity": null, "name": "Madrasah Ibtidaiyah Qurani Islamic Centre", "amenity": "school", "isced_level": null}},{"type": "Feature", "geometry": {"type":"Polygon","coordinates":[[[106.9025483,-6.3324315],[106.9026127,-6.3324335],[106.9026033,-6.3325928],[106.9032289,-6.3326288],[106.9032396,-6.3324255],[106.9032014,-6.3324229],[106.9032063,-6.3323367],[106.9032297,-6.3323377],[106.9032349,-6.3322378],[106.9031137,-6.3322313],[106.9031142,-6.3322259],[106.902616,-6.3322009],[106.9026107,-6.3322686],[106.902561,-6.3322674],[106.9025483,-6.3324315]]]}, "properties": {"osm_id": 511592167, "osm_type": "ways_poly", "capacity": null, "name": "Yayasan Perguruan Islam As-Syafi'iyah", "amenity": "school", "isced_level": null}},{"type": "Feature", "geometry": {"type":"Polygon","coordinates":[[[106.8748419,-6.2689789],[106.874918,-6.2689801],[106.8749196,-6.2688771],[106.8748435,-6.268876],[106.8748419,-6.2689789]]]}, "properties": {"osm_id": 155936450, "osm_type": "ways_poly", "capacity": null, "name": "Ibtidaiyah Al Munir", "amenity": "school", "isced_level": null}},{"type": "Feature", "geometry": {"type":"Polygon","coordinates":[[[106.8899883,-6.2521819],[106.8902815,-6.2527574],[106.8910339,-6.2523615],[106.8908046,-6.2518402],[106.8905606,-6.2519566],[106.8905494,-6.2519296],[106.8904032,-6.2519946],[106.890373,-6.2519863],[106.8899883,-6.2521819]]]}, "properties": {"osm_id": 517048477, "osm_type": "ways_poly", "capacity": null, "name": "SD Angkasa I", "amenity": "school", "isced_level": null}},{"type": "Feature", "geometry": {"type":"Polygon","coordinates":[[[106.8835532,-6.2490322],[106.8835727,-6.2497541],[106.8845208,-6.2497008],[106.8845054,-6.2490095],[106.8842949,-6.2490135],[106.8835532,-6.2490322]]]}, "properties": {"osm_id": 502507940, "osm_type": "ways_poly", "capacity": null, "name": "SMP Negeri 80 Jakarta", "amenity": "school", "isced_level": null}},{"type": "Feature", "geometry": {"type":"Polygon","coordinates":[[[106.8987496,-6.2960961],[106.8989018,-6.2961308],[106.8989987,-6.2957189],[106.8988361,-6.2956795],[106.8987496,-6.2960961]]]}, "properties": {"osm_id": 515411861, "osm_type": "ways_poly", "capacity": null, "name": "MI Al Baidho", "amenity": "school", "isced_level": null}},{"type": "Feature", "geometry": {"type":"Polygon","coordinates":[[[106.9009229,-6.2939874],[106.9018014,-6.294129],[106.9017887,-6.2942072],[106.9017563,-6.2944054],[106.9018693,-6.2944236],[106.901931,-6.2940456],[106.9018636,-6.2940347],[106.9018692,-6.2940007],[106.900945,-6.2938517],[106.9009229,-6.2939874]]]}, "properties": {"osm_id": 155945941, "osm_type": "ways_poly", "capacity": null, "name": "SMP Negeri 157 Jakarta", "amenity": "school", "isced_level": null}},{"type": "Feature", "geometry": {"type":"Polygon","coordinates":[[[106.8996576,-6.2886005],[106.8996721,-6.2887042],[106.9001337,-6.2886405],[106.9001192,-6.2885368],[106.8996576,-6.2886005]]]}, "properties": {"osm_id": 498430406, "osm_type": "ways_poly", "capacity": null, "name": "SD Negeri Lubang Buaya 01 Pagi", "amenity": "school", "isced_level": null}},{"type": "Feature", "geometry": {"type":"Polygon","coordinates":[[[106.9002762,-6.2886057],[106.900285,-6.2886783],[106.9004852,-6.2886541],[106.9004496,-6.2884275],[106.9003637,-6.2884408],[106.9003874,-6.2885923],[106.9002762,-6.2886057]]]}, "properties": {"osm_id": 504507374, "osm_type": "ways_poly", "capacity": null, "name": "SMK Jakarta Raya 2", "amenity": "school", "isced_level": null}},{"type": "Feature", "geometry": {"type":"Polygon","coordinates":[[[106.968652,-6.2145139],[106.9688129,-6.2145139],[106.9688129,-6.2144285],[106.968652,-6.2144285],[106.968652,-6.2145139]]]}, "properties": {"osm_id": 499264640, "osm_type": "ways_poly", "capacity": null, "name": "SDIT - SMPIT Al Husnayain", "amenity": "school", "isced_level": null}},{"type": "Feature", "geometry": {"type":"Polygon","coordinates":[[[107.0105266,-6.2061881],[107.0111771,-6.2063793],[107.0113035,-6.2059342],[107.0105635,-6.2058583],[107.0105266,-6.2061881]]]}, "properties": {"osm_id": 767429763, "osm_type": "ways_poly", "capacity": null, "name": "SMPN 38 Bekasi", "amenity": "school", "isced_level": null}},{"type": "Feature", "geometry": {"type":"Polygon","coordinates":[[[106.9536477,-6.1294288],[106.9546294,-6.1295314],[106.9556089,-6.1296272],[106.9558847,-6.129218],[106.9536987,-6.129014],[106.9536477,-6.1294288]]]}, "properties": {"osm_id": 527755368, "osm_type": "ways_poly", "capacity": null, "name": "SMK Negeri 49 Jakarta", "amenity": "school", "isced_level": null}},{"type": "Feature", "geometry": {"type":"Polygon","coordinates":[[[106.9841308,-6.2476226],[106.9844339,-6.2476439],[106.9844414,-6.2473477],[106.9841464,-6.247329],[106.9841308,-6.2476226]]]}, "properties": {"osm_id": 1355325754, "osm_type": "ways_poly", "capacity": null, "name": "SMP PGRI", "amenity": "school", "isced_level": null}},{"type": "Feature", "geometry": {"type":"Polygon","coordinates":[[[107.0078938,-6.2460169],[107.0081817,-6.2461337],[107.0082846,-6.2459038],[107.0080668,-6.2457149],[107.0078938,-6.2460169]]]}, "properties": {"osm_id": 1276693848, "osm_type": "ways_poly", "capacity": null, "name": "MTs Annida Islamy Bekasi", "amenity": "school", "isced_level": null}},{"type": "Feature", "geometry": {"type":"Polygon","coordinates":[[[107.0039518,-6.2659253],[107.0041141,-6.2661346],[107.004322,-6.2662293],[107.0043287,-6.2661813],[107.0043944,-6.2660373],[107.0044494,-6.2659347],[107.0044963,-6.2658693],[107.004389,-6.265828],[107.0042858,-6.2657],[107.0039518,-6.2659253]]]}, "properties": {"osm_id": 930614711, "osm_type": "ways_poly", "capacity": null, "name": "SDN Pengasinan VII", "amenity": "school", "isced_level": null}},{"type": "Feature", "geometry": {"type":"Polygon","coordinates":[[[107.004608,-6.2684941],[107.0049993,-6.2686649],[107.0053933,-6.2677307],[107.0052538,-6.2676801],[107.0053236,-6.2675334],[107.0050312,-6.2674375],[107.004608,-6.2684941]]]}, "properties": {"osm_id": 929532806, "osm_type": "ways_poly", "capacity": null, "name": "SMAN 13 Bekasi", "amenity": "school", "isced_level": null}},{"type": "Feature", "geometry": {"type":"Polygon","coordinates":[[[106.9752881,-6.24703],[106.9754366,-6.2473533],[106.9756528,-6.2473204],[106.9757143,-6.2472819],[106.9758955,-6.2470252],[106.9757281,-6.2468526],[106.9756161,-6.2469161],[106.9755875,-6.2469976],[106.9753813,-6.2468886],[106.9752881,-6.24703]]]}, "properties": {"osm_id": 1328292310, "osm_type": "ways_poly", "capacity": null, "name": "Universitas Gunadarma Kampus J2", "amenity": "university", "isced_level": null}},{"type": "Feature", "geometry": {"type":"Polygon","coordinates":[[[106.9731443,-6.2697349],[106.973546,-6.2697628],[106.9736129,-6.2690513],[106.9732111,-6.2690245],[106.9731443,-6.2697349]]]}, "properties": {"osm_id": 217614354, "osm_type": "ways_poly", "capacity": null, "name": "SMA Pax Patriae & SMP Pax Ecclesia", "amenity": "school", "isced_level": null}},{"type": "Feature", "geometry": {"type":"Polygon","coordinates":[[[106.9774799,-6.2577321],[106.9778116,-6.2577776],[106.977874,-6.2575036],[106.9775336,-6.2574424],[106.9774799,-6.2577321]]]}, "properties": {"osm_id": 1226870040, "osm_type": "ways_poly", "capacity": null, "name": "SDN Pekayon Jaya II", "amenity": "school", "isced_level": null}},{"type": "Feature", "geometry": {"type":"Polygon","coordinates":[[[106.9843104,-6.2669963],[106.9846499,-6.2671234],[106.9848456,-6.2668062],[106.9844787,-6.2664455],[106.984384,-6.2665377],[106.984467,-6.2666172],[106.9843104,-6.2669963]]]}, "properties": {"osm_id": 1207312414, "osm_type": "ways_poly", "capacity": null, "name": "SDN Pekayon Jaya IV", "amenity": "school", "isced_level": null}},{"type": "Feature", "geometry": {"type":"Polygon","coordinates":[[[106.9821249,-6.2656398],[106.9822249,-6.2663548],[106.9822557,-6.2664797],[106.9823473,-6.2666303],[106.982445,-6.2667292],[106.9824495,-6.2664662],[106.9827451,-6.2664393],[106.9827577,-6.2662975],[106.9827287,-6.2659298],[106.982615,-6.2659386],[106.9826125,-6.2654431],[106.9821249,-6.2656398]]]}, "properties": {"osm_id": 359444589, "osm_type": "ways_poly", "capacity": null, "name": "SMA Negeri 8 Bekasi", "amenity": "school", "isced_level": null}},{"type": "Feature", "geometry": {"type":"Polygon","coordinates":[[[107.0300673,-6.2958432],[107.0305649,-6.2959285],[107.0306125,-6.2957119],[107.030461,-6.2956766],[107.0305736,-6.2952624],[107.0305797,-6.2952573],[107.0306074,-6.2951472],[107.0305949,-6.2951401],[107.0301952,-6.2950805],[107.0300673,-6.2958432]]]}, "properties": {"osm_id": 1071826308, "osm_type": "ways_poly", "capacity": null, "name": "MTsN 3 Kota Bekasi", "amenity": "school", "isced_level": null}},{"type": "Feature", "geometry": {"type":"Polygon","coordinates":[[[106.9813201,-6.2744348],[106.9815916,-6.2745117],[106.9817311,-6.2740331],[106.9817232,-6.2740009],[106.9816246,-6.2739946],[106.9816449,-6.2738988],[106.9814787,-6.2738483],[106.9813201,-6.2744348]]]}, "properties": {"osm_id": 1236333133, "osm_type": "ways_poly", "capacity": null, "name": "SDN Jakasetia II", "amenity": "school", "isced_level": null}},{"type": "Feature", "geometry": {"type":"Polygon","coordinates":[[[106.9613519,-6.2806787],[106.9613719,-6.2810534],[106.9616749,-6.2811039],[106.9616807,-6.2809223],[106.9620756,-6.2809127],[106.9620814,-6.2806685],[106.9621509,-6.2806679],[106.9621528,-6.2805771],[106.9619264,-6.2805796],[106.9619251,-6.2806749],[106.9613519,-6.2806787]]]}, "properties": {"osm_id": 1217765479, "osm_type": "ways_poly", "capacity": null, "name": "SMPIT AL IKHLAS", "amenity": "school", "isced_level": null}},{"type": "Feature", "geometry": {"type":"Polygon","coordinates":[[[106.987367,-6.2109897],[106.9878385,-6.2111088],[106.9880673,-6.2103409],[106.9875805,-6.2102417],[106.987496,-6.2102921],[106.9873747,-6.2106065],[106.987367,-6.2109897]]]}, "properties": {"osm_id": 768006753, "osm_type": "ways_poly", "capacity": null, "name": "SMKN 11 Bekasi", "amenity": "school", "isced_level": null}},{"type": "Feature", "geometry": {"type":"Polygon","coordinates":[[[106.961098,-6.2525799],[106.9615821,-6.2528681],[106.9618582,-6.2523965],[106.9613917,-6.252116],[106.961098,-6.2525799]]]}, "properties": {"osm_id": 1219667950, "osm_type": "ways_poly", "capacity": null, "name": "Royal Wells School", "amenity": "school", "isced_level": null}},{"type": "Feature", "geometry": {"type":"Polygon","coordinates":[[[106.9779534,-6.2374324],[106.9782398,-6.2374753],[106.9783277,-6.236922],[106.9780203,-6.2368611],[106.9779534,-6.2374324]]]}, "properties": {"osm_id": 1229594610, "osm_type": "ways_poly", "capacity": null, "name": "SMPN 54 Kota Bekasi", "amenity": "school", "isced_level": null}},{"type": "Feature", "geometry": {"type":"Polygon","coordinates":[[[106.9781334,-6.2364711],[106.9782809,-6.236526],[106.9782745,-6.2365507],[106.9783726,-6.2365871],[106.9784276,-6.2363095],[106.9784123,-6.2362489],[106.9783266,-6.2361282],[106.9782672,-6.2361265],[106.9782404,-6.2362017],[106.9782282,-6.2362024],[106.9781334,-6.2364711]]]}, "properties": {"osm_id": 1229594616, "osm_type": "ways_poly", "capacity": null, "name": "SDN Jakasampurna IV", "amenity": "school", "isced_level": null}},{"type": "Feature", "geometry": {"type":"Polygon","coordinates":[[[106.972182,-6.2231042],[106.9726185,-6.2232533],[106.9728875,-6.2225476],[106.9729933,-6.2223065],[106.9725347,-6.2221706],[106.972451,-6.2225563],[106.9722658,-6.2225958],[106.972182,-6.2231042]]]}, "properties": {"osm_id": 767736268, "osm_type": "ways_poly", "capacity": null, "name": "SMAN 12 Bekasi", "amenity": "school", "isced_level": null}},{"type": "Feature", "geometry": {"type":"Polygon","coordinates":[[[107.0093722,-6.2716913],[107.0095358,-6.2716886],[107.009509,-6.2718113],[107.009635,-6.2718273],[107.0097289,-6.271726],[107.0098308,-6.2712514],[107.009509,-6.2712007],[107.0094929,-6.2711821],[107.0093722,-6.2716913]]]}, "properties": {"osm_id": 938015792, "osm_type": "ways_poly", "capacity": null, "name": "SMK Mandalahayu III", "amenity": "school", "isced_level": null}},{"type": "Feature", "geometry": {"type":"Polygon","coordinates":[[[107.0010964,-6.2879219],[107.0014371,-6.2880738],[107.001539,-6.2878366],[107.0012037,-6.2877033],[107.0010964,-6.2879219]]]}, "properties": {"osm_id": 926420693, "osm_type": "ways_poly", "capacity": null, "name": "Al Hilal", "amenity": "school", "isced_level": null}},{"type": "Feature", "geometry": {"type":"Polygon","coordinates":[[[106.9944589,-6.2797438],[106.9946761,-6.2797051],[106.9948612,-6.2796711],[106.9949035,-6.2796658],[106.9953105,-6.2796745],[106.9953138,-6.2794705],[106.9949303,-6.2794492],[106.994542,-6.2794258],[106.9944991,-6.2795738],[106.9944589,-6.2797438]]]}, "properties": {"osm_id": 387754879, "osm_type": "ways_poly", "capacity": null, "name": "SDN Bojong Rawalumbu V", "amenity": "school", "isced_level": null}},{"type": "Feature", "geometry": {"type":"Polygon","coordinates":[[[107.0013656,-6.2920438],[107.0019045,-6.2923045],[107.00222,-6.2919362],[107.0021147,-6.2918943],[107.001636,-6.291595],[107.0014838,-6.2918347],[107.0013656,-6.2920438]]]}, "properties": {"osm_id": 768394531, "osm_type": "ways_poly", "capacity": null, "name": "MAN 2 Bekasi", "amenity": "school", "isced_level": null}},{"type": "Feature", "geometry": {"type":"Polygon","coordinates":[[[107.0183569,-6.2730055],[107.0186171,-6.2731041],[107.0186036,-6.2731761],[107.0187699,-6.2732267],[107.0188531,-6.2730135],[107.0191401,-6.2730828],[107.0193413,-6.2731388],[107.0195397,-6.2723896],[107.0186761,-6.2721363],[107.0185849,-6.2722909],[107.0183569,-6.2730055]]]}, "properties": {"osm_id": 931915371, "osm_type": "ways_poly", "capacity": null, "name": "SMA Yadika 8", "amenity": "school", "isced_level": null}},{"type": "Feature", "geometry": {"type":"Polygon","coordinates":[[[106.9942738,-6.2598992],[106.9948882,-6.2600767],[106.9948691,-6.2598003],[106.9944079,-6.2596032],[106.9942738,-6.2598992]]]}, "properties": {"osm_id": 488166536, "osm_type": "ways_poly", "capacity": null, "name": "Bina Insani Campus", "amenity": "university", "isced_level": null}},{"type": "Feature", "geometry": {"type":"Polygon","coordinates":[[[106.9671527,-6.229717],[106.9674177,-6.2298187],[106.967547,-6.2294985],[106.967269,-6.2294096],[106.9671527,-6.229717]]]}, "properties": {"osm_id": 1050450731, "osm_type": "ways_poly", "capacity": null, "name": "SMP Islam Nurul I'tishom", "amenity": "school", "isced_level": null}},{"type": "Feature", "geometry": {"type":"Polygon","coordinates":[[[106.959661,-6.235964],[106.9596889,-6.2361144],[106.9598442,-6.2361659],[106.9598561,-6.2361223],[106.9599158,-6.2359957],[106.9603418,-6.2360946],[106.9604294,-6.2360194],[106.9604573,-6.2357463],[106.9604135,-6.2357107],[106.9599238,-6.235588],[106.9597606,-6.2355445],[106.9597606,-6.235679],[106.9597566,-6.2357345],[106.959669,-6.2358374],[106.959661,-6.235964]]]}, "properties": {"osm_id": 307280578, "osm_type": "ways_poly", "capacity": null, "name": "SMPN 22 Bekasi", "amenity": "school", "isced_level": null}},{"type": "Feature", "geometry": {"type":"Polygon","coordinates":[[[106.8982199,-6.3230168],[106.8983686,-6.3230967],[106.8983554,-6.323121],[106.898483,-6.3231896],[106.8985853,-6.3230017],[106.8984932,-6.3229522],[106.898454,-6.3230242],[106.8983756,-6.322982],[106.8985265,-6.3227047],[106.8984936,-6.322687],[106.8985135,-6.3226504],[106.8985435,-6.3226666],[106.8985662,-6.3226248],[106.8985371,-6.3226091],[106.8985564,-6.3225736],[106.8984325,-6.322507],[106.8984066,-6.3225545],[106.8984312,-6.3225677],[106.8983929,-6.3226381],[106.8984347,-6.3226605],[106.8982957,-6.3229158],[106.8982796,-6.3229072],[106.8982199,-6.3230168]]]}, "properties": {"osm_id": 159938698, "osm_type": "ways_poly", "capacity": null, "name": "SMP Negeri 283 Jakarta", "amenity": "school", "isced_level": null}},{"type": "Feature", "geometry": {"type":"Polygon","coordinates":[[[106.8975046,-6.3500669],[106.8975741,-6.3500776],[106.8975909,-6.3499691],[106.8975215,-6.3499584],[106.8975046,-6.3500669]]]}, "properties": {"osm_id": 507154003, "osm_type": "ways_poly", "capacity": null, "name": "SLB BC Abdi Pratama", "amenity": "school", "isced_level": null}},{"type": "Feature", "geometry": {"type":"Polygon","coordinates":[[[106.8965992,-6.3519738],[106.8965998,-6.351988],[106.8966082,-6.3519956],[106.8967425,-6.3520629],[106.8967519,-6.3520494],[106.8968035,-6.3520738],[106.8968211,-6.3520266],[106.8968526,-6.3519675],[106.8968835,-6.3518958],[106.897088,-6.3520291],[106.8971343,-6.3519818],[106.8969492,-6.3518545],[106.8969837,-6.3517755],[106.8970089,-6.3517132],[106.8970169,-6.3517089],[106.8970793,-6.35154],[106.8969432,-6.3514866],[106.8969901,-6.3513434],[106.8967701,-6.3512734],[106.8967339,-6.3513927],[106.8968312,-6.3514293],[106.8967608,-6.3516059],[106.8966313,-6.3518865],[106.8966344,-6.3518972],[106.8965992,-6.3519738]]]}, "properties": {"osm_id": 507481681, "osm_type": "ways_poly", "capacity": null, "name": "YDI Cahaya Ilmu SMP Ibnu Hajar", "amenity": "school", "isced_level": null}},{"type": "Feature", "geometry": {"type":"Polygon","coordinates":[[[106.9038754,-6.364881],[106.9040511,-6.3649864],[106.9041508,-6.3648223],[106.9039751,-6.3647169],[106.9038754,-6.364881]]]}, "properties": {"osm_id": 155946504, "osm_type": "ways_poly", "capacity": null, "name": "SD N 04 Pagi & 05 Petang", "amenity": "school", "isced_level": null}},{"type": "Feature", "geometry": {"type":"Polygon","coordinates":[[[106.8883234,-6.3219869],[106.8884561,-6.3220235],[106.888473,-6.3219628],[106.8884128,-6.3219462],[106.8884513,-6.3218081],[106.8883788,-6.3217881],[106.8883234,-6.3219869]]]}, "properties": {"osm_id": 508555858, "osm_type": "ways_poly", "capacity": null, "name": "SMK Mahadhika 4 Jakarta", "amenity": "school", "isced_level": null}},{"type": "Feature", "geometry": {"type":"Polygon","coordinates":[[[106.897357,-6.2919853],[106.8975225,-6.2921883],[106.8975423,-6.2924846],[106.8977222,-6.2924846],[106.8980089,-6.2924063],[106.8983182,-6.2923337],[106.8983702,-6.2924638],[106.8982282,-6.2927864],[106.8982451,-6.2930714],[106.8983238,-6.2931496],[106.89847,-6.2930434],[106.8986443,-6.2930602],[106.8988129,-6.2930211],[106.8989029,-6.2928367],[106.8990997,-6.2926578],[106.8993021,-6.292764],[106.8995045,-6.2926466],[106.8995776,-6.2923952],[106.8994652,-6.2922275],[106.8992065,-6.2921884],[106.8991334,-6.2920263],[106.8989141,-6.292071],[106.8988467,-6.2916239],[106.8992065,-6.2914842],[106.899532,-6.2913849],[106.8997105,-6.2912731],[106.9000181,-6.2911025],[106.9003716,-6.2910415],[106.9006833,-6.2909311],[106.9010464,-6.2907935],[106.9011659,-6.290719],[106.9011407,-6.2906627],[106.9014893,-6.290495],[106.9017591,-6.2903274],[106.901731,-6.2902324],[106.9019953,-6.2900535],[106.9020346,-6.2900926],[106.902282,-6.2899138],[106.902372,-6.2897517],[106.9025126,-6.2895058],[106.9026587,-6.2892767],[106.9027881,-6.2890811],[106.9029862,-6.2890229],[106.9032014,-6.2890683],[106.9034065,-6.2890699],[106.903525,-6.2890873],[106.9039013,-6.2890755],[106.9041206,-6.2889581],[106.9043567,-6.2887569],[106.9045704,-6.2885055],[106.9042427,-6.2883671],[106.9040925,-6.2882078],[106.9041431,-6.288036],[106.9041094,-6.2878013],[106.9042144,-6.2873678],[106.9043014,-6.2873444],[106.9043389,-6.2871618],[106.9044242,-6.2865159],[106.904069,-6.2861337],[106.9036933,-6.2865326],[106.9035752,-6.2865271],[106.9035302,-6.2868736],[106.9036596,-6.2869574],[106.9035808,-6.2872424],[106.9034884,-6.2876509],[106.9034561,-6.2878257],[106.9034075,-6.2878821],[106.9030242,-6.2880472],[106.9026981,-6.2881925],[106.9026812,-6.2886228],[106.9026218,-6.288777],[106.9020909,-6.2888687],[106.9017591,-6.2893661],[106.9012812,-6.2895841],[106.9006852,-6.2898803],[106.9003648,-6.29002],[106.9001455,-6.290115],[106.8999374,-6.2904168],[106.8994595,-6.2906515],[106.8992009,-6.2907465],[106.8989366,-6.29078],[106.8988298,-6.2909421],[106.898848,-6.2912078],[106.89838,-6.2913613],[106.8981214,-6.2915625],[106.8978909,-6.2917078],[106.8976491,-6.2917413],[106.897357,-6.2919853]]]}, "properties": {"osm_id": 155945944, "osm_type": "ways_poly", "capacity": null, "name": "Yayasan Minhaju Rosyidin", "amenity": "school", "isced_level": null}},{"type": "Feature", "geometry": {"type":"Polygon","coordinates":[[[106.9005681,-6.2928026],[106.9006146,-6.2928034],[106.9006154,-6.2927509],[106.9006785,-6.2927519],[106.9006806,-6.2926217],[106.9005711,-6.2926199],[106.9005681,-6.2928026]]]}, "properties": {"osm_id": 155953728, "osm_type": "ways_poly", "capacity": null, "name": "Yayasan Trisastra", "amenity": "school", "isced_level": null}},{"type": "Feature", "geometry": {"type":"Polygon","coordinates":[[[106.9001234,-6.3507064],[106.9001523,-6.3507362],[106.9001329,-6.3507547],[106.9002354,-6.3508606],[106.9002217,-6.3508738],[106.900253,-6.3509062],[106.9002668,-6.350893],[106.9003724,-6.3510021],[106.9003917,-6.3509836],[106.9004252,-6.3510182],[106.9004684,-6.350977],[106.9004837,-6.3509928],[106.9006212,-6.3508614],[106.9006059,-6.3508456],[106.9006526,-6.3508009],[106.9006156,-6.3507626],[106.9006334,-6.3507456],[106.9004032,-6.3505076],[106.9003854,-6.3505246],[106.9003509,-6.350489],[106.9003054,-6.3505325],[106.9002865,-6.350513],[106.9001427,-6.3506504],[106.9001616,-6.3506699],[106.9001234,-6.3507064]]]}, "properties": {"osm_id": 507689645, "osm_type": "ways_poly", "capacity": null, "name": "MA Al-Hamid", "amenity": "school", "isced_level": null}},{"type": "Feature", "geometry": {"type":"Polygon","coordinates":[[[107.0098039,-6.2669159],[107.0101164,-6.2669853],[107.0102049,-6.2665813],[107.0099058,-6.2665333],[107.0098039,-6.2669159]]]}, "properties": {"osm_id": 927214033, "osm_type": "ways_poly", "capacity": null, "name": "SDN Pengasinan VI", "amenity": "school", "isced_level": null}},{"type": "Feature", "geometry": {"type":"Polygon","coordinates":[[[107.0101164,-6.2669853],[107.0104369,-6.2670439],[107.0104396,-6.2669213],[107.0104449,-6.2667426],[107.0103591,-6.26654],[107.0102196,-6.2665227],[107.0102049,-6.2665813],[107.0101164,-6.2669853]]]}, "properties": {"osm_id": 927214034, "osm_type": "ways_poly", "capacity": null, "name": "SDN Pengasinan IX", "amenity": "school", "isced_level": null}},{"type": "Feature", "geometry": {"type":"Polygon","coordinates":[[[107.0098453,-6.2660814],[107.0099781,-6.2661228],[107.0100091,-6.2661174],[107.0101526,-6.2659868],[107.0100117,-6.2659401],[107.0099487,-6.2657908],[107.0099045,-6.2658108],[107.0098453,-6.2660814]]]}, "properties": {"osm_id": 927214036, "osm_type": "ways_poly", "capacity": null, "name": "Al Fatah", "amenity": "school", "isced_level": null}},{"type": "Feature", "geometry": {"type":"Polygon","coordinates":[[[107.0218815,-6.2684078],[107.0220483,-6.2684969],[107.0223496,-6.2686527],[107.0226114,-6.2688221],[107.0228486,-6.268444],[107.0229248,-6.2685002],[107.0230442,-6.2685774],[107.0230886,-6.2684223],[107.0230136,-6.2683911],[107.0230222,-6.2683406],[107.0230142,-6.2683318],[107.0229124,-6.2682738],[107.0227718,-6.2681856],[107.0227341,-6.2681675],[107.0226096,-6.2681433],[107.0227274,-6.2678001],[107.022411,-6.2677216],[107.0223128,-6.2680889],[107.0222501,-6.2680835],[107.0221459,-6.2682807],[107.0219951,-6.2681824],[107.0219569,-6.2681662],[107.0218815,-6.2684078]]]}, "properties": {"osm_id": 730263533, "osm_type": "ways_poly", "capacity": null, "name": "Sekolah Menengah Pertama Negeri 4 Tambun Selatan", "amenity": "school", "isced_level": null}},{"type": "Feature", "geometry": {"type":"Polygon","coordinates":[[[106.929135,-6.2503844],[106.9291548,-6.2505523],[106.9291622,-6.250684],[106.9293214,-6.2507123],[106.9294703,-6.2507536],[106.9295749,-6.250407],[106.929414,-6.2503697],[106.929135,-6.2503844]]]}, "properties": {"osm_id": 512724742, "osm_type": "ways_poly", "capacity": null, "name": "SMP-SMA-SMKT-SMK Kapin", "amenity": "school", "isced_level": null}},{"type": "Feature", "geometry": {"type":"Polygon","coordinates":[[[106.903089,-6.2917082],[106.9036547,-6.2921974],[106.9037246,-6.2921176],[106.9037087,-6.2921038],[106.9037622,-6.2920426],[106.9036873,-6.2919779],[106.9036338,-6.2920391],[106.9031588,-6.2916284],[106.903089,-6.2917082]]]}, "properties": {"osm_id": 155945942, "osm_type": "ways_poly", "capacity": null, "name": "SMP Negeri 272 Jakarta", "amenity": "school", "isced_level": null}},{"type": "Feature", "geometry": {"type":"Polygon","coordinates":[[[107.0490567,-6.187806],[107.0492269,-6.1878286],[107.0492993,-6.18729],[107.0491291,-6.1872674],[107.0490567,-6.187806]]]}, "properties": {"osm_id": 517884388, "osm_type": "ways_poly", "capacity": null, "name": "SDN Sriamur 05", "amenity": "school", "isced_level": null}},{"type": "Feature", "geometry": {"type":"Polygon","coordinates":[[[107.0446604,-6.1772783],[107.0447104,-6.177304],[107.0447507,-6.1772267],[107.0447007,-6.177201],[107.0446604,-6.1772783]]]}, "properties": {"osm_id": 499435592, "osm_type": "ways_poly", "capacity": null, "name": "MTs At-Taqwa", "amenity": "school", "isced_level": null}},{"type": "Feature", "geometry": {"type":"Polygon","coordinates":[[[106.9061683,-6.323433],[106.9062633,-6.3234759],[106.9062358,-6.3235361],[106.906308,-6.3235687],[106.9063757,-6.3234209],[106.9062085,-6.3233453],[106.9061683,-6.323433]]]}, "properties": {"osm_id": 155941059, "osm_type": "ways_poly", "capacity": null, "name": "TK,SD,SMP,SMA Katholik Nusa Melati", "amenity": "school", "isced_level": null}},{"type": "Feature", "geometry": {"type":"Polygon","coordinates":[[[106.9527201,-6.2051328],[106.9527979,-6.2051588],[106.9529188,-6.2048013],[106.9528411,-6.2047753],[106.9527201,-6.2051328]]]}, "properties": {"osm_id": 497796881, "osm_type": "ways_poly", "capacity": null, "name": "MI Al Wathoniyah 51", "amenity": "school", "isced_level": null}},{"type": "Feature", "geometry": {"type":"Polygon","coordinates":[[[106.8782886,-6.2594133],[106.8783418,-6.2594245],[106.8783887,-6.259204],[106.8785153,-6.2592306],[106.8785345,-6.2591401],[106.8783514,-6.2591017],[106.8783266,-6.2592183],[106.8783549,-6.2592242],[106.8783478,-6.2592577],[106.8783228,-6.2592525],[106.8782886,-6.2594133]]]}, "properties": {"osm_id": 496002844, "osm_type": "ways_poly", "capacity": null, "name": "MI An Nasyatul Ilmiyah", "amenity": "school", "isced_level": null}},{"type": "Feature", "geometry": {"type":"Polygon","coordinates":[[[106.8880041,-6.2579123],[106.8880805,-6.2579771],[106.8882548,-6.2577742],[106.8883821,-6.2578822],[106.888229,-6.2580605],[106.8883071,-6.2581267],[106.8885335,-6.2578631],[106.8882518,-6.257624],[106.8880041,-6.2579123]]]}, "properties": {"osm_id": 155962953, "osm_type": "ways_poly", "capacity": null, "name": "SD Angkasa X", "amenity": "school", "isced_level": null}},{"type": "Feature", "geometry": {"type":"Polygon","coordinates":[[[106.881332,-6.2574226],[106.881493,-6.2574286],[106.8814876,-6.2576599],[106.8816306,-6.2576602],[106.8816485,-6.257115],[106.8813757,-6.257108],[106.8813512,-6.257108],[106.881332,-6.2574226]]]}, "properties": {"osm_id": 155956727, "osm_type": "ways_poly", "capacity": null, "name": "SD Negeri Kebon Pala 12 Pagi", "amenity": "school", "isced_level": null}},{"type": "Feature", "geometry": {"type":"Polygon","coordinates":[[[106.8798219,-6.254473],[106.8798256,-6.2546528],[106.879955,-6.2546502],[106.879954,-6.254599],[106.8798789,-6.2546006],[106.8798762,-6.2544719],[106.8798219,-6.254473]]]}, "properties": {"osm_id": 155956716, "osm_type": "ways_poly", "capacity": null, "name": "SD Pelita", "amenity": "school", "isced_level": null}},{"type": "Feature", "geometry": {"type":"Polygon","coordinates":[[[106.879398,-6.2540921],[106.8794136,-6.2540922],[106.8794127,-6.254306],[106.8796217,-6.2543069],[106.879622,-6.2542266],[106.87978,-6.2542272],[106.8797821,-6.2536976],[106.8796611,-6.2536971],[106.8796605,-6.2538329],[106.8795073,-6.2538323],[106.8795072,-6.2538665],[106.879399,-6.2538661],[106.879398,-6.2540921]]]}, "properties": {"osm_id": 155956755, "osm_type": "ways_poly", "capacity": null, "name": "SMK Gutama", "amenity": "school", "isced_level": null}},{"type": "Feature", "geometry": {"type":"Polygon","coordinates":[[[106.8839177,-6.2783444],[106.8839318,-6.2787835],[106.883968,-6.278798],[106.8839975,-6.2788926],[106.8841027,-6.278887],[106.8841054,-6.2789509],[106.8845976,-6.2789256],[106.8845882,-6.278751],[106.8845118,-6.278751],[106.8844917,-6.2783184],[106.8839177,-6.2783444]]]}, "properties": {"osm_id": 500025514, "osm_type": "ways_poly", "capacity": null, "name": "SD Negeri Pinang Ranti 09 Pagi", "amenity": "school", "isced_level": null}},{"type": "Feature", "geometry": {"type":"Polygon","coordinates":[[[106.8761392,-6.2751775],[106.876162,-6.2751932],[106.8761433,-6.2752202],[106.8762312,-6.2752804],[106.8761731,-6.2753643],[106.8762784,-6.2754364],[106.8763407,-6.2753464],[106.8763688,-6.2753657],[106.8764405,-6.2752622],[106.8761963,-6.2750951],[106.8761392,-6.2751775]]]}, "properties": {"osm_id": 155935453, "osm_type": "ways_poly", "capacity": null, "name": "SD Negeri 01 Makasar", "amenity": "school", "isced_level": null}},{"type": "Feature", "geometry": {"type":"Polygon","coordinates":[[[106.8758762,-6.2751335],[106.8759709,-6.2752058],[106.8760312,-6.2751278],[106.8761023,-6.2751821],[106.8761848,-6.2750752],[106.8759916,-6.2749278],[106.875915,-6.2750269],[106.8759424,-6.2750478],[106.8758762,-6.2751335]]]}, "properties": {"osm_id": 155935455, "osm_type": "ways_poly", "capacity": null, "name": "SD Negeri 02 Makasar", "amenity": "school", "isced_level": null}},{"type": "Feature", "geometry": {"type":"Polygon","coordinates":[[[106.8752043,-6.2718285],[106.8754719,-6.2719865],[106.8755195,-6.2719068],[106.875391,-6.2718309],[106.8755273,-6.2716029],[106.8756795,-6.2713483],[106.8755803,-6.2712897],[106.8755622,-6.2713199],[106.8754336,-6.2712439],[106.8753722,-6.2713466],[106.8755075,-6.2714265],[106.8753074,-6.2717612],[106.8752609,-6.2717337],[106.8752043,-6.2718285]]]}, "properties": {"osm_id": 155935463, "osm_type": "ways_poly", "capacity": null, "name": "SD Negeri Makasar 08 & 09 Pagi", "amenity": "school", "isced_level": null}},{"type": "Feature", "geometry": {"type":"Polygon","coordinates":[[[106.9480012,-6.1831462],[106.9482102,-6.1831835],[106.948298,-6.1827486],[106.9480134,-6.1827116],[106.9480012,-6.1831462]]]}, "properties": {"osm_id": 492358219, "osm_type": "ways_poly", "capacity": null, "name": "Yayasan Nurul Falah MI-Mts", "amenity": "school", "isced_level": null}},{"type": "Feature", "geometry": {"type":"Polygon","coordinates":[[[106.9529202,-6.1835695],[106.9530007,-6.1836135],[106.9530433,-6.1835364],[106.9532253,-6.1836368],[106.9532763,-6.1835455],[106.9530127,-6.1834002],[106.9529202,-6.1835695]]]}, "properties": {"osm_id": 492903711, "osm_type": "ways_poly", "capacity": null, "name": "MI, MTs Amiroh", "amenity": "school", "isced_level": null}},{"type": "Feature", "geometry": {"type":"Polygon","coordinates":[[[106.9562077,-6.1275036],[106.9565152,-6.1275648],[106.9565343,-6.1274703],[106.9563128,-6.1274262],[106.9563353,-6.1273146],[106.9565778,-6.1273629],[106.9565953,-6.127276],[106.9562667,-6.1272106],[106.9562077,-6.1275036]]]}, "properties": {"osm_id": 526089501, "osm_type": "ways_poly", "capacity": null, "name": "SMK Pelayaran Jalasena", "amenity": "school", "isced_level": null}},{"type": "Feature", "geometry": {"type":"Polygon","coordinates":[[[107.0491353,-6.1886746],[107.0498756,-6.1887946],[107.0500008,-6.1880313],[107.0492605,-6.1879113],[107.0491353,-6.1886746]],[[107.0491579,-6.1886053],[107.0491861,-6.188452],[107.0492844,-6.1884698],[107.0492562,-6.1886232],[107.0491579,-6.1886053]],[[107.0491834,-6.188436],[107.0492102,-6.188288],[107.0493121,-6.1883062],[107.0492853,-6.1884542],[107.0491834,-6.188436]],[[107.0492116,-6.1882747],[107.0492652,-6.1879787],[107.0493636,-6.1879963],[107.04931,-6.1882923],[107.0492116,-6.1882747]],[[107.0492853,-6.188652],[107.0493001,-6.1885493],[107.0494377,-6.1885689],[107.0494229,-6.1886715],[107.0492853,-6.188652]],[[107.0493568,-6.1880687],[107.0493752,-6.1879613],[107.0497131,-6.1880187],[107.0496947,-6.188126],[107.0493568,-6.1880687]],[[107.0494447,-6.1886625],[107.0494637,-6.1885546],[107.04974,-6.1886026],[107.049721,-6.1887105],[107.0494447,-6.1886625]],[[107.0496702,-6.1885253],[107.0497239,-6.188212],[107.0498234,-6.1882288],[107.0497698,-6.1885422],[107.0496702,-6.1885253]],[[107.0497164,-6.1881245],[107.0497333,-6.1880253],[107.0499156,-6.188056],[107.0498988,-6.1881552],[107.0497164,-6.1881245]],[[107.0497721,-6.1887493],[107.0498218,-6.1884027],[107.0499128,-6.1884155],[107.0498632,-6.1887622],[107.0497721,-6.1887493]],[[107.0498258,-6.1883613],[107.0498499,-6.188212],[107.0499365,-6.1882258],[107.0499124,-6.1883752],[107.0498258,-6.1883613]]]}, "properties": {"osm_id": 7500040, "osm_type": "relations", "capacity": null, "name": "SMAN 01 Tambun Utara", "amenity": "school", "isced_level": null}},{"type": "Feature", "geometry": {"type":"Polygon","coordinates":[[[106.9492349,-6.1952865],[106.94949,-6.1952928],[106.9495363,-6.195294],[106.9495459,-6.1949112],[106.9492445,-6.1949037],[106.9492349,-6.1952865]],[[106.9493184,-6.1951909],[106.9493224,-6.1950353],[106.9494307,-6.1950381],[106.9494267,-6.1951937],[106.9493184,-6.1951909]]]}, "properties": {"osm_id": 7342504, "osm_type": "relations", "capacity": null, "name": "SD-SMP Harapan Bunda", "amenity": "school", "isced_level": null}},{"type": "Feature", "geometry": {"type":"Polygon","coordinates":[[[106.9882812,-6.2756912],[106.9892785,-6.276398],[106.9898818,-6.2755112],[106.9892425,-6.2751249],[106.9889313,-6.2755623],[106.9885255,-6.2753029],[106.9882812,-6.2756912]]]}, "properties": {"osm_id": 6576907, "osm_type": "relations", "capacity": null, "name": "Sekolah Islam Al-Azhar", "amenity": "school", "isced_level": null}},{"type": "Feature", "geometry": {"type":"Polygon","coordinates":[[[106.8993872,-6.3220675],[106.8995191,-6.3221031],[106.8994952,-6.3221908],[106.8996522,-6.3222331],[106.8996679,-6.3221758],[106.8996164,-6.322162],[106.8996254,-6.322129],[106.8997125,-6.3221525],[106.8997075,-6.3221709],[106.8998212,-6.3222016],[106.8998859,-6.3219644],[106.8999444,-6.3219801],[106.899975,-6.321868],[106.899907,-6.3218496],[106.9001963,-6.3207901],[106.9000831,-6.3207596],[106.8998111,-6.3217559],[106.8996329,-6.3217079],[106.8996532,-6.3216335],[106.8995372,-6.3216022],[106.899439,-6.3219619],[106.8994176,-6.3219561],[106.8993872,-6.3220675]],[[106.8995818,-6.3219791],[106.8996119,-6.3218327],[106.8997756,-6.321866],[106.8997454,-6.3220125],[106.8995818,-6.3219791]]]}, "properties": {"osm_id": 7404391, "osm_type": "relations", "capacity": null, "name": "SMK Negeri 24 Jakarta", "amenity": "school", "isced_level": null}},{"type": "Feature", "geometry": {"type":"Polygon","coordinates":[[[107.0204588,-6.3150002],[107.0208212,-6.3153554],[107.0212489,-6.3148968],[107.0208519,-6.3145232],[107.0207765,-6.3145957],[107.0208203,-6.3146529],[107.0204588,-6.3150002]]]}, "properties": {"osm_id": 12311599, "osm_type": "relations", "capacity": null, "name": "SDN Padurenan VI", "amenity": "school", "isced_level": null}},{"type": "Feature", "geometry": {"type":"Polygon","coordinates":[[[107.0268191,-6.191888],[107.0268517,-6.1919134],[107.0269118,-6.1919453],[107.0269173,-6.1919473],[107.026969,-6.1919838],[107.0269868,-6.1919916],[107.0271346,-6.1920766],[107.0271673,-6.1920938],[107.0272187,-6.1921286],[107.0273455,-6.191841],[107.0273945,-6.191723],[107.0274407,-6.1913803],[107.0269894,-6.1913027],[107.0268191,-6.191888]],[[107.0268921,-6.1916952],[107.026924,-6.1916402],[107.0270739,-6.1917422],[107.027035,-6.1917766],[107.0268921,-6.1916952]],[[107.0269264,-6.1916326],[107.0269867,-6.1915403],[107.0270785,-6.1915996],[107.0270182,-6.1916919],[107.0269264,-6.1916326]],[[107.0270751,-6.1915785],[107.0271107,-6.1914952],[107.0273756,-6.1916072],[107.0273399,-6.1916905],[107.0270751,-6.1915785]],[[107.0270835,-6.1918025],[107.0271258,-6.1917356],[107.0272596,-6.1918193],[107.0272173,-6.1918862],[107.0270835,-6.1918025]]]}, "properties": {"osm_id": 7507817, "osm_type": "relations", "capacity": null, "name": "MI ATTAQWA 05", "amenity": "school", "isced_level": null}},{"type": "Feature", "geometry": {"type":"Polygon","coordinates":[[[107.0204691,-6.183703],[107.0204919,-6.183727],[107.0205777,-6.183771],[107.0206023,-6.1837109],[107.0207574,-6.1837903],[107.0207346,-6.1838343],[107.0209006,-6.1839167],[107.0210313,-6.183564],[107.0207731,-6.1835613],[107.0205629,-6.1835163],[107.0204691,-6.183703]],[[107.0205521,-6.1836595],[107.0205997,-6.1835734],[107.0208069,-6.1836867],[107.0207593,-6.1837728],[107.0205521,-6.1836595]]]}, "properties": {"osm_id": 7507814, "osm_type": "relations", "capacity": null, "name": "MI ATTAQWA 03", "amenity": "school", "isced_level": null}},{"type": "Feature", "geometry": {"type":"Polygon","coordinates":[[[106.9695496,-6.1814526],[106.9695519,-6.1814526],[106.9695539,-6.1815715],[106.9695738,-6.1815711],[106.9697042,-6.1817219],[106.9697036,-6.1817226],[106.9697579,-6.181784],[106.9699086,-6.1816533],[106.9699131,-6.1814578],[106.9699184,-6.1814579],[106.96992,-6.1813502],[106.9695512,-6.1813449],[106.9695496,-6.1814526]],[[106.9696648,-6.1814542],[106.9697943,-6.1814561],[106.9697909,-6.1816063],[106.9697617,-6.1816452],[106.9696658,-6.1815101],[106.9696648,-6.1814542]]]}, "properties": {"osm_id": 7329354, "osm_type": "relations", "capacity": null, "name": "SD-SMP-SMA Santo Yoseph", "amenity": "school", "isced_level": null}},{"type": "Feature", "geometry": {"type":"MultiPolygon","coordinates":[[[[106.964317,-6.291951],[106.9643863,-6.2919644],[106.9644153,-6.2918171],[106.9644511,-6.2918241],[106.9644802,-6.291676],[106.9644129,-6.291663],[106.9643882,-6.2917893],[106.9643502,-6.2917819],[106.964317,-6.291951]]],[[[106.9644064,-6.2919689],[106.9646649,-6.292039],[106.964691,-6.2919439],[106.9644325,-6.2918739],[106.9644064,-6.2919689]]],[[[106.9645937,-6.2915413],[106.9646177,-6.2916167],[106.9647029,-6.2915899],[106.9647097,-6.291611],[106.9648858,-6.2915557],[106.964855,-6.2914592],[106.9645937,-6.2915413]]],[[[106.9645989,-6.2918929],[106.9646787,-6.2919108],[106.9647289,-6.2916897],[106.9647398,-6.2916921],[106.9649818,-6.2917464],[106.9650019,-6.2916578],[106.9647483,-6.2916009],[106.9647419,-6.2916289],[106.9646629,-6.2916112],[106.9645989,-6.2918929]]],[[[106.9648048,-6.2920203],[106.9649777,-6.2920622],[106.9649999,-6.2919718],[106.964827,-6.2919298],[106.9648048,-6.2920203]]],[[[106.9649241,-6.2916],[106.9650019,-6.2916151],[106.965005,-6.2915993],[106.9651181,-6.2916213],[106.9651314,-6.2915538],[106.9650199,-6.2915321],[106.9650361,-6.2914497],[106.9649567,-6.2914342],[106.9649241,-6.2916]]],[[[106.9649842,-6.2921049],[106.9650957,-6.2921362],[106.9651262,-6.2920286],[106.9650148,-6.2919974],[106.9649842,-6.2921049]]],[[[106.9650404,-6.2919835],[106.9651378,-6.2920093],[106.9652036,-6.2917638],[106.9651062,-6.291738],[106.9650404,-6.2919835]]],[[[106.9650787,-6.2915366],[106.9652664,-6.2915859],[106.9652952,-6.2914776],[106.9651075,-6.2914282],[106.9650787,-6.2915366]]],[[[106.9651642,-6.2917279],[106.9652558,-6.2917476],[106.9652778,-6.2916467],[106.9651862,-6.291627],[106.9651642,-6.2917279]]]]}, "properties": {"osm_id": 4100959, "osm_type": "relations", "capacity": null, "name": "SMP 9 Bekasi", "amenity": "school", "isced_level": null}},{"type": "Feature", "geometry": {"type":"MultiPolygon","coordinates":[[[[107.0352586,-6.1687644],[107.0352754,-6.1688837],[107.0352674,-6.169057],[107.0353022,-6.1694277],[107.035295,-6.1695801],[107.0355215,-6.1696037],[107.0357036,-6.1689156],[107.0352586,-6.1687644]]],[[[107.035583,-6.1688351],[107.0365517,-6.1691474],[107.036676,-6.1687663],[107.0357073,-6.168454],[107.035583,-6.1688351]]]]}, "properties": {"osm_id": 7499935, "osm_type": "relations", "capacity": null, "name": "SMPN 2 Babelan", "amenity": "school", "isced_level": null}},{"type": "Feature", "geometry": {"type":"Polygon","coordinates":[[[107.0199747,-6.2341879],[107.0203943,-6.23438],[107.0206531,-6.2338214],[107.0202336,-6.2336293],[107.0199747,-6.2341879]],[[107.0201651,-6.2341566],[107.0203328,-6.2337946],[107.0205408,-6.2338898],[107.020373,-6.2342519],[107.0201651,-6.2341566]]]}, "properties": {"osm_id": 8911706, "osm_type": "relations", "capacity": null, "name": "SMA PGRI 1 Bekasi", "amenity": "school", "isced_level": null}},{"type": "Feature", "geometry": {"type":"Polygon","coordinates":[[[107.0473776,-6.1877673],[107.0479814,-6.1879488],[107.048153,-6.1871301],[107.047769,-6.1870593],[107.0475305,-6.1870154],[107.0473776,-6.1877673]],[[107.0473898,-6.1877638],[107.0474078,-6.1876853],[107.0475384,-6.1877149],[107.0475204,-6.1877933],[107.0473898,-6.1877638]],[[107.0474129,-6.1876685],[107.0474976,-6.1872987],[107.0476132,-6.1873249],[107.0475285,-6.1876947],[107.0474129,-6.1876685]],[[107.0475092,-6.1872851],[107.0475379,-6.18716],[107.0476215,-6.187179],[107.0475928,-6.187304],[107.0475092,-6.1872851]],[[107.0475258,-6.1871387],[107.0475499,-6.1870334],[107.0476466,-6.1870553],[107.0476224,-6.1871606],[107.0475258,-6.1871387]],[[107.0475583,-6.1878074],[107.0475808,-6.1877093],[107.0477307,-6.1877433],[107.0477082,-6.1878413],[107.0475583,-6.1878074]],[[107.0475724,-6.1876641],[107.0475928,-6.1875747],[107.0478279,-6.1876279],[107.0478074,-6.1877173],[107.0475724,-6.1876641]],[[107.0476458,-6.1872182],[107.047668,-6.1871214],[107.0479114,-6.1871765],[107.0478892,-6.1872734],[107.0476458,-6.1872182]],[[107.0477408,-6.1878631],[107.0477632,-6.1877653],[107.0479438,-6.1878063],[107.0479214,-6.187904],[107.0477408,-6.1878631]],[[107.0477583,-6.1875761],[107.0478262,-6.18728],[107.0479316,-6.1873039],[107.0478638,-6.1876],[107.0477583,-6.1875761]],[[107.047911,-6.1876477],[107.0479509,-6.1874734],[107.0480405,-6.1874936],[107.0480005,-6.187668],[107.047911,-6.1876477]],[[107.0479489,-6.1874357],[107.0479858,-6.1872747],[107.0480871,-6.1872976],[107.0480502,-6.1874587],[107.0479489,-6.1874357]],[[107.0479729,-6.187258],[107.0480072,-6.187108],[107.0481046,-6.1871301],[107.0480703,-6.18728],[107.0479729,-6.187258]]]}, "properties": {"osm_id": 7500039, "osm_type": "relations", "capacity": null, "name": "SMPN 01 Tambun Utara", "amenity": "school", "isced_level": null}},{"type": "Feature", "geometry": {"type":"Polygon","coordinates":[[[107.0157869,-6.189681],[107.0159385,-6.1897597],[107.0160498,-6.189789],[107.0162348,-6.189401],[107.0159935,-6.1892943],[107.0157869,-6.189681]],[[107.0158154,-6.1896727],[107.0158842,-6.1895432],[107.0160216,-6.1896153],[107.0159528,-6.1897448],[107.0158154,-6.1896727]],[[107.0159036,-6.1895083],[107.0159926,-6.1893417],[107.0160436,-6.1893686],[107.0159545,-6.1895352],[107.0159036,-6.1895083]],[[107.016028,-6.1894195],[107.0160585,-6.1893557],[107.0161986,-6.1894217],[107.0161682,-6.1894856],[107.016028,-6.1894195]],[[107.0160652,-6.1896199],[107.0161323,-6.1894943],[107.0161744,-6.1895166],[107.0161073,-6.1896422],[107.0160652,-6.1896199]]]}, "properties": {"osm_id": 7507815, "osm_type": "relations", "capacity": null, "name": "MI ATTAQWA 04", "amenity": "school", "isced_level": null}},{"type": "Feature", "geometry": {"type":"Polygon","coordinates":[[[106.9720475,-6.1239439],[106.9723342,-6.1239638],[106.9723521,-6.1237091],[106.9720654,-6.1236892],[106.9720475,-6.1239439]],[[106.9720643,-6.1237934],[106.9720739,-6.1236956],[106.9723428,-6.1237216],[106.9723332,-6.1238194],[106.9720643,-6.1237934]],[[106.9720974,-6.1239396],[106.9721055,-6.123815],[106.9721969,-6.1238208],[106.9721889,-6.1239455],[106.9720974,-6.1239396]]]}, "properties": {"osm_id": 7507827, "osm_type": "relations", "capacity": null, "name": "MI At- Taqwa", "amenity": "school", "isced_level": null}},{"type": "Feature", "geometry": {"type":"Polygon","coordinates":[[[106.9713666,-6.1498013],[106.9718887,-6.1498526],[106.9718969,-6.1497697],[106.9717699,-6.1497573],[106.9717802,-6.1496533],[106.9718424,-6.1496594],[106.9718522,-6.1495606],[106.9713949,-6.1495157],[106.9713666,-6.1498013]],[[106.9714867,-6.1496999],[106.9714934,-6.1496288],[106.9716798,-6.1496453],[106.9716717,-6.1497199],[106.9714867,-6.1496999]]]}, "properties": {"osm_id": 7030318, "osm_type": "relations", "capacity": null, "name": "MI At Taqwa 20", "amenity": "school", "isced_level": null}}]}